sym,tf,group,cond,h,win,n,mean_pips,t
EURUSD,15min,hour,h00,1,is,2172,-0.010678179809580753,-0.11563698419849935
EURUSD,15min,hour,h00,1,oos,1301,0.20885042346902402,2.2557183142278414
EURUSD,15min,hour,h01,1,is,2084,-0.08563187418537012,-1.0829758346894864
EURUSD,15min,hour,h01,1,oos,1248,-0.1454000975798949,-1.5562383388950818
EURUSD,15min,hour,h02,1,is,2084,0.03807254040195407,0.5599598931775752
EURUSD,15min,hour,h02,1,oos,1248,0.03428740242012053,0.4766421901230695
EURUSD,15min,hour,h03,1,is,2084,-0.023155866507834272,-0.3671526492866634
EURUSD,15min,hour,h03,1,oos,1248,-0.12897381552860301,-2.1902477612046583
EURUSD,15min,hour,h04,1,is,2084,-0.03548792025065022,-0.6644879995540957
EURUSD,15min,hour,h04,1,oos,1248,0.022147979343185558,0.35966904361954555
EURUSD,15min,hour,h05,1,is,2084,-0.011879474953125002,-0.1762086150329628
EURUSD,15min,hour,h05,1,oos,1248,-0.022763879631195465,-0.3046878755188252
EURUSD,15min,hour,h06,1,is,2084,0.05105238685107628,0.5403006416183368
EURUSD,15min,hour,h06,1,oos,1248,0.09382265883039687,0.9078666295673791
EURUSD,15min,hour,h07,1,is,2084,-0.08335260355194724,-0.6464414740495876
EURUSD,15min,hour,h07,1,oos,1248,-0.06983920014400066,-0.5307586630516622
EURUSD,15min,hour,h08,1,is,2084,0.20182014116968366,1.7406271766191186
EURUSD,15min,hour,h08,1,oos,1248,0.021787402420116748,0.17402470125882777
EURUSD,15min,hour,h09,1,is,2084,-0.0651904154521789,-0.5753574738530088
EURUSD,15min,hour,h09,1,oos,1248,-0.11463086681068499,-1.0081708296157654
EURUSD,15min,hour,h10,1,is,2084,-0.05518561698770403,-0.5519918926356905
EURUSD,15min,hour,h10,1,oos,1248,-0.08506355911832056,-0.8292598876953479
EURUSD,15min,hour,h11,1,is,2084,-0.00602534827363366,-0.06023491014303116
EURUSD,15min,hour,h11,1,oos,1248,-0.0019706104004359446,-0.01576205465478913
EURUSD,15min,hour,h12,1,is,2084,-0.01641402389750102,-0.10014525747236686
EURUSD,15min,hour,h12,1,oos,1248,0.28376656908676495,1.7427710404681223
EURUSD,15min,hour,h13,1,is,2084,0.02367714692786098,0.14194635874829253
EURUSD,15min,hour,h13,1,oos,1248,0.05708387677909277,0.3321854843476026
EURUSD,15min,hour,h14,1,is,2084,0.09500632159198395,0.6319588426524743
EURUSD,15min,hour,h14,1,oos,1248,0.1665790690867854,1.076232811238529
EURUSD,15min,hour,h15,1,is,2084,-0.19995529069209958,-1.3209262971626645
EURUSD,15min,hour,h15,1,oos,1248,-0.23963086681064993,-1.5657259456948365
EURUSD,15min,hour,h16,1,is,2084,-0.11008005076888713,-1.0622992958586517
EURUSD,15min,hour,h16,1,oos,1248,0.026675222932933798,0.22530516593493663
EURUSD,15min,hour,h17,1,is,2084,0.043206897407744804,0.42940550335787026
EURUSD,15min,hour,h17,1,oos,1248,-0.07532798219528486,-0.6278068340995802
EURUSD,15min,hour,h18,1,is,2084,0.008729930037258601,0.08869238404517105
EURUSD,15min,hour,h18,1,oos,1248,-0.08474304629782699,-0.7138518058867219
EURUSD,15min,hour,h19,1,is,2084,-0.09311747879190885,-1.0574731477491575
EURUSD,15min,hour,h19,1,oos,1248,-0.004254264246597643,-0.040997122947203306
EURUSD,15min,hour,h20,1,is,2084,0.08816850969176321,0.9327465961624968
EURUSD,15min,hour,h20,1,oos,1248,-0.11671420014395363,-0.8675881843770543
EURUSD,15min,hour,h21,1,is,2084,0.06878271314669046,0.7313639357343438
EURUSD,15min,hour,h21,1,oos,1248,0.2288787485739676,2.7302652052667624
EURUSD,15min,hour,h22,1,is,2084,0.17053415268603428,2.6633148208364985
EURUSD,15min,hour,h22,1,oos,1248,0.015256953702136061,0.22158817175298196
EURUSD,15min,hour,h23,1,is,2084,0.0075543062368797756,0.10447114221009575
EURUSD,15min,hour,h23,1,oos,1248,-0.07869336681068077,-1.0929168107331495
EURUSD,15min,dow,dow0,1,is,8352,0.007293596560534281,0.13743101736367383
EURUSD,15min,dow,dow0,1,oos,4993,0.09186180466016904,1.530707630922492
EURUSD,15min,dow,dow1,1,is,8352,-0.034474842136786206,-0.6661410326490221
EURUSD,15min,dow,dow1,1,oos,4992,0.05446969408677699,0.9138961132195834
EURUSD,15min,dow,dow2,1,is,8352,0.0009537977099597399,0.01611868817212112
EURUSD,15min,dow,dow2,1,oos,4992,-0.06410001745168563,-1.0095552618817485
EURUSD,15min,dow,dow3,1,is,8352,0.03338914253754415,0.576294473031738
EURUSD,15min,dow,dow3,1,oos,4992,-0.010434152067067352,-0.17120606636923363
EURUSD,15min,dow,dow4,1,is,8352,-0.001967658228739437,-0.03290758391186478
EURUSD,15min,dow,dow4,1,oos,4992,-0.03522381552861032,-0.6092281790752583
EURUSD,15min,vol,vol_low,1,is,15682,-0.029525734794539474,-1.5177764942438896
EURUSD,15min,vol,vol_low,1,oos,9565,-0.003167586723005222,-0.1411156807319779
EURUSD,15min,vol,vol_mid,1,is,16863,0.026835638078674444,0.8588896787633066
EURUSD,15min,vol,vol_mid,1,oos,10158,-0.01693288435650974,-0.4743232155311201
EURUSD,15min,vol,vol_high,1,is,17060,0.006628714501281017,0.12762431052695855
EURUSD,15min,vol,vol_high,1,oos,10282,0.01967537505339137,0.365581840004121
EURUSD,15min,z50,z<-2,1,is,3402,0.1269036699960689,1.1153782252617812
EURUSD,15min,z50,z<-2,1,oos,2189,0.23169258831460798,2.0537934510135942
EURUSD,15min,z50,z-2..-1,1,is,7673,0.08723221501439377,1.559103188948492
EURUSD,15min,z50,z-2..-1,1,oos,5013,0.07828277406920478,1.326490437241651
EURUSD,15min,z50,z-1..1,1,is,25336,-0.031128306170214264,-1.2157456235001118
EURUSD,15min,z50,z-1..1,1,oos,15674,-0.04671583297215741,-1.738082161262394
EURUSD,15min,z50,z1..2,1,is,8040,0.06127417856429603,1.0114907279312384
EURUSD,15min,z50,z1..2,1,oos,4660,0.025874353559086648,0.4229742671494081
EURUSD,15min,z50,z>2,1,is,3735,-0.15284421041447047,-1.4878631818996408
EURUSD,15min,z50,z>2,1,oos,1993,-0.04757519841357228,-0.3687902423210231
EURUSD,15min,mom4,mom4-,1,is,20426,0.04658165847114682,1.2763753097839508
EURUSD,15min,mom4,mom4-,1,oos,12477,0.03883120532515709,1.0083430488810126
EURUSD,15min,mom4,mom4+,1,is,21269,-0.027768448876325638,-0.7832938292088258
EURUSD,15min,mom4,mom4+,1,oos,12446,-0.028736514748223644,-0.7430904649766545
EURUSD,15min,mom24,mom24-,1,is,21189,0.030790775989192175,0.8913353485310505
EURUSD,15min,mom24,mom24-,1,oos,13336,0.02371120035282755,0.6667565910982386
EURUSD,15min,mom24,mom24+,1,is,22387,-0.013310930408631615,-0.3876149437715214
EURUSD,15min,mom24,mom24+,1,oos,12729,-0.01439445744560979,-0.3754982178507724
EURUSD,15min,hour,h00,2,is,2172,0.027377526200353844,0.2218762315761258
EURUSD,15min,hour,h00,2,oos,1301,0.34520230358739484,2.7500490880765347
EURUSD,15min,hour,h01,2,is,2084,-0.10252574453198397,-0.9159257347493607
EURUSD,15min,hour,h01,2,oos,1248,-0.19727941042947345,-1.5622357773121351
EURUSD,15min,hour,h02,2,is,2084,0.05961437063116909,0.6414683532745192
EURUSD,15min,hour,h02,2,oos,1248,-0.07432267966020227,-0.7682741374279572
EURUSD,15min,hour,h03,2,is,2084,-0.104781022842935,-1.2062369232242411
EURUSD,15min,hour,h03,2,oos,1248,-0.13886594889099402,-1.6337203174991017
EURUSD,15min,hour,h04,2,is,2084,-0.12987699213277537,-1.6812524295843767
EURUSD,15min,hour,h04,2,oos,1248,0.030004243416689017,0.3391874290534561
EURUSD,15min,hour,h05,2,is,2084,0.018419552972835415,0.18672436024451058
EURUSD,15min,hour,h05,2,oos,1248,-0.0563338976089501,-0.5066378367801513
EURUSD,15min,hour,h06,2,is,2084,0.19984949539122157,1.3656225772183859
EURUSD,15min,hour,h06,2,oos,1248,0.216502640852609,1.4125451543178813
EURUSD,15min,hour,h07,2,is,2084,-0.14607180979106665,-0.7922727343672924
EURUSD,15min,hour,h07,2,oos,1248,-0.18954703863461697,-1.0320476700536945
EURUSD,15min,hour,h08,2,is,2084,0.36945122283843085,2.1933749792449553
EURUSD,15min,hour,h08,2,oos,1248,0.06389847418594069,0.3672978195965369
EURUSD,15min,hour,h09,2,is,2084,-0.15921960249744638,-1.080921464117004
EURUSD,15min,hour,h09,2,oos,1248,-0.2169909488910005,-1.4263159873585864
EURUSD,15min,hour,h10,2,is,2084,-0.05350942975274168,-0.394060818837616
EURUSD,15min,hour,h10,2,oos,1248,-0.11731146171148829,-0.7821598557905634
EURUSD,15min,hour,h11,2,is,2084,-0.13748255835152115,-0.9811680477807251
EURUSD,15min,hour,h11,2,oos,1248,-0.052848320685901916,-0.31691763799565903
EURUSD,15min,hour,h12,2,is,2084,0.15995026314551006,0.6748099129799825
EURUSD,15min,hour,h12,2,oos,1248,0.5818872562372055,2.450169675009386
EURUSD,15min,hour,h13,2,is,2084,-0.0671850535530905,-0.28586354316953805
EURUSD,15min,hour,h13,2,oos,1248,0.13569334598078106,0.5753285458484789
EURUSD,15min,hour,h14,2,is,2084,0.09718634759853104,0.46478747893294187
EURUSD,15min,hour,h14,2,oos,1248,0.19090167931413451,0.8750382172066425
EURUSD,15min,hour,h15,2,is,2084,-0.42651806698880007,-2.0627839435237436
EURUSD,15min,hour,h15,2,oos,1248,-0.40356947453195335,-1.9433247274985228
EURUSD,15min,hour,h16,2,is,2084,-0.1165372608467943,-0.8043974630227475
EURUSD,15min,hour,h16,2,oos,1248,-0.03978742324998653,-0.24721810875339684
EURUSD,15min,hour,h17,2,is,2084,0.1005452727425368,0.7613933972323957
EURUSD,15min,hour,h17,2,oos,1248,-0.016109538634615832,-0.09661004217825664
EURUSD,15min,hour,h18,2,is,2084,-0.0494307349350769,-0.34611449455386456
EURUSD,15min,hour,h18,2,oos,1248,-0.1759653078653345,-1.0356506088142503
EURUSD,15min,hour,h19,2,is,2084,-0.09420040863947676,-0.7796657347913064
EURUSD,15min,hour,h19,2,oos,1248,0.031005845980746478,0.21145410115241903
EURUSD,15min,hour,h20,2,is,2084,0.05776696180198017,0.4632521603423375
EURUSD,15min,hour,h20,2,oos,1248,-0.1683130642755622,-0.9312825390777484
EURUSD,15min,hour,h21,2,is,2084,0.24665851650449067,1.85201344038667
EURUSD,15min,hour,h21,2,oos,1248,0.241622833160288,2.101794821535442
EURUSD,15min,hour,h22,2,is,2084,0.25923049347186694,2.9367322699301344
EURUSD,15min,hour,h22,2,oos,1248,0.1411019998269473,1.4119430786219132
EURUSD,15min,hour,h23,2,is,2084,-0.009867395203753336,-0.0865965392859605
EURUSD,15min,hour,h23,2,oos,1248,-0.14523614119872094,-1.2716477643465602
EURUSD,15min,dow,dow0,2,is,8352,0.004715306147889617,0.06191583545666393
EURUSD,15min,dow,dow0,2,oos,4993,0.16136351498663817,1.9005528019029467
EURUSD,15min,dow,dow1,2,is,8352,-0.0710988700973246,-1.001333868234655
EURUSD,15min,dow,dow1,2,oos,4992,0.11771457995515669,1.416339636880232
EURUSD,15min,dow,dow2,2,is,8352,0.0047811586383094,0.0572507753104308
EURUSD,15min,dow,dow2,2,oos,4992,-0.12905024376279003,-1.473908803679957
EURUSD,15min,dow,dow3,2,is,8352,0.0551403540406021,0.6872332214694491
EURUSD,15min,dow,dow3,2,oos,4992,-0.028248961711507665,-0.33031467786362145
EURUSD,15min,dow,dow4,2,is,8352,0.007834319557847826,0.09271507281521008
EURUSD,15min,dow,dow4,2,oos,4992,-0.06331506748074221,-0.785959866067532
EURUSD,15min,vol,vol_low,2,is,15682,-0.024435349196281448,-0.874703992539332
EURUSD,15min,vol,vol_low,2,oos,9565,-0.019572044666193594,-0.6147198739907482
EURUSD,15min,vol,vol_mid,2,is,16863,0.05130514913371786,1.1339259256464216
EURUSD,15min,vol,vol_mid,2,oos,10158,-0.023330992547382166,-0.4604464866438443
EURUSD,15min,vol,vol_high,2,is,17060,-0.0162238136703783,-0.22549735095540144
EURUSD,15min,vol,vol_high,2,oos,10282,0.041256840063066756,0.5533847783004934
EURUSD,15min,z50,z<-2,2,is,3402,0.18752280148534223,1.2283512322129637
EURUSD,15min,z50,z<-2,2,oos,2189,0.46120991483905677,2.856157304147578
EURUSD,15min,z50,z-2..-1,2,is,7673,0.22797674594175388,2.8871771400887827
EURUSD,15min,z50,z-2..-1,2,oos,5013,0.014138235422102663,0.17357843517515445
EURUSD,15min,z50,z-1..1,2,is,25336,-0.08086452203415184,-2.184222064418672
EURUSD,15min,z50,z-1..1,2,oos,15674,-0.05739614077335237,-1.5248779490972997
EURUSD,15min,z50,z1..2,2,is,8040,0.14045880488981563,1.6556561337235982
EURUSD,15min,z50,z1..2,2,oos,4660,-0.006446799281681714,-0.07241655015574514
EURUSD,15min,z50,z>2,2,is,3735,-0.2799588358222847,-2.014517555008822
EURUSD,15min,z50,z>2,2,oos,1993,0.11088632911408645,0.6555011988409625
EURUSD,15min,mom4,mom4-,2,is,20426,0.10194624066696376,1.9761020991068894
EURUSD,15min,mom4,mom4-,2,oos,12477,0.07672777240233641,1.4053003297938502
EURUSD,15min,mom4,mom4+,2,is,21269,-0.06400226989051035,-1.293018094880064
EURUSD,15min,mom4,mom4+,2,oos,12446,-0.05222801275046062,-0.9794182955539553
EURUSD,15min,mom24,mom24-,2,is,21189,0.05586396266316616,1.141913814146941
EURUSD,15min,mom24,mom24-,2,oos,13336,0.01872856585990053,0.3771317772951226
EURUSD,15min,mom24,mom24+,2,is,22387,-0.023130995582967374,-0.4828982410963042
EURUSD,15min,mom24,mom24+,2,oos,12729,0.002875945375274705,0.05352736143439273
EURUSD,15min,hour,h00,4,is,2172,0.021375678551769663,0.13043828925358494
EURUSD,15min,hour,h00,4,oos,1301,0.35614973727799143,2.031306692307099
EURUSD,15min,hour,h01,4,is,2084,-0.07426933935185343,-0.4785926910119552
EURUSD,15min,hour,h01,4,oos,1248,-0.1268673637193356,-0.7943177334170883
EURUSD,15min,hour,h02,4,is,2084,0.026018568517588565,0.199289712938082
EURUSD,15min,hour,h02,4,oos,1248,-0.3326766585910465,-2.6130920794527506
EURUSD,15min,hour,h03,4,is,2084,-0.22525302457262794,-2.026263883144412
EURUSD,15min,hour,h03,4,oos,1248,-0.22101800474494399,-1.8668367635790115
EURUSD,15min,hour,h04,4,is,2084,-0.31457644107933425,-2.7132006931492203
EURUSD,15min,hour,h04,4,oos,1248,0.1372352003832524,1.0250210882001014
EURUSD,15min,hour,h05,4,is,2084,0.23717499846004883,1.5268575720424746
EURUSD,15min,hour,h05,4,oos,1248,-0.020136594488536153,-0.11824191485977512
EURUSD,15min,hour,h06,4,is,2084,0.30512125565768244,1.2868218094267645
EURUSD,15min,hour,h06,4,oos,1248,0.3194868029474529,1.4319690503247648
EURUSD,15min,hour,h07,4,is,2084,-0.041063965071626046,-0.15949422461683752
EURUSD,15min,hour,h07,4,oos,1248,-0.2821558252577967,-1.095109127875037
EURUSD,15min,hour,h08,4,is,2084,0.5152700080569605,2.2723198365431996
EURUSD,15min,hour,h08,4,oos,1248,0.060832956793456565,0.26106559506210153
EURUSD,15min,hour,h09,4,is,2084,-0.34039218004289545,-1.6970136983776538
EURUSD,15min,hour,h09,4,oos,1248,-0.5158497355141386,-2.481759374032864
EURUSD,15min,hour,h10,4,is,2084,-0.2487175159353953,-1.33014038498035
EURUSD,15min,hour,h10,4,oos,1248,-0.15843787653977415,-0.7147939918291915
EURUSD,15min,hour,h11,4,is,2084,-0.09173575010038333,-0.37088703764142156
EURUSD,15min,hour,h11,4,oos,1248,0.17782013628065893,0.6542880134014135
EURUSD,15min,hour,h12,4,is,2084,0.15603296391100027,0.48738500938621493
EURUSD,15min,hour,h12,4,oos,1248,1.0224114824345563,3.188501677813615
EURUSD,15min,hour,h13,4,is,2084,0.07848977773064636,0.2371284228510647
EURUSD,15min,hour,h13,4,oos,1248,0.3208089183320005,1.0361999422381072
EURUSD,15min,hour,h14,4,is,2084,0.1549293170780701,0.5130538758453136
EURUSD,15min,hour,h14,4,oos,1248,-0.31444749192442756,-1.030091496122813
EURUSD,15min,hour,h15,4,is,2084,-1.0280361339775972,-4.183583711333759
EURUSD,15min,hour,h15,4,oos,1248,-0.4009859534628335,-1.5113149389441007
EURUSD,15min,hour,h16,4,is,2084,-0.13888066372810653,-0.6946560902590081
EURUSD,15min,hour,h16,4,oos,1248,-0.005513197052623095,-0.024832383021115467
EURUSD,15min,hour,h17,4,is,2084,0.2593678967326192,1.4129901246282746
EURUSD,15min,hour,h17,4,oos,1248,-0.09285294064242276,-0.40847851194595813
EURUSD,15min,hour,h18,4,is,2084,-0.08053133551314531,-0.4007600860804455
EURUSD,15min,hour,h18,4,oos,1248,-0.40875838936032566,-1.74267162806587
EURUSD,15min,hour,h19,4,is,2084,-0.23302653704860768,-1.489482904251664
EURUSD,15min,hour,h19,4,oos,1248,0.16075282858840484,0.8941701442147718
EURUSD,15min,hour,h20,4,is,2084,0.09897922110874828,0.6359806087618216
EURUSD,15min,hour,h20,4,oos,1248,-0.11617024833462344,-0.47664220223878695
EURUSD,15min,hour,h21,4,is,2084,0.7006346913583297,3.5915784506420763
EURUSD,15min,hour,h21,4,oos,1248,0.2294627644857998,1.465389305957879
EURUSD,15min,hour,h22,4,is,2084,0.4119830598803643,3.130312137548318
EURUSD,15min,hour,h22,4,oos,1248,0.27725923884483467,1.7606958970633884
EURUSD,15min,hour,h23,4,is,2084,-0.14979717044593893,-0.8578616673115019
EURUSD,15min,hour,h23,4,oos,1248,-0.08147473551421432,-0.47049409462049085
EURUSD,15min,dow,dow0,4,is,8352,-0.02223246241686678,-0.20400443251732106
EURUSD,15min,dow,dow0,4,oos,4993,0.25815980733299787,2.226932482068132
EURUSD,15min,dow,dow1,4,is,8352,-0.11937087237855883,-1.1968431995223674
EURUSD,15min,dow,dow1,4,oos,4992,0.25341108179352756,2.161700797184918
EURUSD,15min,dow,dow2,4,is,8352,0.016877930303436806,0.14477189126647363
EURUSD,15min,dow,dow2,4,oos,4992,-0.2513365143603204,-2.110005241048165
EURUSD,15min,dow,dow3,4,is,8352,0.08751370616549872,0.7850552658578641
EURUSD,15min,dow,dow3,4,oos,4992,-0.08680326115519119,-0.7323839118524588
EURUSD,15min,dow,dow4,4,is,8352,0.027587939881981324,0.23327085808799128
EURUSD,15min,dow,dow4,4,oos,4992,-0.10881848551416834,-0.9721567658006726
EURUSD,15min,vol,vol_low,4,is,15682,-0.09522320445046265,-2.3875940649290732
EURUSD,15min,vol,vol_low,4,oos,9565,-0.06455567128427371,-1.4273050600396835
EURUSD,15min,vol,vol_mid,4,is,16863,0.07035328587343521,1.0604759071722998
EURUSD,15min,vol,vol_mid,4,oos,10158,0.03968370156461357,0.5381466471502595
EURUSD,15min,vol,vol_high,4,is,17060,0.04204533866158867,0.4251667133125863
EURUSD,15min,vol,vol_high,4,oos,10282,0.020848857745646043,0.20787419138116128
EURUSD,15min,z50,z<-2,4,is,3402,0.4364212643462934,2.0253154902263297
EURUSD,15min,z50,z<-2,4,oos,2189,0.7892887922059966,3.511436271551946
EURUSD,15min,z50,z-2..-1,4,is,7673,0.4729351157594445,4.276901431595906
EURUSD,15min,z50,z-2..-1,4,oos,5013,0.007414297231468666,0.06635514129016234
EURUSD,15min,z50,z-1..1,4,is,25336,-0.23862555496188376,-4.566774381068913
EURUSD,15min,z50,z-1..1,4,oos,15674,-0.14232071227463347,-2.6996712750418688
EURUSD,15min,z50,z1..2,4,is,8040,0.25930069435673114,2.1763900875919733
EURUSD,15min,z50,z1..2,4,oos,4660,0.054967228280253605,0.4393646867436039
EURUSD,15min,z50,z>2,4,is,3735,-0.09930187512516707,-0.5194745220648781
EURUSD,15min,z50,z>2,4,oos,1993,0.4566476752954855,2.0580941596207762
EURUSD,15min,mom4,mom4-,4,is,20426,0.1651134741861743,2.2939866921729446
EURUSD,15min,mom4,mom4-,4,oos,12477,0.05580699748994082,0.7368363346433341
EURUSD,15min,mom4,mom4+,4,is,21269,-0.09860024244686834,-1.4058613083314861
EURUSD,15min,mom4,mom4+,4,oos,12446,-0.014765693478208372,-0.20048223788152678
EURUSD,15min,mom24,mom24-,4,is,21189,0.09768526168010004,1.4219355237793
EURUSD,15min,mom24,mom24-,4,oos,13336,0.005181923538641914,0.0752821729170071
EURUSD,15min,mom24,mom24+,4,is,22387,-0.035977004343224143,-0.5343742781793208
EURUSD,15min,mom24,mom24+,4,oos,12729,0.037970848313189254,0.511225660534835
EURUSD,15min,hour,h00,8,is,2172,-0.051977003854064355,-0.23953893328007206
EURUSD,15min,hour,h00,8,oos,1301,0.23470470012618772,1.030043225702952
EURUSD,15min,hour,h01,8,is,2084,-0.04825077083426476,-0.23507671040891237
EURUSD,15min,hour,h01,8,oos,1248,-0.45992895815440793,-2.3005874618841284
EURUSD,15min,hour,h02,8,is,2084,-0.19923445605503942,-1.181369511340755
EURUSD,15min,hour,h02,8,oos,1248,-0.5540795991800161,-3.2172543597726637
EURUSD,15min,hour,h03,8,is,2084,-0.5398294656519621,-3.4102359201493737
EURUSD,15min,hour,h03,8,oos,1248,-0.08416774020571732,-0.44960331207202087
EURUSD,15min,hour,h04,8,is,2084,-0.0774014426192854,-0.4097234760635961
EURUSD,15min,hour,h04,8,oos,1248,0.11671367005069044,0.524618456504807
EURUSD,15min,hour,h05,8,is,2084,0.5422962541177313,1.995967129185693
EURUSD,15min,hour,h05,8,oos,1248,0.2989652726148911,1.0692835324301415
EURUSD,15min,hour,h06,8,is,2084,0.2640572905860563,0.722455340706794
EURUSD,15min,hour,h06,8,oos,1248,0.03694604184563014,0.10393875832597814
EURUSD,15min,hour,h07,8,is,2084,0.47420604298533464,1.3525255295507104
EURUSD,15min,hour,h07,8,oos,1248,-0.22170780430836629,-0.6467011790627786
EURUSD,15min,hour,h08,8,is,2084,0.17487782801406518,0.5940168760450208
EURUSD,15min,hour,h08,8,oos,1248,-0.45540171456470785,-1.4469036097841643
EURUSD,15min,hour,h09,8,is,2084,-0.589109695978291,-2.17995049475988
EURUSD,15min,hour,h09,8,oos,1248,-0.6746725478979386,-2.3015175159453194
EURUSD,15min,hour,h10,8,is,2084,-0.3404532660357788,-1.1122175592326664
EURUSD,15min,hour,h10,8,oos,1248,0.01899732389685865,0.05421278861445668
EURUSD,15min,hour,h11,8,is,2084,0.0642972138106169,0.15984461034834416
EURUSD,15min,hour,h11,8,oos,1248,1.1998466828711893,2.783119244944317
EURUSD,15min,hour,h12,8,is,2084,0.2345227416416464,0.5216047731361663
EURUSD,15min,hour,h12,8,oos,1248,1.3428354649225305,3.0388570878264605
EURUSD,15min,hour,h13,8,is,2084,0.23341909480871614,0.5069134160648989
EURUSD,15min,hour,h13,8,oos,1248,0.005976490563546768,0.014003082512260958
EURUSD,15min,hour,h14,8,is,2084,-0.873106816899527,-2.3239358373635985
EURUSD,15min,hour,h14,8,oos,1248,-0.7158183812312874,-1.8233363381326388
EURUSD,15min,hour,h15,8,is,2084,-1.1669167977057033,-3.6271266907593125
EURUSD,15min,hour,h15,8,oos,1248,-0.40688408635948253,-1.2245893152032687
EURUSD,15min,hour,h16,8,is,2084,0.1204872330045125,0.45420714219711905
EURUSD,15min,hour,h16,8,oos,1248,-0.0987510735390718,-0.3093711296149568
EURUSD,15min,hour,h17,8,is,2084,0.17883656121947397,0.6985238516665214
EURUSD,15min,hour,h17,8,oos,1248,-0.5019962658467741,-1.4645255285547132
EURUSD,15min,hour,h18,8,is,2084,-0.3135578725617528,-1.1933252029219863
EURUSD,15min,hour,h18,8,oos,1248,-0.24839049661594656,-0.8686635198398773
EURUSD,15min,hour,h19,8,is,2084,-0.13404731593985944,-0.6397062066988815
EURUSD,15min,hour,h19,8,oos,1248,0.044197644409755536,0.14692121843816552
EURUSD,15min,hour,h20,8,is,2084,0.7996139124670778,3.5086079660710023
EURUSD,15min,hour,h20,8,oos,1248,0.11290758030715062,0.3932021560214456
EURUSD,15min,hour,h21,8,is,2084,1.1126177512386939,4.586324773076663
EURUSD,15min,hour,h21,8,oos,1248,0.5063370674866088,2.1774213441518295
EURUSD,15min,hour,h22,8,is,2084,0.26218588943442533,1.174073804935718
EURUSD,15min,hour,h22,8,oos,1248,0.19539956748659457,0.8185775244237694
EURUSD,15min,hour,h23,8,is,2084,-0.125338102888044,-0.510755056056903
EURUSD,15min,hour,h23,8,oos,1248,0.29800373415325726,1.2115525782601066
EURUSD,15min,dow,dow0,8,is,8352,-0.17916918728584813,-1.171047176886079
EURUSD,15min,dow,dow0,8,oos,4993,0.4248271282511716,2.613293362779369
EURUSD,15min,dow,dow1,8,is,8352,-0.16739955127052353,-1.180899430295082
EURUSD,15min,dow,dow1,8,oos,4992,0.4769800963327714,2.884165551635837
EURUSD,15min,dow,dow2,8,is,8352,0.03428866712028851,0.21087209558263445
EURUSD,15min,dow,dow2,8,oos,4992,-0.39924185879543994,-2.3690869420808727
EURUSD,15min,dow,dow3,8,is,8352,0.11744838934249405,0.7520312134703536
EURUSD,15min,dow,dow3,8,oos,4992,-0.22626509597491926,-1.3572635502914634
EURUSD,15min,dow,dow4,8,is,8352,0.09552549662219541,0.5733250552338527
EURUSD,15min,dow,dow4,8,oos,4992,-0.226325192128773,-1.4343352701904022
EURUSD,15min,vol,vol_low,8,is,15682,-0.17887581841501873,-3.00156674391647
EURUSD,15min,vol,vol_low,8,oos,9565,-0.1237356929447171,-1.7738106292966238
EURUSD,15min,vol,vol_mid,8,is,16863,0.0640090683370326,0.6587798805261712
EURUSD,15min,vol,vol_mid,8,oos,10158,0.10186098667876138,0.9622703532362106
EURUSD,15min,vol,vol_high,8,is,17060,0.14926652726456696,1.1073406216518409
EURUSD,15min,vol,vol_high,8,oos,10282,0.014474615865916652,0.10504701168255404
EURUSD,15min,z50,z<-2,8,is,3402,0.5088801536190963,1.8103504069545326
EURUSD,15min,z50,z<-2,8,oos,2189,1.3468998207927678,4.503143388493426
EURUSD,15min,z50,z-2..-1,8,is,7673,0.8053189477967017,5.130506103177748
EURUSD,15min,z50,z-2..-1,8,oos,5013,0.2669072532727928,1.679327272638913
EURUSD,15min,z50,z-1..1,8,is,25336,-0.3623178134286521,-4.832884659719772
EURUSD,15min,z50,z-1..1,8,oos,15674,-0.2911926229937708,-3.86748758059158
EURUSD,15min,z50,z1..2,8,is,8040,0.3264558663254166,1.9600808025212275
EURUSD,15min,z50,z1..2,8,oos,4660,0.006620336167130667,0.036727666133707634
EURUSD,15min,z50,z>2,8,is,3735,0.0016372136050872717,0.006175252381975055
EURUSD,15min,z50,z>2,8,oos,1993,0.8590468924187331,2.8412526943986434
EURUSD,15min,mom4,mom4-,8,is,20426,0.15086486083683068,1.5092440165280858
EURUSD,15min,mom4,mom4-,8,oos,12477,0.2020962547758387,1.879681720464156
EURUSD,15min,mom4,mom4+,8,is,21269,-0.04925982007637617,-0.494498709921121
EURUSD,15min,mom4,mom4+,8,oos,12446,-0.10920284055715956,-1.0665978072222113
EURUSD,15min,mom24,mom24-,8,is,21189,0.21087149084332515,2.2103216009600453
EURUSD,15min,mom24,mom24-,8,oos,13336,0.11277210259498788,1.1746595115365646
EURUSD,15min,mom24,mom24+,8,is,22387,-0.1195865632940322,-1.2512353932529636
EURUSD,15min,mom24,mom24+,8,oos,12729,-0.018107313379017352,-0.17208229976814465
EURUSD,15min,hour,h00,24,is,2172,-0.3257744738090053,-0.9766234110059384
EURUSD,15min,hour,h00,24,oos,1301,-0.17573209999205294,-0.5022064392391129
EURUSD,15min,hour,h01,24,is,2084,-0.045783982368495894,-0.12534832466851253
EURUSD,15min,hour,h01,24,oos,1248,-0.23735272219582612,-0.6310806936292546
EURUSD,15min,hour,h02,24,is,2084,-0.012578608088268654,-0.029144906616980853
EURUSD,15min,hour,h02,24,oos,1248,-0.392641183734287,-0.8700622539903454
EURUSD,15min,hour,h03,24,is,2084,0.4766728314511034,0.9938055550424518
EURUSD,15min,hour,h03,24,oos,1248,0.0008684316502160036,0.0017972616669907546
EURUSD,15min,hour,h04,24,is,2084,0.36153367598083613,0.719493032242226
EURUSD,15min,hour,h04,24,oos,1248,-0.2939632991189786,-0.5766693661870219
EURUSD,15min,hour,h05,24,is,2084,0.4273926011247749,0.8502384481034521
EURUSD,15min,hour,h05,24,oos,1248,-0.5896363760420054,-1.1101383872996322
EURUSD,15min,hour,h06,24,is,2084,0.09848185256434283,0.17980534517171412
EURUSD,15min,hour,h06,24,oos,1248,-0.39167964527281013,-0.6771526809310296
EURUSD,15min,hour,h07,24,is,2084,-0.05060643918233951,-0.08515069387687967
EURUSD,15min,hour,h07,24,oos,1248,0.3112450342142935,0.515606020056386
EURUSD,15min,hour,h08,24,is,2084,0.0689473036199327,0.11403632776735013
EURUSD,15min,hour,h08,24,oos,1248,0.9142097778040906,1.435320359659973
EURUSD,15min,hour,h09,24,is,2084,-0.29139338735895776,-0.4578756331494295
EURUSD,15min,hour,h09,24,oos,1248,0.5389293290862063,0.8015761950317635
EURUSD,15min,hour,h10,24,is,2084,-0.9790373412936589,-1.515181911780229
EURUSD,15min,hour,h10,24,oos,1248,0.6537931111375114,0.9489591170077135
EURUSD,15min,hour,h11,24,is,2084,-0.8692004890863704,-1.3239382767696586
EURUSD,15min,hour,h11,24,oos,1248,0.8067177906246625,1.195395617450451
EURUSD,15min,hour,h12,24,is,2084,-0.5180968422533679,-0.796065431739462
EURUSD,15min,hour,h12,24,oos,1248,0.5360447137015808,0.8060363453558429
EURUSD,15min,hour,h13,24,is,2084,-0.7546611416775135,-1.2460852233997444
EURUSD,15min,hour,h13,24,oos,1248,-0.895125158093301,-1.3733343299767857
EURUSD,15min,hour,h14,24,is,2084,-1.0661774564567672,-2.0650845545826924
EURUSD,15min,hour,h14,24,oos,1248,-1.055181247836897,-1.800388611123627
EURUSD,15min,hour,h15,24,is,2084,-1.122127552426089,-2.459373609487514
EURUSD,15min,hour,h15,24,oos,1248,-0.8569040042470928,-1.4975944741100755
EURUSD,15min,hour,h16,24,is,2084,0.6065432729098372,1.4560281116303635
EURUSD,15min,hour,h16,24,oos,1248,-0.22645528629845918,-0.4220558144523253
EURUSD,15min,hour,h17,24,is,2084,1.157406996518308,2.8687526792276805
EURUSD,15min,hour,h17,24,oos,1248,0.05631714959899821,0.1091563452875843
EURUSD,15min,hour,h18,24,is,2084,0.7482419293397502,1.9346584437534788
EURUSD,15min,hour,h18,24,oos,1248,0.06769535472720656,0.14599605593684747
EURUSD,15min,hour,h19,24,is,2084,0.8532323324107909,2.2729612928357614
EURUSD,15min,hour,h19,24,oos,1248,0.8563171495990298,1.993601405456199
EURUSD,15min,hour,h20,24,is,2084,1.0119895301075446,2.561484191069426
EURUSD,15min,hour,h20,24,oos,1248,0.5359645854964183,1.3271344710510853
EURUSD,15min,hour,h21,24,is,2084,0.9390288775163853,2.2504572040002775
EURUSD,15min,hour,h21,24,oos,1248,0.293777085496408,0.8137735580177308
EURUSD,15min,hour,h22,24,is,2084,0.01314116158542748,0.03471426214052301
EURUSD,15min,hour,h22,24,oos,1248,-0.14881105552920937,-0.3965413583800292
EURUSD,15min,hour,h23,24,is,2084,-0.713418339374271,-2.012474413135416
EURUSD,15min,hour,h23,24,oos,1248,-0.3009344529651495,-0.8167406393830288
EURUSD,15min,dow,dow0,24,is,8352,-0.767739841551033,-2.97972378834907
EURUSD,15min,dow,dow0,24,oos,4993,0.9432054117557617,3.5121693567258117
EURUSD,15min,dow,dow1,24,is,8352,-0.6962419967234363,-2.7395301170862876
EURUSD,15min,dow,dow1,24,oos,4992,1.5182462361374716,5.148470939898059
EURUSD,15min,dow,dow2,24,is,8352,0.5415154266482048,1.9701386268836916
EURUSD,15min,dow,dow2,24,oos,4992,-1.5411688279651001,-5.4672035475103975
EURUSD,15min,dow,dow3,24,is,8352,-0.0377470254590886,-0.1349567938788616
EURUSD,15min,dow,dow3,24,oos,4992,-0.4719180266830669,-1.6296696093321934
EURUSD,15min,dow,dow4,24,is,8352,0.474866719751633,1.8580853161774618
EURUSD,15min,dow,dow4,24,oos,4992,-0.5220582510420303,-1.9382919089724786
EURUSD,15min,vol,vol_low,24,is,15682,-0.14003582152486915,-1.1675470308137226
EURUSD,15min,vol,vol_low,24,oos,9565,-0.4483055315837452,-3.400599815228735
EURUSD,15min,vol,vol_mid,24,is,16863,-0.0050314441022994445,-0.028478362816123592
EURUSD,15min,vol,vol_mid,24,oos,10158,0.146768830350816,0.7782726729499565
EURUSD,15min,vol,vol_high,24,is,17060,0.27802525588509835,1.3096465825358712
EURUSD,15min,vol,vol_high,24,oos,10282,0.2720447997369118,1.2112129958161915
EURUSD,15min,z50,z<-2,24,is,3402,0.2407204138261326,0.5788484922950178
EURUSD,15min,z50,z<-2,24,oos,2189,2.67677875980619,5.961177650454923
EURUSD,15min,z50,z-2..-1,24,is,7673,1.4314071235934405,5.6953491098565605
EURUSD,15min,z50,z-2..-1,24,oos,5013,0.6922926038026704,2.576718050673177
EURUSD,15min,z50,z-1..1,24,is,25336,-0.4816901785240306,-3.671204426561367
EURUSD,15min,z50,z-1..1,24,oos,15674,-0.4333345743894337,-3.288231754972819
EURUSD,15min,z50,z1..2,24,is,8040,-0.0980328985362152,-0.33722505002519454
EURUSD,15min,z50,z1..2,24,oos,4660,-0.4807508458890643,-1.5514216583267166
EURUSD,15min,z50,z>2,24,is,3735,0.8421807171204506,1.8558468099769783
EURUSD,15min,z50,z>2,24,oos,1993,2.0496208358984713,3.814304248107821
EURUSD,15min,mom4,mom4-,24,is,20426,0.10751723011649862,0.6396480580290909
EURUSD,15min,mom4,mom4-,24,oos,12477,0.2535040311533735,1.438913379062611
EURUSD,15min,mom4,mom4+,24,is,21269,-0.09340689922486176,-0.5534042036797863
EURUSD,15min,mom4,mom4+,24,oos,12446,-0.14063569952976432,-0.7726016890985709
EURUSD,15min,mom24,mom24-,24,is,21189,0.3807361394326361,2.4753401391980048
EURUSD,15min,mom24,mom24-,24,oos,13336,0.44613625308599225,2.7411163910208565
EURUSD,15min,mom24,mom24+,24,is,22387,-0.3800421305843111,-2.2670716702990865
EURUSD,15min,mom24,mom24+,24,oos,12729,-0.3545092983363682,-1.9681772912998854
GBPUSD,15min,hour,h00,1,is,2172,-0.11464921287846168,-1.2609681368114751
GBPUSD,15min,hour,h00,1,oos,1301,0.26945514973739115,2.4585808885452747
GBPUSD,15min,hour,h01,1,is,2084,-0.031938619494871825,-0.37103680901283087
GBPUSD,15min,hour,h01,1,oos,1248,-0.16155452723691552,-1.4496048631529008
GBPUSD,15min,hour,h02,1,is,2084,-0.0031478325466888528,-0.04352161031477216
GBPUSD,15min,hour,h02,1,oos,1248,0.013205088147741706,0.14789418624053255
GBPUSD,15min,hour,h03,1,is,2084,-0.05494725673095363,-0.8266911779089404
GBPUSD,15min,hour,h03,1,oos,1248,-0.1321875400574583,-1.7211867410023585
GBPUSD,15min,hour,h04,1,is,2084,0.0030661789696314647,0.05164190038504653
GBPUSD,15min,hour,h04,1,oos,1248,-0.032628245185610756,-0.4296250037333383
GBPUSD,15min,hour,h05,1,is,2084,-0.07977931047376947,-0.886723526290452
GBPUSD,15min,hour,h05,1,oos,1248,-0.08703529646769646,-0.8913849197520533
GBPUSD,15min,hour,h06,1,is,2084,0.14989919240533087,1.2909370687825472
GBPUSD,15min,hour,h06,1,oos,1248,-0.053301322108711024,-0.3704346659197302
GBPUSD,15min,hour,h07,1,is,2084,-0.055427103180090885,-0.40084861252702014
GBPUSD,15min,hour,h07,1,oos,1248,-0.13779651441640534,-0.7897765866328872
GBPUSD,15min,hour,h08,1,is,2084,0.09265351102337309,0.6945705610978467
GBPUSD,15min,hour,h08,1,oos,1248,0.07935092148103144,0.45752699618721365
GBPUSD,15min,hour,h09,1,is,2084,0.035263875706666024,0.27977255783696975
GBPUSD,15min,hour,h09,1,oos,1248,-0.0016186298009951217,-0.010914125621861028
GBPUSD,15min,hour,h10,1,is,2084,-0.12097412813210524,-0.9853169422486763
GBPUSD,15min,hour,h10,1,oos,1248,-0.09564907851896384,-0.6821981563653963
GBPUSD,15min,hour,h11,1,is,2084,0.027994202002245377,0.21866370176613395
GBPUSD,15min,hour,h11,1,oos,1248,0.023621754814357382,0.13094223126241794
GBPUSD,15min,hour,h12,1,is,2084,0.02643470104256248,0.14380653626290796
GBPUSD,15min,hour,h12,1,oos,1248,0.49593745994258764,2.5047038003938966
GBPUSD,15min,hour,h13,1,is,2084,-0.07658833158699341,-0.4068439568881806
GBPUSD,15min,hour,h13,1,oos,1248,0.12085733173742003,0.5518937511367795
GBPUSD,15min,hour,h14,1,is,2084,-0.08023516460043269,-0.4569453400637168
GBPUSD,15min,hour,h14,1,oos,1248,0.2533893830195212,1.180902390682126
GBPUSD,15min,hour,h15,1,is,2084,-0.01140119147182723,-0.06958084307130247
GBPUSD,15min,hour,h15,1,oos,1248,-0.12729971954462188,-0.6110062688239581
GBPUSD,15min,hour,h16,1,is,2084,0.009832013902432338,0.08072813783786088
GBPUSD,15min,hour,h16,1,oos,1248,0.02402239584001163,0.15418463400572785
GBPUSD,15min,hour,h17,1,is,2084,0.10755274326906153,0.9611498078490622
GBPUSD,15min,hour,h17,1,oos,1248,-0.1067468349292271,-0.7191193913781267
GBPUSD,15min,hour,h18,1,is,2084,0.036295545572311516,0.3238315672366056
GBPUSD,15min,hour,h18,1,oos,1248,-0.09508818108303241,-0.6835938776144617
GBPUSD,15min,hour,h19,1,is,2084,-0.10170829319928108,-1.0300700367154256
GBPUSD,15min,hour,h19,1,oos,1248,0.025865344557942295,0.20335993139934386
GBPUSD,15min,hour,h20,1,is,2084,0.1226679064168317,1.4574841088580108
GBPUSD,15min,hour,h20,1,oos,1248,-0.24913465544204982,-1.5735821483091799
GBPUSD,15min,hour,h21,1,is,2084,0.03672740737653375,0.38148953033612387
GBPUSD,15min,hour,h21,1,oos,1248,0.10419066507078491,0.88101633126239
GBPUSD,15min,hour,h22,1,is,2084,0.036607445764262725,0.5655215395214516
GBPUSD,15min,hour,h22,1,oos,1248,-0.04937504005744596,-0.5689844269444178
GBPUSD,15min,hour,h23,1,is,2084,0.05064295440148423,0.7406965899760481
GBPUSD,15min,hour,h23,1,oos,1248,-0.09192311698049206,-1.0928073102478306
GBPUSD,15min,dow,dow0,1,is,8352,0.06799721712936745,1.1314096000395124
GBPUSD,15min,dow,dow0,1,oos,4993,0.2117801926529791,2.798803605401541
GBPUSD,15min,dow,dow1,1,is,8352,0.01373476502208931,0.2308292758448224
GBPUSD,15min,dow,dow1,1,oos,4992,-0.0525000400574238,-0.6646191949802865
GBPUSD,15min,dow,dow2,1,is,8352,-0.02821925796641905,-0.41924620290880243
GBPUSD,15min,dow,dow2,1,oos,4992,-0.0021995592881966807,-0.026868401224216885
GBPUSD,15min,dow,dow3,1,is,8352,0.019356173068063268,0.2950554747317094
GBPUSD,15min,dow,dow3,1,oos,4992,-0.08729571313434885,-1.0770404757252892
GBPUSD,15min,dow,dow4,1,is,8352,-0.050866528081360544,-0.7705618525399741
GBPUSD,15min,dow,dow4,1,oos,4992,0.001756770840011707,0.02330365594408774
GBPUSD,15min,vol,vol_low,1,is,15649,-0.018064657731226782,-0.9017172134080073
GBPUSD,15min,vol,vol_low,1,oos,9447,-0.05867082789403089,-2.0637203750451545
GBPUSD,15min,vol,vol_mid,1,is,16944,0.04051120505985022,1.1225222844240628
GBPUSD,15min,vol,vol_mid,1,oos,10253,-0.05448255080473165,-1.1627262081147616
GBPUSD,15min,vol,vol_high,1,is,17012,-0.022576858145866536,-0.3893572545352598
GBPUSD,15min,vol,vol_high,1,oos,10305,0.10799348903598463,1.557806968113197
GBPUSD,15min,z50,z<-2,1,is,3606,0.018248076170184133,0.15501186837004638
GBPUSD,15min,z50,z<-2,1,oos,2217,0.20528735888780145,1.3375226947916816
GBPUSD,15min,z50,z-2..-1,1,is,7148,0.06326143915003345,0.90422973630812
GBPUSD,15min,z50,z-2..-1,1,oos,4678,0.14171171628156723,1.7879018020435795
GBPUSD,15min,z50,z-1..1,1,is,25955,0.006952995292430473,0.2418322427272788
GBPUSD,15min,z50,z-1..1,1,oos,15807,-0.08731064307653745,-2.4635395382677987
GBPUSD,15min,z50,z1..2,1,is,8235,-0.04083566606473975,-0.6144803445442802
GBPUSD,15min,z50,z1..2,1,oos,4775,0.08095319192002245,1.0206598485181604
GBPUSD,15min,z50,z>2,1,is,3861,-0.04945158566426112,-0.46046622661390335
GBPUSD,15min,z50,z>2,1,oos,2082,-0.09944893350307338,-0.661232798589801
GBPUSD,15min,mom4,mom4-,1,is,20446,0.07350480969260241,1.7781450546431965
GBPUSD,15min,mom4,mom4-,1,oos,12465,0.11042671254216938,2.168835161888754
GBPUSD,15min,mom4,mom4+,1,is,21265,-0.04627601168455215,-1.160857061874285
GBPUSD,15min,mom4,mom4+,1,oos,12466,-0.07679145887045158,-1.5569697596876968
GBPUSD,15min,mom24,mom24-,1,is,20979,0.0278280249486793,0.7004964055673277
GBPUSD,15min,mom24,mom24-,1,oos,13142,0.054781627350651126,1.1521490250066597
GBPUSD,15min,mom24,mom24+,1,is,22565,-0.008068728588961314,-0.21166956311867732
GBPUSD,15min,mom24,mom24+,1,oos,12916,-0.022918587714477516,-0.4731303454479159
GBPUSD,15min,hour,h00,2,is,2172,-0.053930101631688425,-0.4361740112927912
GBPUSD,15min,hour,h00,2,oos,1301,0.4156644645825539,2.7530118081878667
GBPUSD,15min,hour,h01,2,is,2084,-0.08774959983428393,-0.7317268063075235
GBPUSD,15min,hour,h01,2,oos,1248,-0.19255258738929018,-1.2535177898787118
GBPUSD,15min,hour,h02,2,is,2084,0.02189531379337558,0.224084630214823
GBPUSD,15min,hour,h02,2,oos,1248,-0.12724810020975408,-1.0640508120817556
GBPUSD,15min,hour,h03,2,is,2084,-0.17635324666727906,-1.8763666090517161
GBPUSD,15min,hour,h03,2,oos,1248,-0.11134265149188441,-1.018173398110428
GBPUSD,15min,hour,h04,2,is,2084,-0.07201063630258991,-0.81988339347468
GBPUSD,15min,hour,h04,2,oos,1248,-0.0557336771328465,-0.4990706025956345
GBPUSD,15min,hour,h05,2,is,2084,-0.03398280520854866,-0.24964060731544602
GBPUSD,15min,hour,h05,2,oos,1248,-0.22532502328672904,-1.4475741556165536
GBPUSD,15min,hour,h06,2,is,2084,0.33115635026172763,1.8795167012828429
GBPUSD,15min,hour,h06,2,oos,1248,-0.21374649764568446,-0.9870883591170367
GBPUSD,15min,hour,h07,2,is,2084,-0.11855574186883855,-0.5987195571184633
GBPUSD,15min,hour,h07,2,oos,1248,-0.17328175405594798,-0.6950478974585955
GBPUSD,15min,hour,h08,2,is,2084,0.18549896062641577,0.996889812776869
GBPUSD,15min,hour,h08,2,oos,1248,0.21758363055942098,0.8962809878619755
GBPUSD,15min,hour,h09,2,is,2084,0.06505750189317135,0.38204424624793726
GBPUSD,15min,hour,h09,2,oos,1248,0.026437797226114626,0.1318658841362493
GBPUSD,15min,hour,h10,2,is,2084,-0.1084789664369513,-0.6303398689865014
GBPUSD,15min,hour,h10,2,oos,1248,-0.19655899764569457,-0.9199490664344423
GBPUSD,15min,hour,h11,2,is,2084,-0.13974096259818633,-0.7866721096671828
GBPUSD,15min,hour,h11,2,oos,1248,0.06445863055943898,0.27233828418850237
GBPUSD,15min,hour,h12,2,is,2084,0.13933773221946455,0.5276324860100029
GBPUSD,15min,hour,h12,2,oos,1248,0.9786813869696852,3.3083345310567416
GBPUSD,15min,hour,h13,2,is,2084,-0.1804319414849226,-0.6617631610007527
GBPUSD,15min,hour,h13,2,oos,1248,0.2801637587645606,0.9179510119419786
GBPUSD,15min,hour,h14,2,is,2084,-0.19458741173446817,-0.7835791471726822
GBPUSD,15min,hour,h14,2,oos,1248,0.3284410023543252,1.0926106137058829
GBPUSD,15min,hour,h15,2,is,2084,-0.05164115453676105,-0.2322475020520649
GBPUSD,15min,hour,h15,2,oos,1248,-0.28133463867133596,-0.9862689808518073
GBPUSD,15min,hour,h16,2,is,2084,0.027293586346168585,0.16190161738930736
GBPUSD,15min,hour,h16,2,oos,1248,-0.04279297200467756,-0.2017843061079784
GBPUSD,15min,hour,h17,2,is,2084,0.2431765038125829,1.6238501593391363
GBPUSD,15min,hour,h17,2,oos,1248,-0.03482021559440449,-0.1717995524328044
GBPUSD,15min,hour,h18,2,is,2084,0.020839651605267778,0.13394987551834056
GBPUSD,15min,hour,h18,2,oos,1248,-0.18846604892773386,-0.9181710625049679
GBPUSD,15min,hour,h19,2,is,2084,-0.1290883714273541,-0.9646530544599112
GBPUSD,15min,hour,h19,2,oos,1248,0.13044420748252486,0.7305090357961399
GBPUSD,15min,hour,h20,2,is,2084,0.14838283778569133,1.3329800449897093
GBPUSD,15min,hour,h20,2,oos,1248,-0.4796920104662101,-2.239288144406374
GBPUSD,15min,hour,h21,2,is,2084,0.10188571686438944,0.7860989609199471
GBPUSD,15min,hour,h21,2,oos,1248,-0.015268933543111768,-0.09472854671105362
GBPUSD,15min,hour,h22,2,is,2084,0.04334445006977656,0.4899497759660673
GBPUSD,15min,hour,h22,2,oos,1248,0.03677433568759985,0.2964823624008738
GBPUSD,15min,hour,h23,2,is,2084,0.020959613217563303,0.20320013287861582
GBPUSD,15min,hour,h23,2,oos,1248,-0.15813752328668387,-1.2372376991933856
GBPUSD,15min,dow,dow0,2,is,8352,0.12391349556141795,1.4356675563068426
GBPUSD,15min,dow,dow0,2,oos,4993,0.4044512949690943,3.790967468291747
GBPUSD,15min,dow,dow1,2,is,8352,0.019333754182105214,0.23508494423838341
GBPUSD,15min,dow,dow1,2,oos,4992,-0.09262269956876541,-0.8304300316286749
GBPUSD,15min,dow,dow2,2,is,8352,-0.048614042752760024,-0.5121479283977312
GBPUSD,15min,dow,dow2,2,oos,4992,-0.007376305338000395,-0.06499036799045826
GBPUSD,15min,dow,dow3,2,is,8352,0.03143265264953953,0.34353382704205293
GBPUSD,15min,dow,dow3,2,oos,4992,-0.18004257136364102,-1.5536989714915228
GBPUSD,15min,dow,dow4,2,is,8352,-0.08983770175659243,-0.9637223851652355
GBPUSD,15min,dow,dow4,2,oos,4992,0.008649335687646436,0.08129456393588345
GBPUSD,15min,vol,vol_low,2,is,15649,-0.043800732166397106,-1.5489852092600922
GBPUSD,15min,vol,vol_low,2,oos,9447,-0.12331754329714123,-3.0251763045464695
GBPUSD,15min,vol,vol_mid,2,is,16944,0.0946467019044115,1.8010565975662798
GBPUSD,15min,vol,vol_mid,2,oos,10253,-0.08273951204172544,-1.251381532865723
GBPUSD,15min,vol,vol_high,2,is,17012,-0.051666765903779666,-0.6426369062212797
GBPUSD,15min,vol,vol_high,2,oos,10305,0.19537205710741434,2.0049199161637468
GBPUSD,15min,z50,z<-2,2,is,3606,-0.024069571453334448,-0.14719220972967254
GBPUSD,15min,z50,z<-2,2,oos,2217,0.39181037711577715,1.819649551473131
GBPUSD,15min,z50,z-2..-1,2,is,7148,0.13449713683393918,1.3596818086139315
GBPUSD,15min,z50,z-2..-1,2,oos,4678,0.2718487017875335,2.391989254250697
GBPUSD,15min,z50,z-1..1,2,is,25955,0.010735117920633993,0.26672883735074426
GBPUSD,15min,z50,z-1..1,2,oos,15807,-0.16582015141884682,-3.3021772594816525
GBPUSD,15min,z50,z1..2,2,is,8235,-0.07457965028369687,-0.7790117567185052
GBPUSD,15min,z50,z1..2,2,oos,4775,0.146240404958689,1.31712962397753
GBPUSD,15min,z50,z>2,2,is,3861,-0.05931498174034201,-0.40274547717600373
GBPUSD,15min,z50,z>2,2,oos,2082,-0.18485289035239905,-0.8962633690302113
GBPUSD,15min,mom4,mom4-,2,is,20446,0.08727666428396248,1.4973754305796685
GBPUSD,15min,mom4,mom4-,2,oos,12465,0.1955696934586291,2.718469130627926
GBPUSD,15min,mom4,mom4+,2,is,21265,-0.041098931433999925,-0.7335542575658807
GBPUSD,15min,mom4,mom4+,2,oos,12466,-0.12768136844297495,-1.839371723864838
GBPUSD,15min,mom24,mom24-,2,is,20979,0.06643587734385802,1.194988966436892
GBPUSD,15min,mom24,mom24-,2,oos,13142,0.08602256216060872,1.280094351452765
GBPUSD,15min,mom24,mom24+,2,is,22565,-0.026864246453354005,-0.4981751142384873
GBPUSD,15min,mom24,mom24+,2,oos,12916,-0.01984759417871523,-0.29105243619697074
GBPUSD,15min,hour,h00,4,is,2172,-0.03297530455253714,-0.20312642662857264
GBPUSD,15min,hour,h00,4,oos,1301,0.4184585863923797,1.9145227277321288
GBPUSD,15min,hour,h01,4,is,2084,-0.0794339405514539,-0.4775540907661143
GBPUSD,15min,hour,h01,4,oos,1248,-0.0929230985541176,-0.4775951605241951
GBPUSD,15min,hour,h02,4,is,2084,-0.06271129179907413,-0.4397341122869386
GBPUSD,15min,hour,h02,4,oos,1248,-0.3520176498360551,-2.2331054286528973
GBPUSD,15min,hour,h03,4,is,2084,-0.3260750154074655,-2.7100100161045853
GBPUSD,15min,hour,h03,4,oos,1248,-0.3256554703490338,-2.162095706950332
GBPUSD,15min,hour,h04,4,is,2084,-0.32516330715411434,-2.3931593561517266
GBPUSD,15min,hour,h04,4,oos,1248,0.07586696554853453,0.4429483200515876
GBPUSD,15min,hour,h05,4,is,2084,0.3615209538823179,1.6973909872484498
GBPUSD,15min,hour,h05,4,oos,1248,-0.5206474575284925,-2.095844261193926
GBPUSD,15min,hour,h06,4,is,2084,0.31387220148313055,1.1309776942717322
GBPUSD,15min,hour,h06,4,oos,1248,-0.4496939318873899,-1.3668867837868819
GBPUSD,15min,hour,h07,4,is,2084,0.04916490781705301,0.17966838764693566
GBPUSD,15min,hour,h07,4,oos,1248,-0.1705673293233197,-0.49094716052015036
GBPUSD,15min,hour,h08,4,is,2084,0.3015401477403231,1.1737900395697918
GBPUSD,15min,hour,h08,4,oos,1248,0.48367946554844654,1.4692274805137455
GBPUSD,15min,hour,h09,4,is,2084,-0.01789363344972919,-0.07785753804441617
GBPUSD,15min,hour,h09,4,oos,1248,-0.13983816265664756,-0.5071745838517019
GBPUSD,15min,hour,h10,4,is,2084,-0.2706527505322512,-1.126490237419276
GBPUSD,15min,hour,h10,4,oos,1248,-0.1960881626566424,-0.6344329638018217
GBPUSD,15min,hour,h11,4,is,2084,-0.22516330715414942,-0.7468429100757528
GBPUSD,15min,hour,h11,4,oos,1248,0.5396089527279728,1.5406130365027537
GBPUSD,15min,hour,h12,4,is,2084,0.07006222067693435,0.19352478488219374
GBPUSD,15min,hour,h12,4,oos,1248,1.625626580933074,3.9025321719216532
GBPUSD,15min,hour,h13,4,is,2084,0.04642978305703809,0.12027681375985917
GBPUSD,15min,hour,h13,4,oos,1248,0.5876057475997672,1.4503232535013688
GBPUSD,15min,hour,h14,4,is,2084,-0.2436613877683472,-0.6883998959973672
GBPUSD,15min,hour,h14,4,oos,1248,-0.008548098554057831,-0.019604125978736692
GBPUSD,15min,hour,h15,4,is,2084,-0.3300337486128783,-1.1617609031607432
GBPUSD,15min,hour,h15,4,oos,1248,-0.21515867547716802,-0.5901621232359392
GBPUSD,15min,hour,h16,4,is,2084,0.08671289246197923,0.3753963039173897
GBPUSD,15min,hour,h16,4,oos,1248,-0.059549701118213415,-0.19685667595157874
GBPUSD,15min,hour,h17,4,is,2084,0.4776677868957986,2.2963212394864345
GBPUSD,15min,hour,h17,4,oos,1248,-0.1569855985540765,-0.568948568093346
GBPUSD,15min,hour,h18,4,is,2084,0.007370282097300305,0.034413191314281784
GBPUSD,15min,hour,h18,4,oos,1248,-0.3403189318874099,-1.2054719674347494
GBPUSD,15min,hour,h19,4,is,2084,-0.24915562961095125,-1.459379494069353
GBPUSD,15min,hour,h19,4,oos,1248,0.19057049118951452,0.8392456217507015
GBPUSD,15min,hour,h20,4,is,2084,0.24549408248120097,1.733096333559532
GBPUSD,15min,hour,h20,4,oos,1248,-0.6293013036823386,-2.186690951785821
GBPUSD,15min,hour,h21,4,is,2084,0.2720295911184084,1.557173400566857
GBPUSD,15min,hour,h21,4,oos,1248,-0.2526186113745415,-1.163443987187618
GBPUSD,15min,hour,h22,4,is,2084,0.08949600186698453,0.708547942606886
GBPUSD,15min,hour,h22,4,oos,1248,0.07206087580482567,0.38236727414893995
GBPUSD,15min,hour,h23,4,is,2084,-0.15704910369922456,-0.9903101015991562
GBPUSD,15min,hour,h23,4,oos,1248,-0.10133656009251148,-0.529907851436651
GBPUSD,15min,dow,dow0,4,is,8352,0.20707028614199346,1.6734002216962574
GBPUSD,15min,dow,dow0,4,oos,4993,0.7416731005477332,5.014368735180899
GBPUSD,15min,dow,dow1,4,is,8352,0.054621770816316154,0.47328800021632117
GBPUSD,15min,dow,dow1,4,oos,4992,-0.15794713701562715,-1.0010800049994975
GBPUSD,15min,dow,dow2,4,is,8352,-0.08541055676988853,-0.6367516459459366
GBPUSD,15min,dow,dow2,4,oos,4992,-0.01038103124639426,-0.06674737012754518
GBPUSD,15min,dow,dow3,4,is,8352,0.03975706775118789,0.3139170230675251
GBPUSD,15min,dow,dow3,4,oos,4992,-0.3912804703489616,-2.388162097499402
GBPUSD,15min,dow,dow4,4,is,8352,-0.16156596864728565,-1.2212363264966033
GBPUSD,15min,dow,dow4,4,oos,4992,0.032567686702333204,0.2202951012666168
GBPUSD,15min,vol,vol_low,4,is,15649,-0.06319734905386662,-1.5612231413833644
GBPUSD,15min,vol,vol_low,4,oos,9447,-0.1958126376629765,-3.392986129646536
GBPUSD,15min,vol,vol_mid,4,is,16944,0.15805815829419623,2.054053827124732
GBPUSD,15min,vol,vol_mid,4,oos,10253,-0.12865964892582313,-1.357726089524908
GBPUSD,15min,vol,vol_high,4,is,17012,-0.0946719987720615,-0.8527900679905144
GBPUSD,15min,vol,vol_high,4,oos,10305,0.30751958936813195,2.292902248762761
GBPUSD,15min,z50,z<-2,4,is,3606,-0.1638768023631162,-0.7053444426457279
GBPUSD,15min,z50,z<-2,4,oos,2217,0.6377122779942788,2.1089133909700886
GBPUSD,15min,z50,z-2..-1,4,is,7148,0.32124665195551966,2.2973720624775464
GBPUSD,15min,z50,z-2..-1,4,oos,4678,0.3877545106312922,2.449213917015494
GBPUSD,15min,z50,z-1..1,4,is,25955,-0.026106338999806925,-0.46292945557415055
GBPUSD,15min,z50,z-1..1,4,oos,15807,-0.30860215353703346,-4.384152502772229
GBPUSD,15min,z50,z1..2,4,is,8235,-0.0654009520549471,-0.47515887793967787
GBPUSD,15min,z50,z1..2,4,oos,4775,0.31394090164728744,1.9961317058880141
GBPUSD,15min,z50,z>2,4,is,3861,0.011841416990693424,0.058961055341100306
GBPUSD,15min,z50,z>2,4,oos,2082,-0.08976380737694688,-0.3253916757298861
GBPUSD,15min,mom4,mom4-,4,is,20446,0.11611647050277513,1.4111627121254362
GBPUSD,15min,mom4,mom4-,4,oos,12465,0.2793406534129667,2.773760495694692
GBPUSD,15min,mom4,mom4+,4,is,21265,-0.04186162962087696,-0.5301927621062169
GBPUSD,15min,mom4,mom4+,4,oos,12466,-0.15632703803871886,-1.6143751947350622
GBPUSD,15min,mom24,mom24-,4,is,20979,0.1477747529240423,1.8777380502271974
GBPUSD,15min,mom24,mom24-,4,oos,13142,0.08460317144930915,0.8993926160908186
GBPUSD,15min,mom24,mom24+,4,is,22565,-0.07189600897140494,-0.9481788988543367
GBPUSD,15min,mom24,mom24+,4,oos,12916,0.03729728254747105,0.39209769295406444
GBPUSD,15min,hour,h00,8,is,2172,-0.11169186140710544,-0.5135202481252564
GBPUSD,15min,hour,h00,8,oos,1301,0.3299330767443941,1.1688149954582447
GBPUSD,15min,hour,h01,8,is,2084,-0.14214523235052826,-0.6419344939896089
GBPUSD,15min,hour,h01,8,oos,1248,-0.4451223847841064,-1.8206431650944204
GBPUSD,15min,hour,h02,8,is,2084,-0.3887863072065397,-2.101844711637227
GBPUSD,15min,hour,h02,8,oos,1248,-0.6778547565790226,-3.2041412985255557
GBPUSD,15min,hour,h03,8,is,2084,-0.6512383225615801,-3.5684369061806875
GBPUSD,15min,hour,h03,8,oos,1248,-0.24997014119443306,-1.0730055492932498
GBPUSD,15min,hour,h04,8,is,2084,0.036357646728203366,0.14719406967193965
GBPUSD,15min,hour,h04,8,oos,1248,-0.44496212837389165,-1.4105141966422494
GBPUSD,15min,hour,h05,8,is,2084,0.6753931553654483,1.9618593906403967
GBPUSD,15min,hour,h05,8,oos,1248,-0.970523025809816,-2.3348990894142845
GBPUSD,15min,hour,h06,8,is,2084,0.36303710930018335,0.8863582984783772
GBPUSD,15min,hour,h06,8,oos,1248,-0.6204428976046432,-1.248516493517394
GBPUSD,15min,hour,h07,8,is,2084,0.3507050555573759,0.9325197608160706
GBPUSD,15min,hour,h07,8,oos,1248,0.3129304998311933,0.6759440778837169
GBPUSD,15min,hour,h08,8,is,2084,0.2836465142905936,0.8217796633542621
GBPUSD,15min,hour,h08,8,oos,1248,0.34365966649786545,0.8052116135115877
GBPUSD,15min,hour,h09,8,is,2084,-0.2885463839819807,-0.8867305971264179
GBPUSD,15min,hour,h09,8,oos,1248,-0.3361079617072235,-0.8414220077698722
GBPUSD,15min,hour,h10,8,is,2084,-0.49581605768640097,-1.3050580344141662
GBPUSD,15min,hour,h10,8,oos,1248,0.34333915367739676,0.7429283480516976
GBPUSD,15min,hour,h11,8,is,2084,-0.15510108647721566,-0.33754193559578555
GBPUSD,15min,hour,h11,8,oos,1248,2.1650538972671134,3.9101533337941
GBPUSD,15min,hour,h12,8,is,2084,0.1164920037339719,0.2251314037631224
GBPUSD,15min,hour,h12,8,oos,1248,2.2130506921389075,3.9012981116686913
GBPUSD,15min,hour,h13,8,is,2084,-0.19723160471130924,-0.3651198880978462
GBPUSD,15min,hour,h13,8,oos,1248,0.578876012651776,0.9757069240343977
GBPUSD,15min,hour,h14,8,is,2084,-0.573695136381226,-1.245112669581737
GBPUSD,15min,hour,h14,8,oos,1248,-0.22388841042515922,-0.39986448308710415
GBPUSD,15min,hour,h15,8,is,2084,-0.2433208561508994,-0.6538609297009741
GBPUSD,15min,hour,h15,8,oos,1248,-0.2748900129893151,-0.5987413794340426
GBPUSD,15min,hour,h16,8,is,2084,0.5643806793577775,1.8484072030637215
GBPUSD,15min,hour,h16,8,oos,1248,-0.21671693606622333,-0.5114341635178522
GBPUSD,15min,hour,h17,8,is,2084,0.48503806899309865,1.6767508214701743
GBPUSD,15min,hour,h17,8,oos,1248,-0.49748616683542013,-1.214761954749079
GBPUSD,15min,hour,h18,8,is,2084,-0.24178534751365113,-0.8518827324394249
GBPUSD,15min,hour,h18,8,oos,1248,-0.14993007709182912,-0.4331353385360058
GBPUSD,15min,hour,h19,8,is,2084,-0.0036615471297504524,-0.017879436709703087
GBPUSD,15min,hour,h19,8,oos,1248,-0.438912448886758,-1.2308885998416652
GBPUSD,15min,hour,h20,8,is,2084,0.5175236735996092,2.5297601991931815
GBPUSD,15min,hour,h20,8,oos,1248,-0.8821015514508139,-2.4764967597297822
GBPUSD,15min,hour,h21,8,is,2084,0.36152559298539294,1.7001307330213922
GBPUSD,15min,hour,h21,8,oos,1248,-0.1807393719636498,-0.6208008728938144
GBPUSD,15min,hour,h22,8,is,2084,-0.06755310183224024,-0.3295653385475696
GBPUSD,15min,hour,h22,8,oos,1248,-0.02945732068161961,-0.10582322977177294
GBPUSD,15min,hour,h23,8,is,2084,-0.1888102995289842,-0.8161947269235923
GBPUSD,15min,hour,h23,8,oos,1248,0.3382510126517491,1.1837649184953323
GBPUSD,15min,dow,dow0,8,is,8352,0.2677325263069742,1.5291895594444005
GBPUSD,15min,dow,dow0,8,oos,4993,1.3604427541667796,6.685692488388212
GBPUSD,15min,dow,dow1,8,is,8352,0.16728353205408247,1.0205257232257523
GBPUSD,15min,dow,dow1,8,oos,4992,-0.339072705296988,-1.5195810804520766
GBPUSD,15min,dow,dow2,8,is,8352,-0.12604740664321798,-0.6713858582753935
GBPUSD,15min,dow,dow2,8,oos,4992,0.07211519534405461,0.32739744716937
GBPUSD,15min,dow,dow3,8,is,8352,-0.004477722735177678,-0.024988120608055223
GBPUSD,15min,dow,dow3,8,oos,4992,-0.8150843238867265,-3.501561814505703
GBPUSD,15min,dow,dow4,8,is,8352,-0.278232512007213,-1.501468700406489
GBPUSD,15min,dow,dow4,8,oos,4992,0.04676463444662806,0.2271921198032935
GBPUSD,15min,vol,vol_low,8,is,15649,-0.13824849068234427,-2.2535146618508493
GBPUSD,15min,vol,vol_low,8,oos,9447,-0.3957658404803168,-4.555107128358846
GBPUSD,15min,vol,vol_mid,8,is,16944,0.25813414000671747,2.2611631584082623
GBPUSD,15min,vol,vol_mid,8,oos,10253,-0.1351952676114479,-0.9718129754331051
GBPUSD,15min,vol,vol_high,8,is,17012,-0.12068951835296522,-0.8002660047812091
GBPUSD,15min,vol,vol_high,8,oos,10305,0.4973272172574223,2.724986508201348
GBPUSD,15min,z50,z<-2,8,is,3606,-0.13958111443230137,-0.4344377991028566
GBPUSD,15min,z50,z<-2,8,oos,2217,1.0085762529279234,2.5139378940236976
GBPUSD,15min,z50,z-2..-1,8,is,7148,0.7182347700554609,3.6455557362803885
GBPUSD,15min,z50,z-2..-1,8,oos,4678,0.9005625280922833,3.8885675953269994
GBPUSD,15min,z50,z-1..1,8,is,25955,-0.1680593356763724,-2.064815915471341
GBPUSD,15min,z50,z-1..1,8,oos,15807,-0.6355487827164363,-6.440232392327449
GBPUSD,15min,z50,z1..2,8,is,8235,0.0017542586102034044,0.00909353282818698
GBPUSD,15min,z50,z1..2,8,oos,4775,0.5889043553823038,2.645403713256527
GBPUSD,15min,z50,z>2,8,is,3861,0.08676234706090631,0.32256722355925466
GBPUSD,15min,z50,z>2,8,oos,2082,0.024133208026041894,0.061791189028624786
GBPUSD,15min,mom4,mom4-,8,is,20446,0.15144207726692338,1.3064175524752435
GBPUSD,15min,mom4,mom4-,8,oos,12465,0.5210949371788801,3.672939343929988
GBPUSD,15min,mom4,mom4+,8,is,21265,-0.021668239255863364,-0.19453458720309566
GBPUSD,15min,mom4,mom4+,8,oos,12466,-0.2623062723943538,-1.9355284184043948
GBPUSD,15min,mom24,mom24-,8,is,20979,0.29676739039930666,2.6826372933169864
GBPUSD,15min,mom24,mom24-,8,oos,13142,0.1505077380067396,1.1443095592893704
GBPUSD,15min,mom24,mom24+,8,is,22565,-0.16422410303033838,-1.5321024888992951
GBPUSD,15min,mom24,mom24+,8,oos,12916,0.09873160321323989,0.7359681181358788
GBPUSD,15min,hour,h00,24,is,2172,-0.45984538164302674,-1.2001151322948873
GBPUSD,15min,hour,h00,24,oos,1301,-0.741872569022285,-1.6129261551553196
GBPUSD,15min,hour,h01,24,is,2084,-0.11799039954666046,-0.26453767024433167
GBPUSD,15min,hour,h01,24,oos,1248,-1.661161294164627,-3.0836987263628775
GBPUSD,15min,hour,h02,24,is,2084,0.010608448821846495,0.020603725956009625
GBPUSD,15min,hour,h02,24,oos,1248,-1.7388055249338292,-2.7420583597277823
GBPUSD,15min,hour,h03,24,is,2084,0.3748598883612434,0.6623561022096545
GBPUSD,15min,hour,h03,24,oos,1248,-0.9031084095493276,-1.3003890091809334
GBPUSD,15min,hour,h04,24,is,2084,0.6830412703189795,1.1489916843855863
GBPUSD,15min,hour,h04,24,oos,1248,-0.7172911018569411,-0.9953721551225883
GBPUSD,15min,hour,h05,24,is,2084,0.7375518269408425,1.235891604168858
GBPUSD,15min,hour,h05,24,oos,1248,-0.9892462300621182,-1.3283241064607334
GBPUSD,15min,hour,h06,24,is,2084,0.15086756590437503,0.2395456295991139
GBPUSD,15min,hour,h06,24,oos,1248,0.07101018019434673,0.09155348827808564
GBPUSD,15min,hour,h07,24,is,2084,-0.09294241490182134,-0.14013468384939684
GBPUSD,15min,hour,h07,24,oos,1248,2.1463306930148107,2.7552403598124133
GBPUSD,15min,hour,h08,24,is,2084,-0.0956775396618365,-0.13806600670556463
GBPUSD,15min,hour,h08,24,oos,1248,2.904503769937898,3.580733354876174
GBPUSD,15min,hour,h09,24,is,2084,-0.6408790751705075,-0.8626507818135687
GBPUSD,15min,hour,h09,24,oos,1248,2.4122762058353926,2.7196305978902036
GBPUSD,15min,hour,h10,24,is,2084,-0.9530191903336563,-1.2267024740534431
GBPUSD,15min,hour,h10,24,oos,1248,2.3369556930148727,2.5465397975930104
GBPUSD,15min,hour,h11,24,is,2084,-0.5956535473394255,-0.7737505403915016
GBPUSD,15min,hour,h11,24,oos,1248,2.4734941545533013,2.7275063011214815
GBPUSD,15min,hour,h12,24,is,2084,0.10717754671052267,0.14336286006305096
GBPUSD,15min,hour,h12,24,oos,1248,1.7768996032712523,1.9620314760159852
GBPUSD,15min,hour,h13,24,is,2084,0.04448560813088884,0.06177066778362248
GBPUSD,15min,hour,h13,24,oos,1248,-0.18904590954923142,-0.2152227674432476
GBPUSD,15min,hour,h14,24,is,2084,-0.2510998045371002,-0.4060651587223944
GBPUSD,15min,hour,h14,24,oos,1248,-0.586081165959484,-0.745712546000305
GBPUSD,15min,hour,h15,24,is,2084,0.2380556657124485,0.47927523278499723
GBPUSD,15min,hour,h15,24,oos,1248,-1.2068343710877651,-1.6797652194034562
GBPUSD,15min,hour,h16,24,is,2084,0.8401190054437356,1.9397474766513965
GBPUSD,15min,hour,h16,24,oos,1248,-1.2442943069851382,-1.8809626962105732
GBPUSD,15min,hour,h17,24,is,2084,0.8429021148487408,2.081054850966748
GBPUSD,15min,hour,h17,24,oos,1248,-1.1126837300620995,-1.785159788994972
GBPUSD,15min,hour,h18,24,is,2084,0.20818522425371794,0.5410284989406099
GBPUSD,15min,hour,h18,24,oos,1248,-1.0570346916005344,-1.8624919673378428
GBPUSD,15min,hour,h19,24,is,2084,0.16905374632665807,0.48351468603295217
GBPUSD,15min,hour,h19,24,oos,1248,-0.2769465505749301,-0.5161821512352902
GBPUSD,15min,hour,h20,24,is,2084,0.33877543538615534,0.9355132501067004
GBPUSD,15min,hour,h20,24,oos,1248,-0.5813135377544574,-1.169823838821662
GBPUSD,15min,hour,h21,24,is,2084,0.030570061105880418,0.07626311482730586
GBPUSD,15min,hour,h21,24,oos,1248,-0.3218183454466346,-0.719644016873976
GBPUSD,15min,hour,h22,24,is,2084,-0.5675345454199936,-1.515097341010763
GBPUSD,15min,hour,h22,24,oos,1248,-0.3819946274980493,-0.8388403496600143
GBPUSD,15min,hour,h23,24,is,2084,-0.9821938544410925,-2.6372817400708777
GBPUSD,15min,hour,h23,24,oos,1248,-0.3804321274979342,-0.8589589649336203
GBPUSD,15min,dow,dow0,24,is,8352,0.47080414022358763,1.58274660538163
GBPUSD,15min,dow,dow0,24,oos,4993,3.751474488880338,11.373775683990175
GBPUSD,15min,dow,dow1,24,is,8352,0.2565800022925349,0.8935912758058403
GBPUSD,15min,dow,dow1,24,oos,4992,-0.8509950281390033,-2.173239826140027
GBPUSD,15min,dow,dow2,24,is,8352,0.3202354141699593,1.0099840748107594
GBPUSD,15min,dow,dow2,24,oos,4992,-0.41576866595952083,-1.0782072287558004
GBPUSD,15min,dow,dow3,24,is,8352,-0.6212516547955825,-1.963010946872459
GBPUSD,15min,dow,dow3,24,oos,4992,-2.206243425574913,-5.392692726666887
GBPUSD,15min,dow,dow4,24,is,8352,-0.5626608980905972,-1.929448088044983
GBPUSD,15min,dow,dow4,24,oos,4992,0.39524896224566874,1.1571647206662423
GBPUSD,15min,vol,vol_low,24,is,15649,-0.1374114570940184,-1.0735336476362682
GBPUSD,15min,vol,vol_low,24,oos,9447,-1.2579993980397373,-7.474750186868213
GBPUSD,15min,vol,vol_mid,24,is,16944,0.2481099271023336,1.232304028770596
GBPUSD,15min,vol,vol_mid,24,oos,10253,-0.5043744984925671,-2.0171863625045656
GBPUSD,15min,vol,vol_high,24,is,17012,-0.09299378430884957,-0.3842392007446058
GBPUSD,15min,vol,vol_high,24,oos,10305,1.6550870496191834,5.594727971192628
GBPUSD,15min,z50,z<-2,24,is,3606,0.7291629240353534,1.3600695337058433
GBPUSD,15min,z50,z<-2,24,oos,2217,1.5313332193844968,2.381980086391263
GBPUSD,15min,z50,z-2..-1,24,is,7148,0.5768783448613732,1.8864556823055647
GBPUSD,15min,z50,z-2..-1,24,oos,4678,1.0797630475439715,2.7371619568925234
GBPUSD,15min,z50,z-1..1,24,is,25955,-0.25330726921368524,-1.7622329325573778
GBPUSD,15min,z50,z-1..1,24,oos,15807,-1.336018876126881,-7.76162578550961
GBPUSD,15min,z50,z1..2,24,is,8235,0.3559124418901363,1.1110677528796797
GBPUSD,15min,z50,z1..2,24,oos,4775,1.251167323770656,3.292952414952181
GBPUSD,15min,z50,z>2,24,is,3861,-1.0271125962168417,-2.106244007287726
GBPUSD,15min,z50,z>2,24,oos,2082,1.8504850056211088,2.662571496653132
GBPUSD,15min,mom4,mom4-,24,is,20446,0.391785881610011,2.0081022813437346
GBPUSD,15min,mom4,mom4-,24,oos,12465,0.5820711991242624,2.452191647165137
GBPUSD,15min,mom4,mom4+,24,is,21265,-0.2258558816518936,-1.1921458652766155
GBPUSD,15min,mom4,mom4+,24,oos,12466,-0.0707406705813066,-0.29777555019011154
GBPUSD,15min,mom24,mom24-,24,is,20979,0.40337476760383484,2.224000944592985
GBPUSD,15min,mom24,mom24-,24,oos,13142,0.30631608068366484,1.3545766589230108
GBPUSD,15min,mom24,mom24+,24,is,22565,-0.24707292952086968,-1.3256773475299075
GBPUSD,15min,mom24,mom24+,24,oos,12916,0.17579230046258226,0.7692663431580594
AUDUSD,15min,hour,h00,1,is,2165,-0.10429041127404222,-1.177780696591074
AUDUSD,15min,hour,h00,1,oos,1298,0.16735630105519583,1.5707357304190412
AUDUSD,15min,hour,h01,1,is,2076,0.15309622896054173,1.6028698432756767
AUDUSD,15min,hour,h01,1,oos,1244,-0.07082617359043328,-0.6478200564287149
AUDUSD,15min,hour,h02,1,is,2076,0.0065885218314485445,0.0890074114282109
AUDUSD,15min,hour,h02,1,oos,1244,0.0219390997214611,0.23899214168177982
AUDUSD,15min,hour,h03,1,is,2076,0.005817808922033277,0.08516722282183449
AUDUSD,15min,hour,h03,1,oos,1244,-0.053703987095258504,-0.6434842988170704
AUDUSD,15min,hour,h04,1,is,2076,-0.051287200711908315,-0.8016648322864758
AUDUSD,15min,hour,h04,1,oos,1244,-0.03613967841358915,-0.500328086796966
AUDUSD,15min,hour,h05,1,is,2076,-0.11597891554811712,-1.53018054695871
AUDUSD,15min,hour,h05,1,oos,1244,-0.05953196137181059,-0.7591629185467605
AUDUSD,15min,hour,h06,1,is,2076,0.22494112298752478,2.9186905586356127
AUDUSD,15min,hour,h06,1,oos,1244,0.0745114469883528,0.8233978745069138
AUDUSD,15min,hour,h07,1,is,2076,-0.10716388664639369,-1.287442809478871
AUDUSD,15min,hour,h07,1,oos,1244,-0.010858327931277133,-0.10864034840655228
AUDUSD,15min,hour,h08,1,is,2076,0.00502301123415609,0.06519858010666552
AUDUSD,15min,hour,h08,1,oos,1244,0.05574135052531346,0.5616839794925426
AUDUSD,15min,hour,h09,1,is,2076,-0.033825736357367055,-0.5047837543594407
AUDUSD,15min,hour,h09,1,oos,1244,-0.030994983879817542,-0.33830324204378825
AUDUSD,15min,hour,h10,1,is,2076,-0.08565617951730224,-1.3222585452375222
AUDUSD,15min,hour,h10,1,oos,1244,-0.08939530542323987,-1.059512715948672
AUDUSD,15min,hour,h11,1,is,2076,-0.0008295899219098745,-0.012119382461841636
AUDUSD,15min,hour,h11,1,oos,1244,0.06321723476968726,0.5733548866328693
AUDUSD,15min,hour,h12,1,is,2076,0.061598155742827204,0.5281750082098662
AUDUSD,15min,hour,h12,1,oos,1244,0.13319311901406267,1.0550708924476822
AUDUSD,15min,hour,h13,1,is,2076,-0.11366677681980068,-0.9413982519529489
AUDUSD,15min,hour,h13,1,oos,1244,0.1046963344481407,0.7561055152719331
AUDUSD,15min,hour,h14,1,is,2076,0.0027108725058263613,0.023667184757873782
AUDUSD,15min,hour,h14,1,oos,1244,0.16711594859605622,1.2201542843026079
AUDUSD,15min,hour,h15,1,is,2076,-0.09822843385254738,-0.9542349886492004
AUDUSD,15min,hour,h15,1,oos,1244,-0.22191138259365503,-1.5714648621940626
AUDUSD,15min,hour,h16,1,is,2076,-0.0690858519643056,-0.9595418304805842
AUDUSD,15min,hour,h16,1,oos,1244,0.05373170422306651,0.5047248697100204
AUDUSD,15min,hour,h17,1,is,2076,0.18089006325726487,2.214676043145817
AUDUSD,15min,hour,h17,1,oos,1244,-0.06564128613062083,-0.6153218796447704
AUDUSD,15min,hour,h18,1,is,2076,-0.013714946376628227,-0.1804428653110393
AUDUSD,15min,hour,h18,1,oos,1244,-0.04445961410491383,-0.44296056175304804
AUDUSD,15min,hour,h19,1,is,2076,-0.003430745991281973,-0.04899277411958778
AUDUSD,15min,hour,h19,1,oos,1244,-0.030914598027743045,-0.3539773828568279
AUDUSD,15min,hour,h20,1,is,2076,0.0257118358969588,0.3946606923154274
AUDUSD,15min,hour,h20,1,oos,1244,-0.11013485526245859,-0.8893861847753548
AUDUSD,15min,hour,h21,1,is,2076,0.04904998618598784,0.7211943851986308
AUDUSD,15min,hour,h21,1,oos,1244,-0.028904951725497785,-0.28614066099204255
AUDUSD,15min,hour,h22,1,is,2076,0.015957500636851484,0.32833964209388716
AUDUSD,15min,hour,h22,1,oos,1244,0.1083136977922016,1.59356977385357
AUDUSD,15min,hour,h23,1,is,2076,0.07024459119561087,1.2419820160688217
AUDUSD,15min,hour,h23,1,oos,1244,-0.10366379416922034,-1.5602456693506874
AUDUSD,15min,dow,dow0,1,is,8352,0.031953046337024456,0.7645157108169193
AUDUSD,15min,dow,dow0,1,oos,4993,0.0965888907794214,1.8964265979058956
AUDUSD,15min,dow,dow1,1,is,8352,-0.029882442168722226,-0.708597865827556
AUDUSD,15min,dow,dow1,1,oos,4992,0.05371373334747828,0.9711326188492034
AUDUSD,15min,dow,dow2,1,is,8257,-0.004674123771050229,-0.0974168543805849
AUDUSD,15min,dow,dow2,1,oos,4897,-0.004217204059254182,-0.07430579752067774
AUDUSD,15min,dow,dow3,1,is,8352,0.05214581453625922,1.239350449861671
AUDUSD,15min,dow,dow3,1,oos,4992,-0.06306310960123898,-1.0901535334204304
AUDUSD,15min,dow,dow4,1,is,8352,-0.06152157052121281,-1.4010009642314327
AUDUSD,15min,dow,dow4,1,oos,4992,-0.03349580190893151,-0.6702602513363993
AUDUSD,15min,vol,vol_low,1,is,15952,0.00745414253750434,0.4879151929259676
AUDUSD,15min,vol,vol_low,1,oos,9625,-0.04473429986930861,-1.9486102862876693
AUDUSD,15min,vol,vol_mid,1,is,16558,0.02934536465476202,1.0754437170491762
AUDUSD,15min,vol,vol_mid,1,oos,9999,-0.019505096949016074,-0.5753137896447114
AUDUSD,15min,vol,vol_high,1,is,16904,-0.03018633598515149,-0.7962248564062827
AUDUSD,15min,vol,vol_high,1,oos,10286,0.060820445327173546,1.299722434328656
AUDUSD,15min,z50,z<-2,1,is,3324,0.17701789169713075,2.0994536327340247
AUDUSD,15min,z50,z<-2,1,oos,1947,0.3056716580146161,2.735161408047974
AUDUSD,15min,z50,z-2..-1,1,is,7969,-0.0044244931971507894,-0.09980423797113577
AUDUSD,15min,z50,z-2..-1,1,oos,4457,0.09996038673195949,1.6467468396363154
AUDUSD,15min,z50,z-1..1,1,is,25166,0.014839986441701555,0.7045616052350507
AUDUSD,15min,z50,z-1..1,1,oos,15768,-0.03518634543916043,-1.3590252084433694
AUDUSD,15min,z50,z1..2,1,is,8393,-0.0588353897821987,-1.4233744118539662
AUDUSD,15min,z50,z1..2,1,oos,5101,-0.06173479531583169,-1.2216581261041735
AUDUSD,15min,z50,z>2,1,is,3477,-0.11846746125143157,-1.4786578724928912
AUDUSD,15min,z50,z>2,1,oos,1956,-0.058483082170836594,-0.5968263559503841
AUDUSD,15min,mom4,mom4-,1,is,20515,0.04531546489722013,1.589148461633405
AUDUSD,15min,mom4,mom4-,1,oos,12160,0.09067413314505395,2.5033880956719954
AUDUSD,15min,mom4,mom4+,1,is,21065,-0.042877540411888446,-1.5806895300871155
AUDUSD,15min,mom4,mom4+,1,oos,12645,-0.057912674361562874,-1.752883602866981
AUDUSD,15min,mom24,mom24-,1,is,21482,0.027550970296169906,1.0194941528481765
AUDUSD,15min,mom24,mom24-,1,oos,12680,0.05803804025114333,1.6760708264099542
AUDUSD,15min,mom24,mom24+,1,is,21953,-0.024360742084701098,-0.9290155852240566
AUDUSD,15min,mom24,mom24+,1,oos,13270,-0.026910062012211303,-0.8490235179251933
AUDUSD,15min,hour,h00,2,is,2165,-0.1196893675827358,-0.9797797225442276
AUDUSD,15min,hour,h00,2,oos,1298,0.30780960498341964,2.1540971451283233
AUDUSD,15min,hour,h01,2,is,2076,0.24487261206366537,1.8308841568176868
AUDUSD,15min,hour,h01,2,oos,1244,-0.1343225523300822,-0.8789948268874537
AUDUSD,15min,hour,h02,2,is,2076,0.06604313229489228,0.6440330533041169
AUDUSD,15min,hour,h02,2,oos,1244,-0.049957600561594935,-0.4041809063308461
AUDUSD,15min,hour,h03,2,is,2076,-0.04484318755093594,-0.46318494643701197
AUDUSD,15min,hour,h03,2,oos,1244,-0.010086217924945504,-0.083827084828014
AUDUSD,15min,hour,h04,2,is,2076,-0.10505513360107112,-1.1599619611152667
AUDUSD,15min,hour,h04,2,oos,1244,-0.09380808287669755,-0.9005952791940062
AUDUSD,15min,hour,h05,2,is,2076,-0.18060908350472,-1.680192743772226
AUDUSD,15min,hour,h05,2,oos,1244,-0.09609907966130257,-0.8441933669821531
AUDUSD,15min,hour,h06,2,is,2076,0.41662116697698093,3.9091030539745377
AUDUSD,15min,hour,h06,2,oos,1244,0.19200381422941445,1.4914676093784662
AUDUSD,15min,hour,h07,2,is,2076,-0.2345108176087803,-2.000303538570043
AUDUSD,15min,hour,h07,2,oos,1244,-0.07379200570630019,-0.5174231618098167
AUDUSD,15min,hour,h08,2,is,2076,0.06308070454923857,0.6018800511199243
AUDUSD,15min,hour,h08,2,oos,1244,0.10663403930978456,0.7647965986792725
AUDUSD,15min,hour,h09,2,is,2076,-0.10052719525809237,-1.1111721454372505
AUDUSD,15min,hour,h09,2,oos,1244,-0.03613123400210802,-0.2888007681365685
AUDUSD,15min,hour,h10,2,is,2076,-0.14491544188623717,-1.589700513025249
AUDUSD,15min,hour,h10,2,oos,1244,-0.13114731117254075,-0.9482756399650817
AUDUSD,15min,hour,h11,2,is,2076,-0.08626900643341745,-0.9041822509269244
AUDUSD,15min,hour,h11,2,oos,1244,0.0377835569946788,0.26024863662729897
AUDUSD,15min,hour,h12,2,is,2076,0.2791211669769722,1.682723512485203
AUDUSD,15min,hour,h12,2,oos,1244,0.3145118528145978,1.7120971194135375
AUDUSD,15min,hour,h13,2,is,2076,-0.29303682916945245,-1.6859169582846016
AUDUSD,15min,hour,h13,2,oos,1244,0.2502031711425809,1.3078972051090716
AUDUSD,15min,hour,h14,2,is,2076,-0.09888943032553453,-0.5985443474386313
AUDUSD,15min,hour,h14,2,oos,1244,0.09895719043518336,0.5016128674842021
AUDUSD,15min,hour,h15,2,is,2076,-0.17600889082648546,-1.279861626648484
AUDUSD,15min,hour,h15,2,oos,1244,-0.28171001213715247,-1.4406009162000462
AUDUSD,15min,hour,h16,2,is,2076,-0.061702532444989404,-0.6041085768100372
AUDUSD,15min,hour,h16,2,oos,1244,-0.008558886735236576,-0.05966034120329563
AUDUSD,15min,hour,h17,2,is,2076,0.32851904751646543,2.7216833086333594
AUDUSD,15min,hour,h17,2,oos,1244,-0.05470036583490133,-0.38430016193392735
AUDUSD,15min,hour,h18,2,is,2076,-0.024395210672333082,-0.23659070016008854
AUDUSD,15min,hour,h18,2,oos,1244,-0.05900100892174712,-0.4175689032939222
AUDUSD,15min,hour,h19,2,is,2076,0.03475700512725298,0.37047886520995293
AUDUSD,15min,hour,h19,2,oos,1244,-0.040954385127508604,-0.3301085505377704
AUDUSD,15min,hour,h20,2,is,2076,-0.005994439959439,-0.07343768321587511
AUDUSD,15min,hour,h20,2,oos,1244,-0.24963605715323287,-1.488567341416396
AUDUSD,15min,hour,h21,2,is,2076,0.1194150012736933,1.3114062569960134
AUDUSD,15min,hour,h21,2,oos,1244,-0.11024698962914098,-0.8328177225873034
AUDUSD,15min,hour,h22,2,is,2076,0.06729554077273979,1.0560253929243497
AUDUSD,15min,hour,h22,2,oos,1244,0.2964652290204093,2.9965514129348207
AUDUSD,15min,hour,h23,2,is,2076,0.06185238084980965,0.690222596372872
AUDUSD,15min,hour,h23,2,oos,1244,-0.1875781793397427,-1.7779860949156183
AUDUSD,15min,dow,dow0,2,is,8352,0.05703947390010189,0.9551002477754952
AUDUSD,15min,dow,dow0,2,oos,4993,0.16858870188240008,2.323703458742164
AUDUSD,15min,dow,dow1,2,is,8352,-0.0646918479389758,-1.1140306972685705
AUDUSD,15min,dow,dow1,2,oos,4992,0.12775529312295894,1.6354452594146387
AUDUSD,15min,dow,dow2,2,is,8257,-0.0022572944114241404,-0.03380971863028832
AUDUSD,15min,dow,dow2,2,oos,4897,-0.011445226360450585,-0.14748597036906475
AUDUSD,15min,dow,dow3,2,is,8352,0.09139651412998936,1.548182779444498
AUDUSD,15min,dow,dow3,2,oos,4992,-0.13503517162062992,-1.655488696631737
AUDUSD,15min,dow,dow4,2,is,8352,-0.11246483644472433,-1.818407985688804
AUDUSD,15min,dow,dow4,2,oos,4992,-0.06268941841550188,-0.8917867434251975
AUDUSD,15min,vol,vol_low,2,is,15952,0.034667562908510606,1.5922372996846084
AUDUSD,15min,vol,vol_low,2,oos,9625,-0.07816723851207756,-2.363224774432286
AUDUSD,15min,vol,vol_mid,2,is,16558,0.04095006014657107,1.0559229272621886
AUDUSD,15min,vol,vol_mid,2,oos,9999,-0.051410808583358884,-1.0745405674769426
AUDUSD,15min,vol,vol_high,2,is,16904,-0.06164160240096097,-1.1718325264743108
AUDUSD,15min,vol,vol_high,2,oos,10286,0.12312039137699347,1.8960996827713925
AUDUSD,15min,z50,z<-2,2,is,3324,0.20376502527152046,1.7378726760781678
AUDUSD,15min,z50,z<-2,2,oos,1947,0.4986930153583497,3.13218198742653
AUDUSD,15min,z50,z-2..-1,2,is,7969,0.004847838803329922,0.0788504655287976
AUDUSD,15min,z50,z-2..-1,2,oos,4457,0.15754050386894983,1.8661884496115893
AUDUSD,15min,z50,z-1..1,2,is,25166,0.02855146616799584,0.9609244737643182
AUDUSD,15min,z50,z-1..1,2,oos,15768,-0.06988116874723711,-1.924540255358328
AUDUSD,15min,z50,z1..2,2,is,8393,-0.06804013497962434,-1.1400592609214164
AUDUSD,15min,z50,z1..2,2,oos,5101,-0.030625047395997522,-0.4299787610163458
AUDUSD,15min,z50,z>2,2,is,3477,-0.24379428402141257,-2.300564891873002
AUDUSD,15min,z50,z>2,2,oos,1956,-0.1573435644356265,-1.1699392683386551
AUDUSD,15min,mom4,mom4-,2,is,20515,0.05090633803231692,1.2746148356496123
AUDUSD,15min,mom4,mom4-,2,oos,12160,0.13865272902039463,2.7165962072111305
AUDUSD,15min,mom4,mom4+,2,is,21065,-0.04752816413733148,-1.2485550235022775
AUDUSD,15min,mom4,mom4+,2,oos,12645,-0.07333607584318837,-1.5837852928455791
AUDUSD,15min,mom24,mom24-,2,is,21482,0.03584395716435548,0.9513069307828516
AUDUSD,15min,mom24,mom24-,2,oos,12680,0.1032830523642431,2.1337746713716887
AUDUSD,15min,mom24,mom24+,2,is,21953,-0.033397838198466326,-0.9018307167564338
AUDUSD,15min,mom24,mom24+,2,oos,13270,-0.04638141755081789,-1.0363051348622805
AUDUSD,15min,hour,h00,4,is,2165,0.019258678229452802,0.11118823316201704
AUDUSD,15min,hour,h00,4,oos,1298,0.2752495545187361,1.3487007352395006
AUDUSD,15min,hour,h01,4,is,2076,0.3293405998498779,1.830320671533396
AUDUSD,15min,hour,h01,4,oos,1244,-0.012090169221494307,-0.059494531736187455
AUDUSD,15min,hour,h02,4,is,2076,0.10014984840481657,0.6724540817150344
AUDUSD,15min,hour,h02,4,oos,1244,-0.3190837383533312,-1.8355926261663085
AUDUSD,15min,hour,h03,4,is,2076,-0.13149755043909087,-0.9920184151530599
AUDUSD,15min,hour,h03,4,oos,1244,0.00925227450842578,0.05648772610561547
AUDUSD,15min,hour,h04,4,is,2076,-0.2699368567975002,-2.14931689665012
AUDUSD,15min,hour,h04,4,oos,1244,-0.102524252822758,-0.6765576232997079
AUDUSD,15min,hour,h05,4,is,2076,0.03442248809653398,0.2285099623112705
AUDUSD,15min,hour,h05,4,oos,1244,-0.12117377050769365,-0.7374295850140927
AUDUSD,15min,hour,h06,4,is,2076,0.5037625651678321,3.3165126903455433
AUDUSD,15min,hour,h06,4,oos,1244,0.3376686732222423,1.8425773014855495
AUDUSD,15min,hour,h07,4,is,2076,-0.3923597855065692,-2.5123900670907418
AUDUSD,15min,hour,h07,4,oos,1244,-0.13174451005748786,-0.6839925277203633
AUDUSD,15min,hour,h08,4,is,2076,0.11438395245107029,0.803186634077992
AUDUSD,15min,hour,h08,4,oos,1244,0.1590915028042261,0.8402053799503654
AUDUSD,15min,hour,h09,4,is,2076,-0.21649273348342732,-1.7386301546174057
AUDUSD,15min,hour,h09,4,oos,1244,-0.15377023353017244,-0.8783957296153448
AUDUSD,15min,hour,h10,4,is,2076,-0.3534387835797849,-2.5594166410260226
AUDUSD,15min,hour,h10,4,oos,1244,-0.025635185298682108,-0.12688615749739704
AUDUSD,15min,hour,h11,4,is,2076,0.022307844551264555,0.12882971078089794
AUDUSD,15min,hour,h11,4,oos,1244,0.10619761212900444,0.5089256515458523
AUDUSD,15min,hour,h12,4,is,2076,0.25152268077476214,1.1144244582642526
AUDUSD,15min,hour,h12,4,oos,1244,0.563713689299404,2.2705369953359327
AUDUSD,15min,hour,h13,4,is,2076,-0.40146383174931954,-1.6224742404475632
AUDUSD,15min,hour,h13,4,oos,1244,0.5815593484634118,2.153988845295283
AUDUSD,15min,hour,h14,4,is,2076,-0.33140121132543143,-1.4052031079051628
AUDUSD,15min,hour,h14,4,oos,1244,-0.3485451531443263,-1.186996006542325
AUDUSD,15min,hour,h15,4,is,2076,-0.267672887626006,-1.5685759185720451
AUDUSD,15min,hour,h15,4,oos,1244,-0.1866078541089594,-0.7320267302401254
AUDUSD,15min,hour,h16,4,is,2076,0.12396969426223942,0.7730572504542793
AUDUSD,15min,hour,h16,4,oos,1244,-0.04745994414109117,-0.23816996083543332
AUDUSD,15min,hour,h17,4,is,2076,0.5029677674799357,3.0676100290184922
AUDUSD,15min,hour,h17,4,oos,1244,-0.15670431713145638,-0.819272030699847
AUDUSD,15min,hour,h18,4,is,2076,-0.02887230959130235,-0.20348527211401057
AUDUSD,15min,hour,h18,4,oos,1244,-0.14766090877135238,-0.7698659953180182
AUDUSD,15min,hour,h19,4,is,2076,-0.054257666046058764,-0.4639701678486628
AUDUSD,15min,hour,h19,4,oos,1244,-0.006141616166814308,-0.03900935860418034
AUDUSD,15min,hour,h20,4,is,2076,0.006965840697691995,0.07100865081083726
AUDUSD,15min,hour,h20,4,oos,1244,-0.5575081756523665,-2.4684614695888976
AUDUSD,15min,hour,h21,4,is,2076,0.36498607191155885,3.047858740354727
AUDUSD,15min,hour,h21,4,oos,1244,-0.07278148754948863,-0.4228453806019272
AUDUSD,15min,hour,h22,4,is,2076,0.1697307732603049,1.8498457957319556
AUDUSD,15min,hour,h22,4,oos,1244,0.4885127246692084,3.2945788520650834
AUDUSD,15min,hour,h23,4,is,2076,-0.09720082596896877,-0.6983368537527157
AUDUSD,15min,hour,h23,4,oos,1244,-0.14376219494497725,-0.8201425051413951
AUDUSD,15min,dow,dow0,4,is,8352,0.07464527921783072,0.8931425715846031
AUDUSD,15min,dow,dow0,4,oos,4993,0.3040141855568683,3.0624244738753745
AUDUSD,15min,dow,dow1,4,is,8352,-0.1260132456863816,-1.5552140048309122
AUDUSD,15min,dow,dow1,4,oos,4992,0.284099554271792,2.543095546446494
AUDUSD,15min,dow,dow2,4,is,8257,0.018453801633733783,0.1957723555533481
AUDUSD,15min,dow,dow2,4,oos,4897,-0.029747011096593935,-0.2800421188440385
AUDUSD,15min,dow,dow3,4,is,8352,0.15740988649752755,1.918444851097055
AUDUSD,15min,dow,dow3,4,oos,4992,-0.2876352213692369,-2.5138131908562427
AUDUSD,15min,dow,dow4,4,is,8352,-0.20731113840669046,-2.3653704002094527
AUDUSD,15min,dow,dow4,4,oos,4992,-0.12284155149743753,-1.2536533983136018
AUDUSD,15min,vol,vol_low,4,is,15952,-6.99644537931619e-05,-0.002207397294765796
AUDUSD,15min,vol,vol_low,4,oos,9625,-0.1584061795776978,-3.3496585689507565
AUDUSD,15min,vol,vol_mid,4,is,16558,0.1518904572903589,2.6964548369962187
AUDUSD,15min,vol,vol_mid,4,oos,9999,-0.06107433210723403,-0.9142710801604229
AUDUSD,15min,vol,vol_high,4,is,16904,-0.12634461038639208,-1.7583291160065355
AUDUSD,15min,vol,vol_high,4,oos,10286,0.2075969011448154,2.3139092114637827
AUDUSD,15min,z50,z<-2,4,is,3324,0.21551741516398218,1.4104660503394946
AUDUSD,15min,z50,z<-2,4,oos,1947,1.0350338380318145,4.7903508311433205
AUDUSD,15min,z50,z-2..-1,4,is,7969,-0.045938655433871524,-0.5224968382909585
AUDUSD,15min,z50,z-2..-1,4,oos,4457,0.21836960286289353,1.8850830286090066
AUDUSD,15min,z50,z-1..1,4,is,25166,0.07381198423140616,1.7594285050556007
AUDUSD,15min,z50,z-1..1,4,oos,15768,-0.1515972257207981,-2.9361965967896095
AUDUSD,15min,z50,z1..2,4,is,8393,-0.05650205001405761,-0.6706397638537671
AUDUSD,15min,z50,z1..2,4,oos,5101,-0.0714818637445403,-0.7286261793808815
AUDUSD,15min,z50,z>2,4,is,3477,-0.497237690849841,-3.3637441878640733
AUDUSD,15min,z50,z>2,4,oos,1956,-0.005382635636959334,-0.02943455273885483
AUDUSD,15min,mom4,mom4-,4,is,20515,0.012421986325422726,0.2233223040952155
AUDUSD,15min,mom4,mom4-,4,oos,12160,0.2365089883136265,3.332799485602854
AUDUSD,15min,mom4,mom4+,4,is,21065,-0.010380325426340282,-0.19309113104295247
AUDUSD,15min,mom4,mom4+,4,oos,12645,-0.11914129894626586,-1.8381350165065447
AUDUSD,15min,mom24,mom24-,4,is,21482,0.06269201078156071,1.1832552668970095
AUDUSD,15min,mom24,mom24-,4,oos,12680,0.15627627361580393,2.3391912761316216
AUDUSD,15min,mom24,mom24+,4,is,21953,-0.06060745610813891,-1.1701854486431995
AUDUSD,15min,mom24,mom24+,4,oos,13270,-0.055055256198137045,-0.8719558712461378
AUDUSD,15min,hour,h00,8,is,2165,0.34292844190922384,1.442823966993932
AUDUSD,15min,hour,h00,8,oos,1298,0.26459843062831484,0.9119671126966397
AUDUSD,15min,hour,h01,8,is,2076,0.42949044825469446,1.811622328106413
AUDUSD,15min,hour,h01,8,oos,1244,-0.33244438567579476,-1.2486421000098176
AUDUSD,15min,hour,h02,8,is,2076,-0.03134770203427427,-0.1504903590359975
AUDUSD,15min,hour,h02,8,oos,1244,-0.3111019419458746,-1.297249882425304
AUDUSD,15min,hour,h03,8,is,2076,-0.40143440723659096,-2.133779784554512
AUDUSD,15min,hour,h03,8,oos,1244,-0.09454245641530144,-0.43192602866130375
AUDUSD,15min,hour,h04,8,is,2076,-0.23551436870096612,-1.2465188425933682
AUDUSD,15min,hour,h04,8,oos,1244,-0.22496850143142091,-0.979008621850828
AUDUSD,15min,hour,h05,8,is,2076,0.5381850532643662,2.6291018914082844
AUDUSD,15min,hour,h05,8,oos,1244,0.21522442461357927,0.8552624606104523
AUDUSD,15min,hour,h06,8,is,2076,0.1114027796612629,0.5054488102013474
AUDUSD,15min,hour,h06,8,oos,1244,0.20465368506378492,0.8045799485137124
AUDUSD,15min,hour,h07,8,is,2076,-0.27797583305549894,-1.3540572844743581
AUDUSD,15min,hour,h07,8,oos,1244,0.02607651464576891,0.10235642174356778
AUDUSD,15min,hour,h08,8,is,2076,-0.10210878103235703,-0.5275874741747183
AUDUSD,15min,hour,h08,8,oos,1244,0.004050791173084411,0.015633965102204307
AUDUSD,15min,hour,h09,8,is,2076,-0.5699315170632123,-2.990799280585317
AUDUSD,15min,hour,h09,8,oos,1244,-0.1806758969298237,-0.740511787181464
AUDUSD,15min,hour,h10,8,is,2076,-0.33113093902852037,-1.556324424867024
AUDUSD,15min,hour,h10,8,oos,1244,0.07929194872935288,0.28566844803175484
AUDUSD,15min,hour,h11,8,is,2076,0.27383052532602686,0.9786568469558055
AUDUSD,15min,hour,h11,8,oos,1244,0.6686408233274389,1.9981705468258928
AUDUSD,15min,hour,h12,8,is,2076,-0.14994115097455724,-0.4563631485657017
AUDUSD,15min,hour,h12,8,oos,1244,1.1440025596618462,3.112111416216972
AUDUSD,15min,hour,h13,8,is,2076,-0.7328650430747509,-2.0772229242066165
AUDUSD,15min,hour,h13,8,oos,1244,0.23174371721811593,0.6021568205356507
AUDUSD,15min,hour,h14,8,is,2076,-0.5990740989514373,-2.0701957492245167
AUDUSD,15min,hour,h14,8,oos,1244,-0.5364234853542553,-1.4433992947457637
AUDUSD,15min,hour,h15,8,is,2076,-0.14370319336376652,-0.608975547599702
AUDUSD,15min,hour,h15,8,oos,1244,-0.23533827635102017,-0.7446637276154278
AUDUSD,15min,hour,h16,8,is,2076,0.6269374617421751,2.6443260938969417
AUDUSD,15min,hour,h16,8,oos,1244,-0.20543473937351686,-0.7688129871950584
AUDUSD,15min,hour,h17,8,is,2076,0.47409545788863333,2.199129824112064
AUDUSD,15min,hour,h17,8,oos,1244,-0.30563570400377815,-1.1100479516100055
AUDUSD,15min,hour,h18,8,is,2076,-0.08312997563736109,-0.4551486909332586
AUDUSD,15min,hour,h18,8,oos,1244,-0.15507300303913624,-0.6499282141483086
AUDUSD,15min,hour,h19,8,is,2076,-0.04729182534836675,-0.32670908844977
AUDUSD,15min,hour,h19,8,oos,1244,-0.5649202699201502,-2.0896255578577385
AUDUSD,15min,hour,h20,8,is,2076,0.3719519126092508,2.430837475705535
AUDUSD,15min,hour,h20,8,oos,1244,-0.6315601413028248,-2.3858408336914767
AUDUSD,15min,hour,h21,8,is,2076,0.5347168451718637,3.6479748558188696
AUDUSD,15min,hour,h21,8,oos,1244,0.4144607590187504,1.8646183381263488
AUDUSD,15min,hour,h22,8,is,2076,0.07252994729133604,0.4370402790832851
AUDUSD,15min,hour,h22,8,oos,1244,0.3434800516232618,1.5148800730086103
AUDUSD,15min,hour,h23,8,is,2076,-0.08532169047358935,-0.38095741909368075
AUDUSD,15min,hour,h23,8,oos,1244,0.17040931207341847,0.6229271397659686
AUDUSD,15min,dow,dow0,8,is,8352,0.006672023952905067,0.056579508220045524
AUDUSD,15min,dow,dow0,8,oos,4993,0.5044746965377062,3.750954420400889
AUDUSD,15min,dow,dow1,8,is,8352,-0.21908827298196196,-1.9190364574097765
AUDUSD,15min,dow,dow1,8,oos,4992,0.5797491432631245,3.708872721055284
AUDUSD,15min,dow,dow2,8,is,8257,0.1043836841685254,0.7791787551072539
AUDUSD,15min,dow,dow2,8,oos,4897,-0.010621555634164052,-0.07173221847182089
AUDUSD,15min,dow,dow3,8,is,8352,0.24439352778432308,2.1409087340821897
AUDUSD,15min,dow,dow3,8,oos,4992,-0.5717131964804666,-3.560571935789632
AUDUSD,15min,dow,dow4,8,is,8352,-0.3835099683842611,-3.1158643562758073
AUDUSD,15min,dow,dow4,8,oos,4992,-0.28288106507020394,-2.078505773027491
AUDUSD,15min,vol,vol_low,8,is,15952,-0.0091043220871297,-0.17768762266300964
AUDUSD,15min,vol,vol_low,8,oos,9625,-0.22565166842519224,-3.290529703665295
AUDUSD,15min,vol,vol_mid,8,is,16558,0.17299821135569085,2.135596720319779
AUDUSD,15min,vol,vol_mid,8,oos,9999,-0.048491649566159464,-0.5048873801994883
AUDUSD,15min,vol,vol_high,8,is,16904,-0.11612391078697763,-1.194077591240687
AUDUSD,15min,vol,vol_high,8,oos,10286,0.25828945290730154,2.1388122013862
AUDUSD,15min,z50,z<-2,8,is,3324,0.1138116052978962,0.5455246370356097
AUDUSD,15min,z50,z<-2,8,oos,1947,1.366280505615481,5.032539903679274
AUDUSD,15min,z50,z-2..-1,8,is,7969,0.019742716739230354,0.15822978101312687
AUDUSD,15min,z50,z-2..-1,8,oos,4457,0.5714009690427956,3.5627419358861037
AUDUSD,15min,z50,z-1..1,8,is,25166,0.11512376978205374,1.9079097148319135
AUDUSD,15min,z50,z-1..1,8,oos,15768,-0.28639669007021495,-3.9354617505836185
AUDUSD,15min,z50,z1..2,8,is,8393,-0.12754002282092594,-1.055128529373244
AUDUSD,15min,z50,z1..2,8,oos,5101,-0.13196210208093187,-0.9415009179588717
AUDUSD,15min,z50,z>2,8,is,3477,-0.7012916025797465,-3.784835894878353
AUDUSD,15min,z50,z>2,8,oos,1956,0.18934461872326944,0.7514676924679056
AUDUSD,15min,mom4,mom4-,8,is,20515,0.038360911476098714,0.4895592999130935
AUDUSD,15min,mom4,mom4-,8,oos,12160,0.5232113143157627,5.35189222665982
AUDUSD,15min,mom4,mom4+,8,is,21065,-0.050777266091230906,-0.6710210759246499
AUDUSD,15min,mom4,mom4+,8,oos,12645,-0.30737434922403184,-3.379548364488911
AUDUSD,15min,mom24,mom24-,8,is,21482,0.13147516763890998,1.738804755647585
AUDUSD,15min,mom24,mom24-,8,oos,12680,0.28631755808962567,3.0941951158755976
AUDUSD,15min,mom24,mom24+,8,is,21953,-0.14155837324666556,-1.9675685812272061
AUDUSD,15min,mom24,mom24+,8,oos,13270,-0.11633577572708152,-1.3206063961640158
AUDUSD,15min,hour,h00,24,is,2165,0.09783844351064035,0.27517179974335504
AUDUSD,15min,hour,h00,24,oos,1298,-0.2612836583710952,-0.6054730632313206
AUDUSD,15min,hour,h01,24,is,2076,0.5662410942824697,1.6269231542721356
AUDUSD,15min,hour,h01,24,oos,1244,-0.21306632921272245,-0.5127277610816721
AUDUSD,15min,hour,h02,24,is,2076,-0.15545929107397738,-0.4724618000354767
AUDUSD,15min,hour,h02,24,oos,1244,-0.33272067004871597,-0.8484594390710495
AUDUSD,15min,hour,h03,24,is,2076,-0.14122518702772371,-0.42024212487383106
AUDUSD,15min,hour,h03,24,oos,1244,0.14545457110884139,0.37463615098529396
AUDUSD,15min,hour,h04,24,is,2076,-0.2262203700720601,-0.6666118486164723
AUDUSD,15min,hour,h04,24,oos,1244,-0.01756793692975703,-0.042457691219527575
AUDUSD,15min,hour,h05,24,is,2076,-0.309722296854345,-0.8845449965372133
AUDUSD,15min,hour,h05,24,oos,1244,0.059321130594318955,0.13997858833546725
AUDUSD,15min,hour,h06,24,is,2076,-0.32183694039961436,-0.8781568706493534
AUDUSD,15min,hour,h06,24,oos,1244,0.2866925132310167,0.6772740166421646
AUDUSD,15min,hour,h07,24,is,2076,-0.5740768247926842,-1.3997870452943268
AUDUSD,15min,hour,h07,24,oos,1244,0.5127375293081786,1.1124877240466056
AUDUSD,15min,hour,h08,24,is,2076,-0.5831808710354343,-1.3081302610393721
AUDUSD,15min,hour,h08,24,oos,1244,1.2260413878290781,2.4408571586926127
AUDUSD,15min,hour,h09,24,is,2076,-1.0289660348119365,-2.1687701337445953
AUDUSD,15min,hour,h09,24,oos,1244,0.7184047318805256,1.3269231426255998
AUDUSD,15min,hour,h10,24,is,2076,-1.0801461889545152,-2.2078411638122937
AUDUSD,15min,hour,h10,24,oos,1244,0.6855671113017385,1.2472091611706877
AUDUSD,15min,hour,h11,24,is,2076,-0.6027377111124911,-1.218992114225418
AUDUSD,15min,hour,h11,24,oos,1244,0.6637423524593291,1.2120599234271523
AUDUSD,15min,hour,h12,24,is,2076,-0.12207778818381959,-0.2453339357893529
AUDUSD,15min,hour,h12,24,oos,1244,0.4008404231988683,0.724448966890436
AUDUSD,15min,hour,h13,24,is,2076,-0.40247277854988417,-0.8338787077663067
AUDUSD,15min,hour,h13,24,oos,1244,-0.310534174871888,-0.5716167570729833
AUDUSD,15min,hour,h14,24,is,2076,-0.05526661284662327,-0.13346460013989236
AUDUSD,15min,hour,h14,24,oos,1244,-0.8982351395021138,-1.855207412757937
AUDUSD,15min,hour,h15,24,is,2076,0.28310043917650035,0.8055794400672345
AUDUSD,15min,hour,h15,24,oos,1244,-1.107198162010154,-2.2859304883543143
AUDUSD,15min,hour,h16,24,is,2076,0.9157593987140651,2.730709490720628
AUDUSD,15min,hour,h16,24,oos,1244,-0.9933717954506833,-2.251103380427605
AUDUSD,15min,hour,h17,24,is,2076,0.9615204777121306,3.2010715338056945
AUDUSD,15min,hour,h17,24,oos,1244,-0.45739912664038374,-1.0516925743627459
AUDUSD,15min,hour,h18,24,is,2076,0.3613518842632261,1.272033745075817
AUDUSD,15min,hour,h18,24,oos,1244,-0.44445700445390474,-1.0677272123850097
AUDUSD,15min,hour,h19,24,is,2076,0.40210332934990783,1.378034066251717
AUDUSD,15min,hour,h19,24,oos,1244,0.018645889436812838,0.04607885397228606
AUDUSD,15min,hour,h20,24,is,2076,0.7924935027602955,2.4697493655423757
AUDUSD,15min,hour,h20,24,oos,1244,0.009763252780846592,0.023198047699022888
AUDUSD,15min,hour,h21,24,is,2076,0.8816312676928543,2.505742575395981
AUDUSD,15min,hour,h21,24,oos,1244,0.24690151644644018,0.5706178824163736
AUDUSD,15min,hour,h22,24,is,2076,0.3895551597930718,1.071200994639467
AUDUSD,15min,hour,h22,24,oos,1244,0.32977932995129944,0.7056594513191601
AUDUSD,15min,hour,h23,24,is,2076,-0.05240052421463772,-0.14157764200961662
AUDUSD,15min,hour,h23,24,oos,1244,-0.25671584689757987,-0.5534439934941339
AUDUSD,15min,dow,dow0,24,is,8352,-0.24880576722174705,-1.2795297316097383
AUDUSD,15min,dow,dow0,24,oos,4993,0.8804157917373158,4.059059793326519
AUDUSD,15min,dow,dow1,24,is,8352,-0.5099348381029765,-2.5176562897517494
AUDUSD,15min,dow,dow1,24,oos,4992,2.2427912744644263,8.199688811986753
AUDUSD,15min,dow,dow2,24,is,8257,0.7958384692428896,3.4882723690943975
AUDUSD,15min,dow,dow2,24,oos,4897,-0.5519760117600202,-2.3078307651073877
AUDUSD,15min,dow,dow3,24,is,8352,0.11830989369779614,0.5975917582312097
AUDUSD,15min,dow,dow3,24,oos,4992,-1.6527716261766041,-6.236407429344495
AUDUSD,15min,dow,dow4,24,is,8352,-0.9843122327389843,-4.850187524749508
AUDUSD,15min,dow,dow4,24,oos,4992,-0.7000472672022298,-3.1653357846908063
AUDUSD,15min,vol,vol_low,24,is,15952,0.14357156232435891,1.4474707379592644
AUDUSD,15min,vol,vol_low,24,oos,9625,-0.7370537222055815,-5.8420021268690165
AUDUSD,15min,vol,vol_mid,24,is,16558,0.04649795572427925,0.3255690984996436
AUDUSD,15min,vol,vol_mid,24,oos,9999,0.10777659511187332,0.637736716618366
AUDUSD,15min,vol,vol_high,24,is,16904,-0.04680701395108174,-0.29704712732516364
AUDUSD,15min,vol,vol_high,24,oos,10286,0.5849196871189096,3.14989842896204
AUDUSD,15min,z50,z<-2,24,is,3324,-0.2650483369341983,-0.7929509401579324
AUDUSD,15min,z50,z<-2,24,oos,1947,2.333926922008964,5.564630274355057
AUDUSD,15min,z50,z-2..-1,24,is,7969,0.12822676986882406,0.5850521573952383
AUDUSD,15min,z50,z-2..-1,24,oos,4457,1.3133589460326272,5.243245761484253
AUDUSD,15min,z50,z-1..1,24,is,25166,0.22435287177166216,2.116291963848166
AUDUSD,15min,z50,z-1..1,24,oos,15768,-0.8474168637317355,-6.843159573852298
AUDUSD,15min,z50,z1..2,24,is,8393,-0.2447015649479591,-1.2156604635770563
AUDUSD,15min,z50,z1..2,24,oos,5101,0.02313912920883927,0.09545335250132304
AUDUSD,15min,z50,z>2,24,is,3477,-1.6880997142678746,-5.828366331853526
AUDUSD,15min,z50,z>2,24,oos,1956,1.666346508851716,4.178876117219782
AUDUSD,15min,mom4,mom4-,24,is,20515,0.08624529840586964,0.6399178133022476
AUDUSD,15min,mom4,mom4-,24,oos,12160,0.5874254259489077,3.711505595283751
AUDUSD,15min,mom4,mom4+,24,is,21065,-0.3197374474547943,-2.514428481889359
AUDUSD,15min,mom4,mom4+,24,oos,12645,-0.24707662330605903,-1.5978525114231064
AUDUSD,15min,mom24,mom24-,24,is,21482,0.10199695808851136,0.7939390641732885
AUDUSD,15min,mom24,mom24-,24,oos,12680,0.4395336205778233,2.8629248979925723
AUDUSD,15min,mom24,mom24+,24,is,21953,-0.31825458496115944,-2.5983777038613294
AUDUSD,15min,mom24,mom24+,24,oos,13270,-0.1895049088486187,-1.2995912891683161
USDJPY,15min,hour,h00,1,is,2172,-0.1207336309536655,-0.5445744095290169
USDJPY,15min,hour,h00,1,oos,1298,-0.26449520363863854,-1.0437166723291456
USDJPY,15min,hour,h01,1,is,2084,-0.16308763568323079,-0.7092174938028396
USDJPY,15min,hour,h01,1,oos,1244,0.11274866399843445,0.5852213653195615
USDJPY,15min,hour,h02,1,is,2084,0.40416284416320947,2.490536704688702
USDJPY,15min,hour,h02,1,oos,1244,-0.06422078937779041,-0.4366395892884908
USDJPY,15min,hour,h03,1,is,2084,-0.14396575468516332,-0.8585299579628233
USDJPY,15min,hour,h03,1,oos,1244,-0.07061146461895682,-0.46715178298641385
USDJPY,15min,hour,h04,1,is,2084,-0.2301701692724728,-1.2443850434370671
USDJPY,15min,hour,h04,1,oos,1244,-0.15658413342920094,-0.8748127284229297
USDJPY,15min,hour,h05,1,is,2084,-0.06152813472353385,-0.36382379128103265
USDJPY,15min,hour,h05,1,oos,1244,0.2545493070852497,1.7595813043023802
USDJPY,15min,hour,h06,1,is,2084,-0.07846671437803376,-0.33051041996496594
USDJPY,15min,hour,h06,1,oos,1244,-0.09770149677328761,-0.5167283327485208
USDJPY,15min,hour,h07,1,is,2084,0.3786590053915963,1.6116202014778942
USDJPY,15min,hour,h07,1,oos,1244,0.26769239390194705,1.1106908225438292
USDJPY,15min,hour,h08,1,is,2084,-0.06855788520335175,-0.35431308794207655
USDJPY,15min,hour,h08,1,oos,1244,-0.006262590020860902,-0.028639769204456583
USDJPY,15min,hour,h09,1,is,2084,0.19454192285802244,1.1686473211438195
USDJPY,15min,hour,h09,1,oos,1244,0.14594802091161405,0.7895577738545129
USDJPY,15min,hour,h10,1,is,2084,-0.13859147445481823,-0.9252530684197746
USDJPY,15min,hour,h10,1,oos,1244,-0.14235583760928183,-0.8523193023312303
USDJPY,15min,hour,h11,1,is,2084,0.02676361191750844,0.1750169625812044
USDJPY,15min,hour,h11,1,oos,1244,-0.14239603053533492,-0.7819553098984057
USDJPY,15min,hour,h12,1,is,2084,0.1398634199789918,0.4685802526076101
USDJPY,15min,hour,h12,1,oos,1244,-0.16639120738425445,-0.7349924980699334
USDJPY,15min,hour,h13,1,is,2084,-0.26536690631664506,-0.9370437883012347
USDJPY,15min,hour,h13,1,oos,1244,-0.437814036966188,-1.4225052126690596
USDJPY,15min,hour,h14,1,is,2084,-0.021916810347326725,-0.08315612682413474
USDJPY,15min,hour,h14,1,oos,1244,0.0748065418119341,0.30620944982155573
USDJPY,15min,hour,h15,1,is,2084,0.4746282952188995,2.05817006421893
USDJPY,15min,hour,h15,1,oos,1244,0.03943676689232462,0.17404355274652053
USDJPY,15min,hour,h16,1,is,2084,-0.013567482132389671,-0.07506378047202424
USDJPY,15min,hour,h16,1,oos,1244,0.10053001448076437,0.6114197966461012
USDJPY,15min,hour,h17,1,is,2084,0.028059197330200097,0.1621415137943298
USDJPY,15min,hour,h17,1,oos,1244,0.04309432316240545,0.23044405749576982
USDJPY,15min,hour,h18,1,is,2084,0.021941155103722555,0.13443096444968172
USDJPY,15min,hour,h18,1,oos,1244,0.3861409469566118,2.480382243661391
USDJPY,15min,hour,h19,1,is,2084,0.2509718652764682,1.9127709561003237
USDJPY,15min,hour,h19,1,oos,1244,0.19176795660293178,1.3321410460696888
USDJPY,15min,hour,h20,1,is,2084,-0.2504916663933976,-1.3803279327265032
USDJPY,15min,hour,h20,1,oos,1244,0.20257985370902984,0.832583189251376
USDJPY,15min,hour,h21,1,is,2084,-0.3882315896179723,-2.709565246829106
USDJPY,15min,hour,h21,1,oos,1244,-0.3710133938793678,-2.4584442102978756
USDJPY,15min,hour,h22,1,is,2084,-0.1333131635142939,-0.9574887714780245
USDJPY,15min,hour,h22,1,oos,1244,-0.07000857072826847,-0.4795603934436733
USDJPY,15min,hour,h23,1,is,2084,0.16349585759887306,0.8810414411044085
USDJPY,15min,hour,h23,1,oos,1244,0.18204126850002345,1.1642878316419105
USDJPY,15min,dow,dow0,1,is,8352,0.030215392405254365,0.2915305166790083
USDJPY,15min,dow,dow0,1,oos,4898,-0.04598930110052696,-0.46069907273480426
USDJPY,15min,dow,dow1,1,is,8352,0.03292133110257038,0.34275214356870404
USDJPY,15min,dow,dow1,1,oos,4992,-0.008614037223847357,-0.09418704070282626
USDJPY,15min,dow,dow2,1,is,8352,0.0014618004512311786,0.01249507387265496
USDJPY,15min,dow,dow2,1,oos,4992,0.06418243713512162,0.6435691634648097
USDJPY,15min,dow,dow3,1,is,8352,-0.03041679150279415,-0.2868437884844907
USDJPY,15min,dow,dow3,1,oos,4992,-0.03707958209564551,-0.32599977083730963
USDJPY,15min,dow,dow4,1,is,8352,-0.025010900698192583,-0.225081290894007
USDJPY,15min,dow,dow4,1,oos,4992,-0.042969005172568846,-0.38786772524473706
USDJPY,15min,vol,vol_low,1,is,16166,-0.027249095850683813,-0.7423770659558571
USDJPY,15min,vol,vol_low,1,oos,9740,-0.026175667660062466,-0.608954735891466
USDJPY,15min,vol,vol_mid,1,is,16455,0.038198959352029924,0.6005225979657635
USDJPY,15min,vol,vol_mid,1,oos,9987,0.08065168068539326,1.3968698073497934
USDJPY,15min,vol,vol_high,1,is,16984,-0.03207731028270239,-0.3351939524823965
USDJPY,15min,vol,vol_high,1,oos,10183,-0.0540623914363166,-0.5689496990323158
USDJPY,15min,z50,z<-2,1,is,3378,-0.14370752115647048,-0.6119989753745602
USDJPY,15min,z50,z<-2,1,oos,1714,-0.2523156634430457,-0.8050880043523523
USDJPY,15min,z50,z-2..-1,1,is,7350,0.012859182967485044,0.10525840080325656
USDJPY,15min,z50,z-2..-1,1,oos,3688,0.171575850109989,1.2685393277056014
USDJPY,15min,z50,z-1..1,1,is,25947,0.013522040456380223,0.27940501368405457
USDJPY,15min,z50,z-1..1,1,oos,16061,0.03431907952235296,0.7582018149270201
USDJPY,15min,z50,z1..2,1,is,9066,-0.07085063663212605,-0.8099065175434188
USDJPY,15min,z50,z1..2,1,oos,5857,-0.06817143765254642,-0.8372832966412118
USDJPY,15min,z50,z>2,1,is,3499,0.2781652257046318,1.4319676516223152
USDJPY,15min,z50,z>2,1,oos,2105,-0.20116263279148017,-1.137767815673207
USDJPY,15min,mom4,mom4-,1,is,20379,0.05326563678996956,0.746034438407305
USDJPY,15min,mom4,mom4-,1,oos,11670,0.06619824340200976,0.8790162678697991
USDJPY,15min,mom4,mom4+,1,is,21375,-0.022984020278756935,-0.35270298815708184
USDJPY,15min,mom4,mom4+,1,oos,13158,-0.06081537514198872,-1.0396968557750919
USDJPY,15min,mom24,mom24-,1,is,20661,-0.04464656136599311,-0.6201635100267635
USDJPY,15min,mom24,mom24-,1,oos,11523,0.0032509112863322726,0.042304862597757
USDJPY,15min,mom24,mom24+,1,is,22915,0.06402955825262974,1.079479285294857
USDJPY,15min,mom24,mom24+,1,oos,14434,-0.004650590263249015,-0.08784891626997378
USDJPY,15min,hour,h00,2,is,2172,-0.3499387167876768,-1.1086737255351413
USDJPY,15min,hour,h00,2,oos,1298,-0.6252619594788515,-1.7522362662408486
USDJPY,15min,hour,h01,2,is,2084,-0.13488448441823458,-0.43697448445331405
USDJPY,15min,hour,h01,2,oos,1244,0.2212354964142172,0.8539733656742201
USDJPY,15min,hour,h02,2,is,2084,0.5858688745068273,2.615158751320951
USDJPY,15min,hour,h02,2,oos,1244,-0.03933524313561536,-0.19687993494194894
USDJPY,15min,hour,h03,2,is,2084,-0.11384321762365253,-0.48307054105808783
USDJPY,15min,hour,h03,2,oos,1244,-0.22205228493626727,-1.0014061217599184
USDJPY,15min,hour,h04,2,is,2084,-0.18118966675994425,-0.6796441318083295
USDJPY,15min,hour,h04,2,oos,1244,-0.23913427850538801,-0.8681154273855496
USDJPY,15min,hour,h05,2,is,2084,-0.179534196510421,-0.7384467153394971
USDJPY,15min,hour,h05,2,oos,1244,0.5757371041312449,2.698487970869074
USDJPY,15min,hour,h06,2,is,2084,-0.4469286302915748,-1.2561578687743942
USDJPY,15min,hour,h06,2,oos,1244,-0.1792870116243853,-0.6390870178485234
USDJPY,15min,hour,h07,2,is,2084,0.6616366288254487,2.001641679355141
USDJPY,15min,hour,h07,2,oos,1244,0.3722001266392941,1.1900478197438993
USDJPY,15min,hour,h08,2,is,2084,-0.023632085185989093,-0.09065784085370227
USDJPY,15min,hour,h08,2,oos,1244,-0.044922059855870757,-0.14993326085895534
USDJPY,15min,hour,h09,2,is,2084,0.2282153236430919,0.9959704218420176
USDJPY,15min,hour,h09,2,oos,1244,0.39253774721806434,1.6140399391930713
USDJPY,15min,hour,h10,2,is,2084,0.046137588518391746,0.21984505745728272
USDJPY,15min,hour,h10,2,oos,1244,-0.32856353895554524,-1.2059558223535956
USDJPY,15min,hour,h11,2,is,2084,-0.013291394207168229,-0.05980557762326648
USDJPY,15min,hour,h11,2,oos,1244,-0.24162623992019336,-1.0166919856528964
USDJPY,15min,hour,h12,2,is,2084,0.16458768448767433,0.3604344184908151
USDJPY,15min,hour,h12,2,oos,1244,-0.5033625743253863,-1.522014459386416
USDJPY,15min,hour,h13,2,is,2084,-0.3563096283722491,-0.8804452610559488
USDJPY,15min,hour,h13,2,oos,1244,-0.8331053395986092,-1.7356428326628328
USDJPY,15min,hour,h14,2,is,2084,-0.06626644219176561,-0.18586339178885944
USDJPY,15min,hour,h14,2,oos,1244,0.32340591442065386,0.9997992718647202
USDJPY,15min,hour,h15,2,is,2084,1.0772556307448953,3.394607865233458
USDJPY,15min,hour,h15,2,oos,1244,0.07111491763609305,0.24169223670803486
USDJPY,15min,hour,h16,2,is,2084,-0.20345454199989615,-0.8379029243450001
USDJPY,15min,hour,h16,2,oos,1244,0.26066475686438456,1.12895202860414
USDJPY,15min,hour,h17,2,is,2084,0.11120476702126933,0.44745235930284016
USDJPY,15min,hour,h17,2,oos,1244,-0.0012725421709827863,-0.005061652632117015
USDJPY,15min,hour,h18,2,is,2084,0.00695812594637311,0.031346522112482754
USDJPY,15min,hour,h18,2,oos,1244,0.7542338886971169,3.391220358673531
USDJPY,15min,hour,h19,2,is,2084,0.4875723294013146,2.489443732646183
USDJPY,15min,hour,h19,2,oos,1244,0.3287917665107002,1.5330986454227138
USDJPY,15min,hour,h20,2,is,2084,-0.6490399546677781,-2.395745462962563
USDJPY,15min,hour,h20,2,oos,1244,0.2336551105621348,0.6928765845873768
USDJPY,15min,hour,h21,2,is,2084,-0.6736320851860431,-3.501215197700878
USDJPY,15min,hour,h21,2,oos,1244,-0.38559730101342005,-1.9963046516200078
USDJPY,15min,hour,h22,2,is,2084,0.03843605300975399,0.19610970155256388
USDJPY,15min,hour,h22,2,oos,1244,-0.12984971258903305,-0.7010297903321612
USDJPY,15min,hour,h23,2,is,2084,-0.001151279044046957,-0.004368447510300858
USDJPY,15min,hour,h23,2,oos,1244,0.2669348533274231,1.1081350878760161
USDJPY,15min,dow,dow0,2,is,8352,0.0942430453469051,0.6331399922652903
USDJPY,15min,dow,dow0,2,oos,4898,-0.07907419754840905,-0.5594277818547808
USDJPY,15min,dow,dow1,2,is,8352,0.08977704917832142,0.6753626967085606
USDJPY,15min,dow,dow1,2,oos,4992,-0.015256814112204106,-0.12024824401936061
USDJPY,15min,dow,dow2,2,is,8352,-0.012342203695238153,-0.07433212201279589
USDJPY,15min,dow,dow2,2,oos,4992,0.10990344229804304,0.7853288797092149
USDJPY,15min,dow,dow3,2,is,8352,-0.08254095848451616,-0.5496892849036841
USDJPY,15min,dow,dow3,2,oos,4992,-0.04465384936861779,-0.2651766832082513
USDJPY,15min,dow,dow4,2,is,8352,-0.03218774967224878,-0.20122591630198525
USDJPY,15min,dow,dow4,2,oos,4992,-0.10714383334297818,-0.6994673113108508
USDJPY,15min,vol,vol_low,2,is,16166,-0.06336556767565285,-1.1888315087601864
USDJPY,15min,vol,vol_low,2,oos,9740,-0.05611205107450463,-0.9180387673199686
USDJPY,15min,vol,vol_mid,2,is,16455,0.028725478716209826,0.3115789102400255
USDJPY,15min,vol,vol_mid,2,oos,9987,0.1813775154440831,2.157561031103116
USDJPY,15min,vol,vol_high,2,is,16984,-0.009526735497084469,-0.07099542312372574
USDJPY,15min,vol,vol_high,2,oos,10183,-0.12421544429680731,-0.9378745456840861
USDJPY,15min,z50,z<-2,2,is,3378,-0.18960568766520486,-0.590252254273765
USDJPY,15min,z50,z<-2,2,oos,1714,-0.4390408545745981,-1.065152329787171
USDJPY,15min,z50,z-2..-1,2,is,7350,-0.033696600051471993,-0.1915734300690395
USDJPY,15min,z50,z-2..-1,2,oos,3688,0.20051395056463592,1.0183729475584202
USDJPY,15min,z50,z-1..1,2,is,25947,0.008280832753060139,0.11929625433342417
USDJPY,15min,z50,z-1..1,2,oos,16061,0.05575575188716523,0.8564742647241333
USDJPY,15min,z50,z1..2,2,is,9066,-0.05145199022873243,-0.4195716043934911
USDJPY,15min,z50,z1..2,2,oos,5857,-0.1194485148576345,-1.0443616530734892
USDJPY,15min,z50,z>2,2,is,3499,0.4812661473223822,1.7386779753376798
USDJPY,15min,z50,z>2,2,oos,2105,-0.16274870136936334,-0.6420303059151068
USDJPY,15min,mom4,mom4-,2,is,20379,0.07152955612569827,0.7120057434851641
USDJPY,15min,mom4,mom4-,2,oos,11670,0.12890528483479474,1.2214192969754292
USDJPY,15min,mom4,mom4+,2,is,21375,-0.02299026277973693,-0.24600525608776977
USDJPY,15min,mom4,mom4+,2,oos,13158,-0.10697682193868438,-1.2760086323598652
USDJPY,15min,mom24,mom24-,2,is,20661,-0.1009455112901477,-0.9871544431713907
USDJPY,15min,mom24,mom24-,2,oos,11523,-0.003202116546635159,-0.029654662051599754
USDJPY,15min,mom24,mom24+,2,is,22915,0.13420138139725865,1.5936272084012157
USDJPY,15min,mom24,mom24+,2,oos,14434,-0.000636951499274871,-0.008423461104844506
USDJPY,15min,hour,h00,4,is,2172,-0.622184063409612,-1.3841733640885368
USDJPY,15min,hour,h00,4,oos,1298,-0.7734934155316874,-1.8222097886644184
USDJPY,15min,hour,h01,4,is,2084,-0.10748489973865707,-0.2700729049490751
USDJPY,15min,hour,h01,4,oos,1244,0.24525005079549528,0.7039928324367403
USDJPY,15min,hour,h02,4,is,2084,0.9753126050597698,3.030277262245957
USDJPY,15min,hour,h02,4,oos,1244,-0.0070409459890678,-0.025234203544743452
USDJPY,15min,hour,h03,4,is,2084,-0.6308534218115672,-1.5998349131179304
USDJPY,15min,hour,h03,4,oos,1244,-0.5438978591724174,-1.5947821529274657
USDJPY,15min,hour,h04,4,is,2084,0.47238554172000735,1.3202107876820721
USDJPY,15min,hour,h04,4,oos,1244,-0.2824830681755132,-0.8120505242655682
USDJPY,15min,hour,h05,4,is,2084,-0.729269928529459,-1.8207354181540756
USDJPY,15min,hour,h05,4,oos,1244,1.2069863852006284,3.852697281106056
USDJPY,15min,hour,h06,4,is,2084,-0.8630271262262038,-1.7063276040291173
USDJPY,15min,hour,h06,4,oos,1244,-0.21298949904383857,-0.5356711182065041
USDJPY,15min,hour,h07,4,is,2084,1.2480093421039198,2.812630833786316
USDJPY,15min,hour,h07,4,oos,1244,0.6399043916315021,1.5639467046481372
USDJPY,15min,hour,h08,4,is,2084,-0.07149641605341196,-0.20176400415756485
USDJPY,15min,hour,h08,4,oos,1244,-0.19313419357753742,-0.4931490808493765
USDJPY,15min,hour,h09,4,is,2084,0.3747847739657123,1.1756526489061012
USDJPY,15min,hour,h09,4,oos,1244,0.6386182179980372,1.825937204804318
USDJPY,15min,hour,h10,4,is,2084,0.36216481235347847,1.2263502403916653
USDJPY,15min,hour,h10,4,oos,1244,-0.7050312996867938,-1.580887028619638
USDJPY,15min,hour,h11,4,is,2084,-0.2323169534815584,-0.5071434400393892
USDJPY,15min,hour,h11,4,oos,1244,-0.6751277627093644,-1.787578761162766
USDJPY,15min,hour,h12,4,is,2084,0.412044850741213,0.6768003998788948
USDJPY,15min,hour,h12,4,oos,1244,-1.205794965281747,-2.5049345908628453
USDJPY,15min,hour,h13,4,is,2084,-0.998295840237759,-1.7860395196305743
USDJPY,15min,hour,h13,4,oos,1244,-0.9965505922912765,-1.4444755875079562
USDJPY,15min,hour,h14,4,is,2084,0.28798055131696043,0.5710538115424739
USDJPY,15min,hour,h14,4,oos,1244,0.7379751311813161,1.7079971773421325
USDJPY,15min,hour,h15,4,is,2084,1.9332780561155196,4.6256690968553755
USDJPY,15min,hour,h15,4,oos,1244,0.12426934339997235,0.33829913011992024
USDJPY,15min,hour,h16,4,is,2084,-0.17819027401893395,-0.5505245255070478
USDJPY,15min,hour,h16,4,oos,1244,0.2914719157472629,0.8332567083328845
USDJPY,15min,hour,h17,4,is,2084,0.06655540736304344,0.18498162631668075
USDJPY,15min,hour,h17,4,oos,1244,0.562291851438547,1.7594665449939542
USDJPY,15min,hour,h18,4,is,2084,0.1275198987258141,0.4286362881640578
USDJPY,15min,hour,h18,4,oos,1244,1.3206117871298158,4.366205388308294
USDJPY,15min,hour,h19,4,is,2084,0.7427790158083394,2.301583951767578
USDJPY,15min,hour,h19,4,oos,1244,0.3708931376122237,1.2392327001880357
USDJPY,15min,hour,h20,4,is,2084,-1.3715204083758727,-4.0411684802688645
USDJPY,15min,hour,h20,4,oos,1244,0.16229185143856062,0.35329998128413775
USDJPY,15min,hour,h21,4,is,2084,-1.0897785657655246,-3.988131624340891
USDJPY,15min,hour,h21,4,oos,1244,-0.3470329074038774,-1.26699647907233
USDJPY,15min,hour,h22,4,is,2084,-0.06048394004579855,-0.20079060614124214
USDJPY,15min,hour,h22,4,oos,1244,-0.05322261801482798,-0.19679130633743805
USDJPY,15min,hour,h23,4,is,2084,-0.021640369988228415,-0.054109164105877364
USDJPY,15min,hour,h23,4,oos,1244,-0.2711888559568928,-0.6287072633365
USDJPY,15min,dow,dow0,4,is,8352,0.2544882458662278,1.178110847297827
USDJPY,15min,dow,dow0,4,oos,4898,-0.013780227984893983,-0.0765017505836666
USDJPY,15min,dow,dow1,4,is,8352,0.1397911673221549,0.7500039242243839
USDJPY,15min,dow,dow1,4,oos,4992,-0.06962584066301578,-0.38965157294534686
USDJPY,15min,dow,dow2,4,is,8352,-0.0228165912985242,-0.09679310813128704
USDJPY,15min,dow,dow2,4,oos,4992,0.22352319779852592,1.1585497992316254
USDJPY,15min,dow,dow3,4,is,8352,-0.1554734399575356,-0.730150054578267
USDJPY,15min,dow,dow3,4,oos,4992,-0.010591385534807748,-0.04260117264190418
USDJPY,15min,dow,dow4,4,is,8352,-0.06571050892304343,-0.28886416570313167
USDJPY,15min,dow,dow4,4,oos,4992,-0.2688445906630173,-1.275470309870198
USDJPY,15min,vol,vol_low,4,is,16166,-0.11877926104720204,-1.441572913125721
USDJPY,15min,vol,vol_low,4,oos,9740,-0.05796853599814371,-0.6777476480025578
USDJPY,15min,vol,vol_mid,4,is,16455,0.04278064445764357,0.3145292176890749
USDJPY,15min,vol,vol_mid,4,oos,9987,0.3335428579721389,2.7880306419684073
USDJPY,15min,vol,vol_high,4,is,16984,-0.012408982063423219,-0.06693329895564434
USDJPY,15min,vol,vol_high,4,oos,10183,-0.27167622330804514,-1.4705515020511402
USDJPY,15min,z50,z<-2,4,is,3378,0.3562830000396277,0.8707365408632284
USDJPY,15min,z50,z<-2,4,oos,1714,-0.6025333351278594,-1.0959766590551232
USDJPY,15min,z50,z-2..-1,4,is,7350,-0.3427605470417422,-1.3608321440577147
USDJPY,15min,z50,z-2..-1,4,oos,3688,0.1276161673741383,0.434497939116613
USDJPY,15min,z50,z-1..1,4,is,25947,0.029528482479184714,0.29164406970798484
USDJPY,15min,z50,z-1..1,4,oos,16061,0.06834679900481777,0.7463153222177896
USDJPY,15min,z50,z1..2,4,is,9066,0.02478187879689299,0.13970723302102023
USDJPY,15min,z50,z1..2,4,oos,5857,-0.1239391308636419,-0.7746426596129824
USDJPY,15min,z50,z>2,4,is,3499,0.40987439238699197,1.0294242131636515
USDJPY,15min,z50,z>2,4,oos,2105,-0.12126561394400492,-0.36010632581544405
USDJPY,15min,mom4,mom4-,4,is,20379,0.21126412721777643,1.5021090146976999
USDJPY,15min,mom4,mom4-,4,oos,11670,0.052180998866340235,0.3570683691003257
USDJPY,15min,mom4,mom4+,4,is,21375,-0.11115011620274631,-0.8203051097801164
USDJPY,15min,mom4,mom4+,4,oos,13158,-0.047612671576050154,-0.399331895873754
USDJPY,15min,mom24,mom24-,4,is,20661,-0.19264897234071204,-1.3479331228149771
USDJPY,15min,mom24,mom24-,4,oos,11523,-0.09225085610037019,-0.6047351594673871
USDJPY,15min,mom24,mom24+,4,is,22915,0.255760388803678,2.085890361552766
USDJPY,15min,mom24,mom24+,4,oos,14434,0.05726968490340372,0.5456853843721474
USDJPY,15min,hour,h00,8,is,2172,-0.7272640752538331,-1.2677309673514037
USDJPY,15min,hour,h00,8,oos,1298,-0.5365440826846418,-0.9925637258092415
USDJPY,15min,hour,h01,8,is,2084,0.8678277053211121,1.7371495639618513
USDJPY,15min,hour,h01,8,oos,1244,0.24164106736075633,0.5318586544230517
USDJPY,15min,hour,h02,8,is,2084,0.34445918324820235,0.6454390257560078
USDJPY,15min,hour,h02,8,oos,1244,-0.547506842607156,-1.2892531582552622
USDJPY,15min,hour,h03,8,is,2084,-0.1584678800915599,-0.28742167757418396
USDJPY,15min,hour,h03,8,oos,1244,-0.822948964793601,-1.723054093351792
USDJPY,15min,hour,h04,8,is,2084,-0.2568843868094519,-0.5024648566585521
USDJPY,15min,hour,h04,8,oos,1244,0.9279352795794444,1.9454574793816288
USDJPY,15min,hour,h05,8,is,2084,-1.5922970547556634,-2.608387919127307
USDJPY,15min,hour,h05,8,oos,1244,0.997428848711119,2.059852179269946
USDJPY,15min,hour,h06,8,is,2084,0.384982215877715,0.5722204033344173
USDJPY,15min,hour,h06,8,oos,1244,0.4303468551419923,0.7791323399897371
USDJPY,15min,hour,h07,8,is,2084,1.1765129260505072,2.047134877285742
USDJPY,15min,hour,h07,8,oos,1244,0.45020216060829293,0.7583139514284299
USDJPY,15min,hour,h08,8,is,2084,0.30328835791230013,0.6170630867083863
USDJPY,15min,hour,h08,8,oos,1244,0.4489159869748281,0.8776144726678213
USDJPY,15min,hour,h09,8,is,2084,0.7369495863191905,1.6331982178550708
USDJPY,15min,hour,h09,8,oos,1244,-0.06298111913442773,-0.10054432819010796
USDJPY,15min,hour,h10,8,is,2084,0.12984785887191963,0.24068835371698788
USDJPY,15min,hour,h10,8,oos,1244,-1.3767270998418293,-2.3867121184917672
USDJPY,15min,hour,h11,8,is,2084,0.17972789725965407,0.23093891225227486
USDJPY,15min,hour,h11,8,oos,1244,-1.877490765436783,-3.036565401284718
USDJPY,15min,hour,h12,8,is,2084,-0.5862509894965469,-0.7261893903739711
USDJPY,15min,hour,h12,8,oos,1244,-2.198913595018695,-2.545928993404885
USDJPY,15min,hour,h13,8,is,2084,-0.7103152889207986,-0.9410034020678693
USDJPY,15min,hour,h13,8,oos,1244,-0.25514349855563173,-0.32024729239949706
USDJPY,15min,hour,h14,8,is,2084,2.2212586074324787,3.479583445002077
USDJPY,15min,hour,h14,8,oos,1244,0.8656764371356171,1.6125914218519826
USDJPY,15min,hour,h15,8,is,2084,1.755087782096585,3.347306773024947
USDJPY,15min,hour,h15,8,oos,1244,0.41917322170156396,0.8161668721301003
USDJPY,15min,hour,h16,8,is,2084,-0.11163486665589045,-0.22964970769227733
USDJPY,15min,hour,h16,8,oos,1244,0.8571957297401388,1.7539251646091853
USDJPY,15min,hour,h17,8,is,2084,0.1940753060888572,0.44260196769396354
USDJPY,15min,hour,h17,8,oos,1244,1.8863356011226917,4.379765635765597
USDJPY,15min,hour,h18,8,is,2084,0.8702989145341533,1.9929318316862952
USDJPY,15min,hour,h18,8,oos,1244,1.6949368872963688,4.211481440985255
USDJPY,15min,hour,h19,8,is,2084,-0.6287413925675337,-1.4323358565929203
USDJPY,15min,hour,h19,8,oos,1244,0.5366169516051132,0.9718530621852953
USDJPY,15min,hour,h20,8,is,2084,-2.4612989741413975,-5.85885707533365
USDJPY,15min,hour,h20,8,oos,1244,-0.1813090934109878,-0.3513951872011496
USDJPY,15min,hour,h21,8,is,2084,-1.1502625058113236,-2.8033730140540287
USDJPY,15min,hour,h21,8,oos,1244,-0.3968235628643761,-1.058439175025627
USDJPY,15min,hour,h22,8,is,2084,-0.0821243100340273,-0.15978956842331196
USDJPY,15min,hour,h22,8,oos,1244,-0.32097951141739217,-0.6478377455986635
USDJPY,15min,hour,h23,8,is,2084,-0.6680648090743091,-1.058885304166145
USDJPY,15min,hour,h23,8,oos,1244,-1.1557463924463567,-1.9779067213658477
USDJPY,15min,dow,dow0,8,is,8352,0.7479252465217185,2.4922138929094686
USDJPY,15min,dow,dow0,8,oos,4898,0.1678069904555203,0.6969182265491802
USDJPY,15min,dow,dow1,8,is,8352,0.2887537905830087,1.1025289746690154
USDJPY,15min,dow,dow1,8,oos,4992,-0.21065946236144711,-0.827156587700067
USDJPY,15min,dow,dow2,8,is,8352,-0.3073010465817205,-0.9158157449862635
USDJPY,15min,dow,dow2,8,oos,4992,0.4159731498180442,1.5527405554393903
USDJPY,15min,dow,dow3,8,is,8352,-0.12875099868901788,-0.434459094012352
USDJPY,15min,dow,dow3,8,oos,4992,0.05341305366419828,0.14620821084654786
USDJPY,15min,dow,dow4,8,is,8352,-0.14177781861237163,-0.4473767507551522
USDJPY,15min,dow,dow4,8,oos,4992,-0.5482496065922151,-1.8812986822140196
USDJPY,15min,vol,vol_low,8,is,16166,-0.12295379612632765,-0.9512091184018213
USDJPY,15min,vol,vol_low,8,oos,9740,-0.019065684390616802,-0.15301355927794796
USDJPY,15min,vol,vol_mid,8,is,16455,-0.2631746576055273,-1.335486423401741
USDJPY,15min,vol,vol_mid,8,oos,9987,0.4882256989251569,2.7966703920841876
USDJPY,15min,vol,vol_high,8,is,16984,0.2039708959767839,0.813301626861997
USDJPY,15min,vol,vol_high,8,oos,10183,-0.460592191809972,-1.8109209908494532
USDJPY,15min,z50,z<-2,8,is,3378,0.2447300024474827,0.42262543782560247
USDJPY,15min,z50,z<-2,8,oos,1714,-0.6805436925322678,-0.8803751528532341
USDJPY,15min,z50,z-2..-1,8,is,7350,-0.6644326587093372,-1.9493216656063275
USDJPY,15min,z50,z-2..-1,8,oos,3688,-0.7014767005281694,-1.6728320149842495
USDJPY,15min,z50,z-1..1,8,is,25947,0.027556213426408883,0.19038705250487886
USDJPY,15min,z50,z-1..1,8,oos,16061,0.24831620871787574,1.886517376234952
USDJPY,15min,z50,z1..2,8,is,9066,0.48072413703344036,1.9169255302909636
USDJPY,15min,z50,z1..2,8,oos,5857,-0.2511391453399497,-1.134594215781057
USDJPY,15min,z50,z>2,8,is,3499,0.22629351183886037,0.41018412900321916
USDJPY,15min,z50,z>2,8,oos,2105,0.060473181222200384,0.14289129727260816
USDJPY,15min,mom4,mom4-,8,is,20379,0.31707411046382167,1.6165216192715008
USDJPY,15min,mom4,mom4-,8,oos,11670,0.36278967579688787,1.8098267362324503
USDJPY,15min,mom4,mom4+,8,is,21375,-0.16669321486163832,-0.872471010662002
USDJPY,15min,mom4,mom4+,8,oos,13158,-0.4162613848537571,-2.420288995917822
USDJPY,15min,mom24,mom24-,8,is,20661,-0.3197469064935395,-1.6100015469481674
USDJPY,15min,mom24,mom24-,8,oos,11523,-0.41275420681901065,-1.9210434546926214
USDJPY,15min,mom24,mom24+,8,is,22915,0.3880754361279813,2.2266814321377106
USDJPY,15min,mom24,mom24+,8,oos,14434,0.21131344127064505,1.4392232915977499
USDJPY,15min,hour,h00,24,is,2172,-0.6510371613048395,-0.7354929887824349
USDJPY,15min,hour,h00,24,oos,1298,-0.1427761275608626,-0.1764022197771032
USDJPY,15min,hour,h01,24,is,2084,-0.882937229526111,-0.9460151089886384
USDJPY,15min,hour,h01,24,oos,1244,0.4460741441903431,0.5658954951016033
USDJPY,15min,hour,h02,24,is,2084,0.47255701231646563,0.4790303303625535
USDJPY,15min,hour,h02,24,oos,1244,0.8407284850263498,1.0319778433522586
USDJPY,15min,hour,h03,24,is,2084,-0.5742520087967162,-0.5764793803317737
USDJPY,15min,hour,h03,24,oos,1244,0.6546352374378789,0.7321463429092511
USDJPY,15min,hour,h04,24,is,2084,0.4313861869805636,0.439042624855415
USDJPY,15min,hour,h04,24,oos,1244,1.837151314608334,2.063492193058002
USDJPY,15min,hour,h05,24,is,2084,0.3211654576140357,0.3322845712516341
USDJPY,15min,hour,h05,24,oos,1244,1.4146030830970535,1.39226161082517
USDJPY,15min,hour,h06,24,is,2084,0.8181184326619361,0.7943235596361901
USDJPY,15min,hour,h06,24,oos,1244,-0.46751106481293925,-0.44676400825090146
USDJPY,15min,hour,h07,24,is,2084,2.093190409629352,1.8740721265714915
USDJPY,15min,hour,h07,24,oos,1244,-1.460316531050848,-1.3402297203828426
USDJPY,15min,hour,h08,24,is,2084,-0.15311477271232682,-0.13641393641035454
USDJPY,15min,hour,h08,24,oos,1244,-3.0967715149736255,-2.490925119833921
USDJPY,15min,hour,h09,24,is,2084,0.20636219465804573,0.18259209200327045
USDJPY,15min,hour,h09,24,oos,1244,-2.165662190214772,-1.7759351643061503
USDJPY,15min,hour,h10,24,is,2084,1.7648554768078526,1.4991341581838722
USDJPY,15min,hour,h10,24,oos,1244,-2.6800110648128372,-2.3776741697558426
USDJPY,15min,hour,h11,24,is,2084,1.2245003904354392,1.0229066085995562
USDJPY,15min,hour,h11,24,oos,1244,-1.6835078493787812,-1.5335519198979204
USDJPY,15min,hour,h12,24,is,2084,1.5233727512800406,1.3023504673768183
USDJPY,15min,hour,h12,24,oos,1244,-0.44608823523086977,-0.3917207396129866
USDJPY,15min,hour,h13,24,is,2084,1.2388477992646425,1.20601035174183
USDJPY,15min,hour,h13,24,oos,1244,2.080318517180693,1.9670173195349723
USDJPY,15min,hour,h14,24,is,2084,2.979922655310742,3.364805183869618
USDJPY,15min,hour,h14,24,oos,1244,3.4477622470841927,4.148489243392543
USDJPY,15min,hour,h15,24,is,2084,1.3204216956179093,1.6752571246163108
USDJPY,15min,hour,h15,24,oos,1244,2.8720789673414377,3.356762603340548
USDJPY,15min,hour,h16,24,is,2084,-1.7026349262631344,-2.3593958247989506
USDJPY,15min,hour,h16,24,oos,1244,2.400776716537589,2.9165306425493926
USDJPY,15min,hour,h17,24,is,2084,-1.584928592289999,-2.166321188030059
USDJPY,15min,hour,h17,24,oos,1244,2.0560821827754983,2.6647707064451454
USDJPY,15min,hour,h18,24,is,2084,-1.6731243696412703,-2.1183514278615445
USDJPY,15min,hour,h18,24,oos,1244,1.2226014753800583,1.4030425827646806
USDJPY,15min,hour,h19,24,is,2084,-2.4470687074531647,-2.8734303569354407
USDJPY,15min,hour,h19,24,oos,1244,-0.9859998107935496,-1.06764837639608
USDJPY,15min,hour,h20,24,is,2084,-3.2973326230001616,-3.825167696377633
USDJPY,15min,hour,h20,24,oos,1244,-1.226835823655294,-1.3485671307876235
USDJPY,15min,hour,h21,24,is,2084,-0.9504996095645186,-1.0528065234526733
USDJPY,15min,hour,h21,24,oos,1244,-1.4011525439125012,-1.7279372141993912
USDJPY,15min,hour,h22,24,is,2084,-0.4915744656105609,-0.506564979854989
USDJPY,15min,hour,h22,24,oos,1244,-1.6298904860347412,-1.9935992668939202
USDJPY,15min,hour,h23,24,is,2084,0.04129501615524401,0.0431777641513677
USDJPY,15min,hour,h23,24,oos,1244,-1.8800914506648803,-2.189915406977914
USDJPY,15min,dow,dow0,24,is,8352,3.112417980944461,6.237142063378159
USDJPY,15min,dow,dow0,24,oos,4898,0.1567408445562765,0.4128240242175666
USDJPY,15min,dow,dow1,24,is,8352,1.2951047625536476,2.702196477229888
USDJPY,15min,dow,dow1,24,oos,4992,-0.5804406589158645,-1.2946404982424777
USDJPY,15min,dow,dow2,24,is,8352,-2.3127137240363727,-3.999596786732261
USDJPY,15min,dow,dow2,24,oos,4992,2.5247776904431314,5.802856241311895
USDJPY,15min,dow,dow3,24,is,8352,-0.0057872393620523955,-0.011115929869657967
USDJPY,15min,dow,dow3,24,oos,4992,-0.3502523576338151,-0.5143727513225325
USDJPY,15min,dow,dow4,24,is,8352,-0.28995869530073093,-0.5713855781356906
USDJPY,15min,dow,dow4,24,oos,4992,-1.8921293608389225,-3.8950628963630853
USDJPY,15min,vol,vol_low,24,is,16166,-0.7463604605056661,-2.9381591411563703
USDJPY,15min,vol,vol_low,24,oos,9740,0.14413704323098633,0.5606454545943154
USDJPY,15min,vol,vol_mid,24,is,16455,-0.6399037965783502,-1.7592742503394112
USDJPY,15min,vol,vol_mid,24,oos,9987,0.4795707122368468,1.5433297494675935
USDJPY,15min,vol,vol_high,24,is,16984,0.8262703186416028,2.0701663416982723
USDJPY,15min,vol,vol_high,24,oos,10183,-0.6082065701835612,-1.4495088126151539
USDJPY,15min,z50,z<-2,24,is,3378,1.7022628314987225,1.8647163198605163
USDJPY,15min,z50,z<-2,24,oos,1714,-4.543387336260057,-3.9524304449694094
USDJPY,15min,z50,z-2..-1,24,is,7350,-3.0799918536790307,-5.070678872068825
USDJPY,15min,z50,z-2..-1,24,oos,3688,-0.8762122665900542,-1.3560518721225756
USDJPY,15min,z50,z-1..1,24,is,25947,0.19121105366033977,0.7545655456543078
USDJPY,15min,z50,z-1..1,24,oos,16061,0.08662898424844723,0.3666462729189373
USDJPY,15min,z50,z1..2,24,is,9066,1.500698773332832,3.296544270158778
USDJPY,15min,z50,z1..2,24,oos,5857,0.5956154905442879,1.4229796037904958
USDJPY,15min,z50,z>2,24,is,3499,0.6600037135675921,0.7884860003584092
USDJPY,15min,z50,z>2,24,oos,2105,1.4785461332532568,1.6406362634429061
USDJPY,15min,mom4,mom4-,24,is,20379,0.1430963193201797,0.42565521421241365
USDJPY,15min,mom4,mom4-,24,oos,11670,0.32081579356749584,0.9395284954905417
USDJPY,15min,mom4,mom4+,24,is,21375,0.2581823437192116,0.7864458317690434
USDJPY,15min,mom4,mom4+,24,oos,13158,-0.49440095708922294,-1.6553682463593444
USDJPY,15min,mom24,mom24-,24,is,20661,-0.9506859544644117,-2.753861540390916
USDJPY,15min,mom24,mom24-,24,oos,11523,-1.029701426156466,-3.0023500253257835
USDJPY,15min,mom24,mom24+,24,is,22915,1.206299186411445,4.10232850828513
USDJPY,15min,mom24,mom24+,24,oos,14434,0.5580081072741226,2.0309871539923887
