pair,dir,t_in,t_out,entry,sl,tp,exit,reason,lots,risk_pct,risk_usd,pips,pnl,spread_cost,slip_cost,commission,equity_at_entry,hold_h
USDJPY,1,2024-01-02 00:01:00+00:00,2024-01-02 00:20:00+00:00,141.1405,141.07989048833818,141.26171902332362,141.26171902332362,TP,0.11,2.361847337510863,5.0,12.121902332361856,8.677389350043425,0.7793652424357289,0.31174609697429156,0.77,200.0,0.31666666666666665
EURUSD,-1,2024-01-02 00:21:00+00:00,2024-01-02 00:21:00+00:00,1.10351,1.1036887837099125,1.103152432580175,1.1037087837099124,SL,0.29,2.4845660584566587,5.216934733751086,-1.9878370991244232,-7.794727587460827,2.9,1.16,2.03,208.67738935004343,0.0
USDCHF,1,2024-01-02 00:27:00+00:00,2024-01-02 01:05:00+00:00,0.8424550000000001,0.8420804974489796,0.8432040051020409,0.8420604974489796,SL,0.11,2.4342114394436907,5.022066544064565,-3.9450255102047027,-5.92105027713667,1.501563881750775,0.5222830893044733,0.77,200.8826617625826,0.6333333333333333
GBPUSD,-1,2024-01-02 01:57:00+00:00,2024-01-02 02:00:00+00:00,1.2721000000000002,1.272447639525198,1.2714047209496047,1.272467639525198,SL,0.14,2.4963649590744446,4.874040287136149,-3.6763952519769383,-6.126953352767715,1.5399999999992862,0.5600000000000002,0.9800000000000001,194.96161148544593,0.05
GBPUSD,-1,2024-01-02 03:01:00+00:00,2024-01-02 03:09:00+00:00,1.2709350000000001,1.2715337555089716,1.269737488982057,1.2715537555089715,SL,0.07,2.219554717469363,4.7208664533169555,-6.187555089713914,-4.821288562799741,0.7000000000000002,0.2800000000000001,0.49000000000000005,188.83465813267821,0.13333333333333333
EURUSD,-1,2024-01-02 03:03:00+00:00,2024-01-02 03:09:00+00:00,1.1017649999999999,1.102228788378527,1.1008374232429459,1.1022487883785268,SL,0.1,2.4560553825935987,4.7208664533169555,-4.83788378526917,-5.5378837852691705,1.0,0.4,0.7000000000000001,188.83465813267821,0.1
AUDUSD,1,2024-01-02 04:25:00+00:00,2024-01-02 05:45:00+00:00,0.6819700000000001,0.6813595158141219,0.6831909683717563,0.6831909683717563,TP,0.07,2.3943844625833566,4.461887144615233,12.209683717562259,8.056778602293583,0.7000000000000002,0.2800000000000001,0.49000000000000005,178.4754857846093,1.3333333333333333
EURUSD,-1,2024-01-02 10:05:00+00:00,2024-01-02 11:17:00+00:00,1.101015,1.1022730712337805,1.098498857532439,1.098498857532439,TP,0.03,2.023357038926536,4.6633066096725715,25.161424675610444,7.338427402683133,0.3,0.12,0.21,186.53226438690288,1.2
USDCAD,1,2024-01-02 12:01:00+00:00,2024-01-02 13:19:00+00:00,1.32723,1.3257813687796023,1.3301272624407954,1.3301272624407954,TP,0.04,2.251953830456984,4.84676729473965,28.972624407954672,8.451756939778239,0.39179343444640197,0.12055182598343922,0.28,193.870691789586,1.3
GBPUSD,-1,2024-01-03 10:01:00+00:00,2024-01-03 15:00:00+00:00,1.262455,1.2645161192373175,1.2583327615253652,1.2645361192373175,SL,0.02,2.0374597581848066,5.058061218234107,-20.811192373173526,-4.302238474634705,0.20999999999983246,0.08000000000000002,0.14,202.32244872936425,4.983333333333333
EURUSD,-1,2024-01-03 10:01:00+00:00,2024-01-03 15:46:00+00:00,1.093415,1.0951427250871888,1.0899595498256225,1.0899595498256225,TP,0.02,1.7078926219401436,5.058061218234107,34.55450174377539,6.770900348755078,0.2,0.08000000000000002,0.14,202.32244872936425,5.75
NZDUSD,-1,2024-01-04 01:03:00+00:00,2024-01-04 03:11:00+00:00,0.6238850000000001,0.6256725581678488,0.6203098836643028,0.6256925581678489,SL,0.02,1.7457380474973079,5.119777765087116,-18.075581678487218,-3.7551163356974437,0.24999999999997247,0.08000000000000002,0.14,204.79111060348464,2.1333333333333333
USDCHF,1,2024-01-04 01:27:00+00:00,2024-01-04 07:42:00+00:00,0.8500200000000001,0.8477239508147795,0.8546120983704413,0.8477039508147794,SL,0.01,1.318988295260604,5.119777765087116,-23.160491852206587,-2.794699636738734,0.12352650525866654,0.047057716289028495,0.07,204.79111060348464,6.25
USDJPY,1,2024-01-04 09:01:00+00:00,2024-01-04 13:44:00+00:00,143.654,143.22671347236738,144.50857305526523,144.50857305526523,TP,0.01,1.500401021586322,4.956032365776212,85.45730552652344,5.878828819700352,0.0696117059044649,0.02784468236178596,0.07,198.24129463104848,4.716666666666667
AUDUSD,-1,2024-01-04 09:06:00+00:00,2024-01-04 14:31:00+00:00,0.67417,0.6760110551064081,0.6704878897871839,0.6704878897871839,TP,0.02,1.8573880985135127,4.956032365776212,36.8211021281617,7.22422042563234,0.21999999999988695,0.08000000000000002,0.14,198.24129463104848,5.416666666666667
GBPUSD,-1,2024-01-04 14:04:00+00:00,2024-01-04 15:05:00+00:00,1.2669800000000002,1.2696147258858022,1.2617105482283961,1.269634725885802,SL,0.01,1.2907722380629254,5.10300308626872,-26.547258858018452,-2.724725885801845,0.1,0.04000000000000001,0.07,204.12012345074882,1.0166666666666666
USDCHF,1,2024-01-04 18:23:00+00:00,2024-01-04 22:06:00+00:00,0.8518150000000001,0.8494060143460189,0.8566329713079625,0.8493860143460189,SL,0.01,1.355606942636903,5.215490449764484,-24.28985653981197,-2.921541301786417,1.1387449152691327,0.046958553206975694,0.07,208.61961799057934,3.716666666666667
EURUSD,-1,2024-01-04 20:16:00+00:00,2024-01-05 09:07:00+00:00,1.094275,1.0962348794738968,1.0903552410522068,1.0903552410522068,TP,0.02,1.8789023705192573,5.215490449764484,39.19758947793284,7.699517895586568,0.2,0.08000000000000002,0.14,208.61961799057934,12.85
USDCHF,1,2024-01-05 03:01:00+00:00,2024-01-05 13:30:00+00:00,0.8501950000000001,0.848309158818909,0.8539666823621823,0.8539666823621823,TP,0.02,2.1566830907953976,5.142451917219823,37.71682362182171,8.732511276077066,0.35286022618349666,0.09409606031557466,0.14,205.69807668879292,10.483333333333333
USDCAD,1,2024-01-05 10:04:00+00:00,2024-01-05 13:55:00+00:00,1.3374,1.335706469584561,1.3407870608308778,1.3356864695845612,SL,0.04,2.373570597817277,5.334939864609488,-17.135304154387576,-5.404960117956507,0.373859727829911,0.11963511290563783,0.28,213.3975945843795,3.85
AUDUSD,-1,2024-01-05 17:01:00+00:00,2024-01-11 13:32:00+00:00,0.6717500000000001,0.6743012116456034,0.6666475767087935,0.6666475767087935,TP,0.02,2.354329154434625,5.418128643562502,51.02423291206581,10.064846582413162,0.240000000000029,0.08000000000000002,0.14,216.72514574250008,140.51666666666668
USDJPY,1,2024-01-11 14:01:00+00:00,2024-01-11 14:32:00+00:00,146.365,145.9467409482554,147.20151810348924,145.9447409482554,SL,0.01,1.2600396898308952,5.669749808122831,-42.02590517446083,-2.9413083848229307,0.06832234482287432,0.027328937929149727,0.07,226.78999232491324,0.5166666666666667
NZDUSD,-1,2024-01-05 17:01:00+00:00,2024-01-11 15:10:00+00:00,0.62496,0.6273703462629543,0.6201393074740913,0.6201393074740913,TP,0.02,2.224334656411435,5.418128643562502,48.20692525908665,9.50138505181733,0.220000000000109,0.08000000000000002,0.14,216.72514574250008,142.15
USDCAD,1,2024-01-11 16:01:00+00:00,2024-01-11 18:28:00+00:00,1.3431800000000003,1.34074738289324,1.3480452342135212,1.34072738289324,SL,0.03,2.3283746434053008,5.8337517247976916,-24.526171067602576,-5.687933948004565,0.25685313956451233,0.0893402224571539,0.21,233.35006899190765,2.45
USDCAD,1,2024-01-12 04:01:00+00:00,2024-01-12 08:21:00+00:00,1.3378200000000002,1.3357731990471873,1.3419136019056264,1.3357531990471874,SL,0.03,2.0160828559465136,5.691553376097577,-20.66800952812864,-4.844706356937847,0.2803067677269425,0.08969816567251199,0.21,227.66213504390308,4.333333333333333
USDCHF,1,2024-01-12 01:01:00+00:00,2024-01-12 14:37:00+00:00,0.85231,0.8500303019118847,0.8568693961762307,0.8500103019118846,SL,0.02,2.3497353052591112,5.691553376097577,-22.99698088115365,-5.536388844705248,0.24638922457784548,0.0938625617439664,0.14,227.66213504390308,13.6
EURUSD,-1,2024-01-12 10:02:00+00:00,2024-01-12 14:43:00+00:00,1.09604,1.0980399571007622,1.0920400857984753,1.098059957100762,SL,0.02,1.7951532001313875,5.570435717174131,-20.19957100762193,-4.179914201524386,0.2,0.08000000000000002,0.14,222.81742868696523,4.683333333333334
GBPUSD,1,2024-01-12 14:30:00+00:00,2024-01-12 17:01:00+00:00,1.2769300000000001,1.2740385224537376,1.282712955092525,1.2740185224537377,SL,0.01,1.2976891275074662,5.570435717174131,-29.1147754626242,-2.9814775462624197,0.1,0.04000000000000001,0.07,222.81742868696523,2.5166666666666666
GBPUSD,1,2024-01-12 19:04:00+00:00,2024-01-15 09:47:00+00:00,1.2751100000000002,1.2720815401737664,1.281166919652468,1.2720615401737665,SL,0.01,1.4413025405754782,5.252991202361829,-30.48459826233696,-3.1184598262336958,0.1,0.04000000000000001,0.07,210.11964809447318,62.71666666666667
USDCAD,1,2024-01-12 16:05:00+00:00,2024-01-15 14:41:00+00:00,1.338815,1.3362550043596957,1.343934991280609,1.343934991280609,TP,0.02,1.7945803501089252,5.32752814101839,51.199912806088044,7.50854185321916,0.19420158871849286,0.05975433499027125,0.14,213.1011256407356,70.6
EURUSD,-1,2024-01-15 15:13:00+00:00,2024-01-15 15:54:00+00:00,1.093795,1.0949484068880688,1.0914881862238628,1.0949684068880687,SL,0.04,2.1507777524415665,5.3627432530364665,-11.734068880686621,-4.973627552274649,0.4,0.16000000000000003,0.28,214.50973012145863,0.6833333333333333
GBPUSD,1,2024-01-15 16:15:00+00:00,2024-01-15 23:39:00+00:00,1.2733750000000001,1.2715323495893966,1.2770603008212074,1.2715123495893967,SL,0.02,1.7587903831466745,5.2384025642296,-18.62650410603406,-3.865300821206812,0.2,0.08000000000000002,0.14,209.53610256918398,7.4
AUDUSD,-1,2024-01-12 16:37:00+00:00,2024-01-16 00:02:00+00:00,0.6696850000000001,0.6720896525589135,0.6648756948821732,0.6648756948821732,TP,0.02,2.256818260985986,5.32752814101839,48.09305117826845,9.47861023565369,0.2,0.08000000000000002,0.14,213.1011256407356,79.41666666666667
EURUSD,-1,2024-01-16 00:15:00+00:00,2024-01-16 00:55:00+00:00,1.094305,1.0952891790188946,1.0923366419622111,1.0923366419622111,TP,0.05,2.2871989512323267,5.378735299590772,19.68358037788942,9.49179018894471,0.5,0.2,0.35000000000000003,215.14941198363087,0.6666666666666666
NZDUSD,-1,2024-01-16 00:03:00+00:00,2024-01-16 01:03:00+00:00,0.6186250000000001,0.619739719928981,0.6163955601420382,0.6163955601420382,TP,0.04,2.072457309928883,5.378735299590772,22.29439857961868,8.637759431847472,0.45999999999990493,0.16000000000000003,0.28,215.14941198363087,1.0
USDJPY,1,2024-01-16 02:22:00+00:00,2024-01-16 09:42:00+00:00,146.11849999999998,145.90300265302153,146.54949469395692,146.54949469395692,TP,0.03,1.896629074695957,5.831974040110577,43.09946939569329,8.638873221876755,0.2155784517360466,0.08212512447089179,0.21,233.27896160442307,7.333333333333333
GBPUSD,-1,2024-01-16 18:02:00+00:00,2024-01-17 07:43:00+00:00,1.2623550000000001,1.2655097703378426,1.256045459324315,1.2655297703378425,SL,0.01,1.304066870517271,6.047945870657497,-31.74770337842414,-3.244770337842414,0.10500000000002725,0.04000000000000001,0.07,241.91783482629984,13.683333333333334
GBPUSD,-1,2024-01-17 13:01:00+00:00,2024-01-18 06:54:00+00:00,1.26716,1.270372761452388,1.260734477095224,1.270392761452388,SL,0.01,1.3460930160987488,5.9668266122114355,-32.32761452387933,-3.302761452387933,0.1,0.04000000000000001,0.07,238.6730644884574,17.883333333333333
EURUSD,-1,2024-01-18 08:01:00+00:00,2024-01-18 14:44:00+00:00,1.0885600000000002,1.0902896043355794,1.0851007913288417,1.0851007913288417,TP,0.03,2.2045317271578324,5.884257575901737,34.592086711584535,10.16762601347536,0.3,0.12,0.21,235.3703030360695,6.716666666666667
USDJPY,1,2024-01-19 02:03:00+00:00,2024-01-19 08:54:00+00:00,148.40300000000002,148.0995798732177,149.00984025356465,148.09757987321768,SL,0.03,2.4980686622372543,6.138448226238621,-30.542012678233732,-6.384136509012701,0.20215224759607284,0.08086089903842913,0.21,245.53792904954486,6.85
USDCAD,1,2024-01-16 19:12:00+00:00,2024-01-19 09:00:00+00:00,1.3500800000000002,1.3475354290814257,1.3551691418371492,1.3475154290814257,SL,0.03,2.3372675179835474,6.047945870657497,-25.64570918574427,-5.908708784459646,0.27776131784792396,0.08888362171130598,0.21,241.91783482629984,61.8
GBPUSD,-1,2024-01-19 14:03:00+00:00,2024-01-19 18:12:00+00:00,1.267025,1.2692325531555115,1.2626098936889771,1.2692525531555114,SL,0.02,1.892904339042916,5.831127093901813,-22.275531555113748,-4.595106311022749,0.2,0.08000000000000002,0.14,233.24508375607252,4.15
EURUSD,-1,2024-01-21 22:08:00+00:00,2024-01-21 22:08:00+00:00,1.0890600000000001,1.0893672164516446,1.088445567096711,1.0893872164516445,SL,0.18,2.4184984365154696,5.716249436126244,-3.272164516443521,-7.149896129598337,2.8799999999988835,0.7200000000000001,1.26,228.64997744504976,0.0
AUDUSD,-1,2024-01-19 14:03:00+00:00,2024-01-22 00:43:00+00:00,0.658725,0.6603145810427946,0.6555458379144109,0.6603345810427946,SL,0.03,2.044520318109203,5.831127093901813,-16.095810427946276,-5.038743128383882,0.3,0.12,0.21,233.24508375607252,58.666666666666664
USDCAD,1,2024-01-22 04:01:00+00:00,2024-01-22 08:22:00+00:00,1.34368,1.3429545568950745,1.345130886209851,1.3429345568950746,SL,0.1,2.4941763983884377,5.411533454676689,-7.45443104925414,-6.247772571783565,0.8558585377469468,0.29768992617289836,0.7000000000000001,216.46133818706753,4.35
EURUSD,-1,2024-01-22 11:01:00+00:00,2024-01-22 12:12:00+00:00,1.0885250000000002,1.0894868476178299,1.0866013047643408,1.0895068476178298,SL,0.05,2.2877867444339013,5.255339140382099,-9.81847617829601,-5.259238089148004,0.5,0.2,0.35000000000000003,210.21356561528395,1.1833333333333333
USDCAD,1,2024-01-22 14:18:00+00:00,2024-01-22 14:41:00+00:00,1.3444000000000003,1.3431685582986679,1.3468628834026648,1.343148558298668,SL,0.05,2.2345921265337845,5.123858188153399,-12.514417013322898,-5.004275890108188,0.3905087771497591,0.14876524843796488,0.35000000000000003,204.95432752613596,0.38333333333333336
AUDUSD,-1,2024-01-22 04:39:00+00:00,2024-01-22 18:27:00+00:00,0.65923,0.6600215376336452,0.6576469247327096,0.6576469247327096,TP,0.06,2.1940295859055157,5.411533454676689,15.830752672904014,9.078451603742408,0.6,0.24,0.42,216.46133818706753,13.8
NZDUSD,-1,2024-01-22 16:02:00+00:00,2024-01-22 20:05:00+00:00,0.6102100000000001,0.6114176641076143,0.6077946717847716,0.6077946717847716,TP,0.04,2.41593157437649,4.998751290900694,24.15328215228496,9.381312860913985,0.4799999999998139,0.16000000000000003,0.28,199.95005163602778,4.05
EURUSD,-1,2024-01-22 23:46:00+00:00,2024-01-23 02:23:00+00:00,1.087865,1.0890869596164117,1.085421080767177,1.0891069596164116,SL,0.04,2.237920690978905,5.460245402517105,-12.419596164114921,-5.247838465645969,0.4,0.16000000000000003,0.28,218.4098161006842,2.6166666666666667
USDJPY,1,2024-01-23 00:01:00+00:00,2024-01-23 03:54:00+00:00,148.1975,147.9525534654757,148.68739306904857,147.95055346547568,SL,0.03,2.2702805245479505,5.460245402517105,-24.694653452431226,-5.209002031565558,0.21255419288445163,0.08097302586076015,0.21,218.4098161006842,3.8833333333333333
USDCHF,1,2024-01-23 08:03:00+00:00,2024-01-23 14:23:00+00:00,0.867075,0.8656469729111207,0.8699310541777587,0.8699310541777587,TP,0.03,2.375942340257576,5.198824390086816,28.560541777586934,9.671685590376933,0.36329037280502285,0.13839633249718883,0.21,207.95297560347268,6.333333333333333
AUDUSD,-1,2024-01-23 08:01:00+00:00,2024-01-23 15:47:00+00:00,0.6596850000000001,0.6612826347662395,0.6564897304675212,0.6564897304675212,TP,0.03,2.304801979779022,5.198824390086816,31.952695324788394,9.375808597436517,0.3,0.12,0.21,207.95297560347268,7.766666666666667
USDCAD,1,2024-01-23 15:47:00+00:00,2024-01-23 19:41:00+00:00,1.34891,1.347284099338865,1.3521618013222703,1.3472640993388652,SL,0.04,2.123949901837517,5.675011744782154,-16.459006611349025,-5.16068339958901,0.35584286572123863,0.11861428857373733,0.28,227.00046979128615,3.9
USDJPY,1,2024-01-23 15:13:00+00:00,2024-01-24 03:43:00+00:00,148.3825,147.92461648249298,149.29826703501402,147.92261648249297,SL,0.01,1.4179607794483449,5.440616529846241,-45.98835175070235,-3.169311020551773,0.06739339207790676,0.026957356831162706,0.07,217.62466119384962,12.5
USDCAD,1,2024-01-24 01:03:00+00:00,2024-01-24 08:16:00+00:00,1.3464500000000004,1.3448918377900256,1.3495663244199496,1.3448718377900257,SL,0.04,2.0866181923790297,5.545994659792428,-15.781622099746428,-4.968364840802534,0.3564930001114307,0.11883100003713468,0.28,221.83978639169715,7.216666666666667
USDCAD,1,2024-01-24 15:01:00+00:00,2024-01-24 19:22:00+00:00,1.3478350000000001,1.3456446258444736,1.3522157483110533,1.3522157483110533,TP,0.03,2.2813610379049343,5.342552763258571,43.80748311053173,9.54063337363959,0.23370813193015594,0.08903166930670298,0.21,213.70211053034285,4.35
USDJPY,1,2024-01-24 20:17:00+00:00,2024-01-25 14:12:00+00:00,147.6035,147.17286345672647,148.46477308654704,147.17086345672647,SL,0.01,1.306883495127021,5.581068597599561,-43.26365432735315,-3.001072388348051,0.06774907099092951,0.027099628396345617,0.07,223.24274390398244,17.916666666666668
EURUSD,-1,2024-01-24 16:07:00+00:00,2024-01-25 15:06:00+00:00,1.0892600000000001,1.0914553388890862,1.0848693222218277,1.0848693222218277,TP,0.02,2.054578575417888,5.342552763258571,43.90677778172369,8.641355556344738,0.2,0.08000000000000002,0.14,213.70211053034285,22.983333333333334
USDCHF,1,2024-01-25 16:03:00+00:00,2024-01-26 08:47:00+00:00,0.868055,0.8660790846036874,0.8720068307926253,0.8660590846036874,SL,0.02,1.9890124859630927,5.722075676799478,-19.959153963126084,-4.73859201620314,0.23040014745609438,0.09216005898243776,0.14,228.88302707197911,16.733333333333334
AUDUSD,-1,2024-01-26 13:01:00+00:00,2024-01-26 13:30:00+00:00,0.65912,0.6605055149853059,0.6563489700293885,0.6605255149853059,SL,0.04,2.4725396103829165,5.6036108763943995,-14.055149853058335,-5.902059941223334,0.520000000000098,0.16000000000000003,0.28,224.14443505577597,0.48333333333333334
USDCHF,1,2024-01-26 13:33:00+00:00,2024-01-26 13:47:00+00:00,0.864765,0.8628656201599191,0.8685637596801618,0.8628456201599191,SL,0.02,2.0128185975227044,5.456059377863816,-19.19379840080948,-4.579078455027546,0.2428405404935948,0.09251068209282293,0.14,218.24237511455263,0.23333333333333334
USDCAD,1,2024-01-26 15:01:00+00:00,2024-01-29 07:43:00+00:00,1.345235,1.343214544809217,1.3492759103815661,1.343194544809217,SL,0.03,2.1088339993685543,5.3415824164881265,-20.40455190782886,-4.760406116662634,0.2787617033453576,0.08920374507056389,0.21,213.6632966595251,64.7
EURUSD,-1,2024-01-29 08:01:00+00:00,2024-01-29 08:34:00+00:00,1.0834300000000001,1.0841524905331734,1.0819850189336535,1.0841724905331733,SL,0.07,2.4209496187775685,5.2225722635715615,-7.424905331732123,-5.6874337322124875,0.7000000000000002,0.2800000000000001,0.49000000000000005,208.90289054286245,0.55
GBPUSD,-1,2024-01-29 09:02:00+00:00,2024-01-29 09:33:00+00:00,1.270075,1.2709799758958533,1.2682650482082938,1.2709999758958532,SL,0.05,2.2266413934654112,5.080386420266248,-9.24975895853164,-4.9748794792658195,0.5,0.2,0.35000000000000003,203.21545681064995,0.5166666666666667
USDCHF,1,2024-01-29 11:02:00+00:00,2024-01-29 15:18:00+00:00,0.86255,0.8614320448369709,0.8647859103260583,0.8647859103260583,TP,0.03,1.961411906841305,4.956014433284604,22.35910326058299,7.566628575937507,0.3478059242942438,0.1391223697176975,0.21,198.24057733138415,4.266666666666667
GBPUSD,-1,2024-01-29 15:18:00+00:00,2024-01-29 17:20:00+00:00,1.26712,1.2686280454766916,1.2641039090466166,1.2686480454766915,SL,0.03,2.1982400519602026,5.145180147683041,-15.280454766914975,-4.794136430074492,0.3,0.12,0.21,205.80720590732165,2.033333333333333
NZDUSD,-1,2024-01-29 18:01:00+00:00,2024-01-29 19:40:00+00:00,0.6104200000000001,0.6114812534093365,0.6082974931813274,0.6115012534093365,SL,0.04,2.1118097685811943,5.025326736931179,-10.812534093364023,-4.60501363734561,0.4599999999996829,0.16000000000000003,0.28,201.01306947724714,1.65
USDJPY,1,2024-01-25 16:08:00+00:00,2024-01-30 00:25:00+00:00,147.63400000000001,147.24280823933498,148.4163835213301,147.24080823933497,SL,0.02,2.315366361696582,5.722075676799478,-39.319176066504724,-5.4665746462880795,0.1354701491526342,0.05418805966105368,0.14,228.88302707197911,104.28333333333333
USDJPY,1,2024-01-30 03:01:00+00:00,2024-01-30 07:14:00+00:00,147.4795,147.2504080826487,147.93768383470257,147.2484080826487,SL,0.03,2.440613886534976,4.773537029840336,-23.109191735130707,-4.910827925602685,0.20341810217691272,0.08136724087076509,0.21,190.94148119361344,4.216666666666667
USDCHF,1,2024-01-30 09:23:00+00:00,2024-01-30 14:05:00+00:00,0.86329,0.8618151213680686,0.8662397572638627,0.8617951213680686,SL,0.02,1.8367288933205623,4.650766331700269,-14.948786319314289,-3.603213131002164,0.25483904597529106,0.09266874399101115,0.14,186.03065326801075,4.7
AUDUSD,-1,2024-01-30 04:40:00+00:00,2024-01-30 15:06:00+00:00,0.66079,0.6619509843933877,0.6584680312132246,0.6584680312132246,TP,0.04,2.4321260862336596,4.773537029840336,23.219687867753745,9.0078751471015,0.4,0.16000000000000003,0.28,190.94148119361344,10.433333333333334
USDJPY,1,2024-01-30 16:08:00+00:00,2024-01-30 19:37:00+00:00,147.90050000000002,147.59497575639676,148.51154848720654,147.59297575639675,SL,0.02,2.158161660899185,4.785882882102752,-30.752424360326813,-4.298528789331585,0.1352260472412196,0.05409041889648784,0.14,191.43531528411006,3.4833333333333334
AUDUSD,-1,2024-01-31 00:30:00+00:00,2024-01-31 02:04:00+00:00,0.659255,0.6606008778675375,0.6565632442649251,0.6565632442649251,TP,0.03,2.1575841277604884,4.678419662369461,26.917557350749632,7.86526720522489,0.33000000000001345,0.12,0.21,187.13678649477848,1.5666666666666667
GBPUSD,-1,2024-01-31 10:03:00+00:00,2024-01-31 12:14:00+00:00,1.266825,1.2687857642819698,1.2629034714360607,1.2688057642819697,SL,0.02,2.0110191095588297,4.875051342500083,-19.807642819695825,-4.101528563939165,0.2,0.08000000000000002,0.14,195.00205370000336,2.183333333333333
USDCHF,1,2024-01-31 02:01:00+00:00,2024-01-31 13:41:00+00:00,0.8626,0.8611727283847419,0.8654545432305162,0.8611527283847419,SL,0.02,1.768349089818376,4.678419662369461,-14.4727161525815,-3.4956030958918385,0.23185717597959657,0.09274287039183864,0.14,187.13678649477848,11.666666666666666
AUDUSD,-1,2024-01-31 17:16:00+00:00,2024-01-31 19:40:00+00:00,0.6594249999999999,0.6612850399243567,0.6557049201512863,0.6613050399243567,SL,0.02,1.9850491695816568,4.685123051004308,-18.800399243568133,-3.900079848713627,0.220000000000109,0.08000000000000002,0.14,187.40492204017235,2.4
NZDUSD,-1,2024-01-31 17:15:00+00:00,2024-01-31 19:41:00+00:00,0.6140500000000001,0.6159659408016285,0.6102181183967432,0.6159859408016285,SL,0.02,2.044707023455568,4.685123051004308,-19.359408016283997,-4.011881603256799,0.24999999999986144,0.08000000000000002,0.14,187.40492204017235,2.433333333333333
USDCAD,1,2024-01-31 21:01:00+00:00,2024-02-01 15:07:00+00:00,1.3445900000000002,1.3415731804461315,1.3506236391077375,1.3415531804461316,SL,0.01,1.2500058237938194,4.487324014705048,-30.36819553868586,-2.3285468833388507,0.07809071910398503,0.02974884537293896,0.07,179.49296058820192,18.1
USDCHF,1,2024-02-01 00:01:00+00:00,2024-02-01 16:08:00+00:00,0.862705,0.8596781581315189,0.8687586837369623,0.8596581581315189,SL,0.01,1.954699476377833,4.487324014705048,-30.468418684811425,-3.601730856412264,0.1159144782979118,0.04636579131916472,0.07,179.49296058820192,16.116666666666667
EURUSD,-1,2024-02-02 01:02:00+00:00,2024-02-02 08:14:00+00:00,1.0871050000000002,1.0890648295436463,1.0831853409127081,1.0890848295436462,SL,0.02,2.2583535947727844,4.33906707121127,-19.7982954364595,-4.0996590872919,0.2,0.08000000000000002,0.14,173.5626828484508,7.2
NZDUSD,-1,2024-02-02 08:57:00+00:00,2024-02-02 10:05:00+00:00,0.6144200000000001,0.615806900749978,0.6116461985000443,0.615826900749978,SL,0.03,2.4552271979979223,4.236575594028972,-14.069007499779573,-4.430702249933872,0.33000000000001345,0.12,0.21,169.4630237611589,1.1333333333333333
USDJPY,1,2024-02-01 18:02:00+00:00,2024-02-02 13:31:00+00:00,146.42200000000003,145.91074850511427,147.44450298977154,147.44450298977154,TP,0.01,2.0117402334778776,4.33906707121127,102.25029897715103,6.913260642331823,0.06829574790673532,0.027318299162694126,0.07,173.5626828484508,19.483333333333334
AUDUSD,-1,2024-02-02 14:01:00+00:00,2024-02-04 23:13:00+00:00,0.65393,0.6560616223705634,0.6496667552588732,0.6496667552588732,TP,0.02,2.4794151078098214,4.298639553838922,42.63244741126826,8.386489482253651,0.2,0.08000000000000002,0.14,171.94558215355687,57.2
NZDUSD,-1,2024-02-02 14:01:00+00:00,2024-02-04 23:13:00+00:00,0.6090450000000001,0.61098317353315,0.6051686529337001,0.6051686529337001,TP,0.02,2.2544034093520104,4.298639553838922,38.76347066299912,7.612694132599825,0.22999999999995246,0.08000000000000002,0.14,171.94558215355687,57.2
USDJPY,1,2024-02-05 08:01:00+00:00,2024-02-05 11:32:00+00:00,148.52500000000003,148.32191006648856,148.93117986702302,148.31991006648855,SL,0.03,2.1826286715196894,4.698619144210258,-20.508993351148774,-4.352533583803825,0.20198619760982994,0.08079447904393199,0.21,187.94476576841032,3.5166666666666666
USDCAD,1,2024-02-05 08:01:00+00:00,2024-02-05 13:00:00+00:00,1.3479800000000002,1.347047913564111,1.3498441728717787,1.3498441728717787,TP,0.06,2.207464634699902,4.698619144210258,18.641728717785355,7.877628474214166,0.4451104615795486,0.17804418463181945,0.42,187.94476576841032,4.983333333333333
USDJPY,1,2024-02-05 13:01:00+00:00,2024-02-05 14:35:00+00:00,148.6725,148.4474248347354,149.12265033052927,148.44542483473538,SL,0.03,2.3720168338796697,4.786746516470516,-22.707516526463678,-4.7920544875071736,0.20178580436866264,0.08071432174746507,0.21,191.46986065882066,1.5666666666666667
USDJPY,1,2024-02-05 15:04:00+00:00,2024-02-05 18:51:00+00:00,148.75300000000001,148.5006902911749,149.25761941765023,148.49869029117488,SL,0.02,1.8172117506644812,4.666945154282837,-25.430970882513293,-3.559221243606958,0.13445106989438868,0.05378042795775548,0.14,186.67780617131348,3.783333333333333
NZDUSD,-1,2024-02-05 13:01:00+00:00,2024-02-06 01:47:00+00:00,0.60514,0.6063115506551815,0.6027968986896372,0.6063315506551815,SL,0.04,2.447488395615463,4.786746516470516,-11.915506551815058,-5.0462026207260235,0.420000000000109,0.16000000000000003,0.28,191.46986065882066,12.766666666666667
USDJPY,1,2024-02-05 20:10:00+00:00,2024-02-06 04:52:00+00:00,148.72000000000003,148.44824707995778,149.26350584008452,148.44624707995777,SL,0.02,1.995732890137541,4.5779646231926625,-27.37529200422557,-3.821454008099189,0.13448090371167293,0.05379236148466918,0.14,183.1185849277065,8.7
USDJPY,1,2024-02-06 08:04:00+00:00,2024-02-06 15:07:00+00:00,148.56650000000002,148.3419485188451,149.01560296230983,148.3399485188451,SL,0.02,1.7348020517626135,4.356273207472032,-22.655148115492807,-3.1898326494186513,0.1346198503700363,0.05384794014801452,0.14,174.2509282988813,7.05
EURUSD,-1,2024-02-06 09:01:00+00:00,2024-02-06 18:02:00+00:00,1.074395,1.0755794629957247,1.0720260740085505,1.0755994629957246,SL,0.03,2.0392367615278064,4.356273207472032,-12.044629957246311,-3.8233889871738933,0.3,0.12,0.21,174.2509282988813,9.016666666666667
GBPUSD,-1,2024-02-07 04:01:00+00:00,2024-02-07 07:13:00+00:00,1.260055,1.2617916258269655,1.256581748346069,1.2618116258269654,SL,0.02,2.0768352563842467,4.180942666557218,-17.566258269654522,-3.6532516539309046,0.2,0.08000000000000002,0.14,167.23770666228873,3.2
EURUSD,-1,2024-02-07 04:01:00+00:00,2024-02-07 07:16:00+00:00,1.0757750000000001,1.0769954195970195,1.0733341608059614,1.0770154195970194,SL,0.03,2.18925436382075,4.180942666557218,-12.4041959701926,-3.93125879105778,0.3,0.12,0.21,167.23770666228873,3.25
NZDUSD,-1,2024-02-07 09:01:00+00:00,2024-02-07 11:28:00+00:00,0.609915,0.6113300463564194,0.6070849072871611,0.6113500463564194,SL,0.02,1.7726502067562238,3.9913299054325013,-14.350463564194449,-3.01009271283889,0.2100000000000545,0.08000000000000002,0.14,159.65319621730004,2.45
USDJPY,1,2024-02-07 13:50:00+00:00,2024-02-07 14:39:00+00:00,148.2655,148.00244151080383,148.7916169783923,148.00044151080382,SL,0.02,2.265327158373743,3.916077587611529,-26.505848919617847,-3.7154573949594267,0.13489314776532638,0.053957259106130556,0.14,156.64310350446115,0.8166666666666667
USDCHF,1,2024-02-07 08:08:00+00:00,2024-02-07 16:43:00+00:00,0.87044,0.8691859631563272,0.8729480736873455,0.8729480736873455,TP,0.02,1.804778190687213,3.9913299054325013,25.080736873455134,5.622772132129759,0.24125729516100303,0.09190754101374018,0.14,159.65319621730004,8.583333333333334
USDCAD,1,2024-02-07 15:01:00+00:00,2024-02-08 01:27:00+00:00,1.3475850000000003,1.3457202647871365,1.351314470425728,1.3457002647871366,SL,0.02,1.809693371045211,3.8231911527375426,-18.847352128636974,-2.937204202872097,0.16325500803296933,0.059365457466504894,0.14,152.92764610950172,10.433333333333334
USDJPY,1,2024-02-08 02:19:00+00:00,2024-02-08 10:32:00+00:00,148.375,148.09190730747451,148.94118538505094,148.94118538505094,TP,0.02,2.4521749410378333,3.890330350968985,56.61853850509431,7.49181647920395,0.13479359730412804,0.05391743892165122,0.14,155.6132140387594,8.216666666666667
AUDUSD,-1,2024-02-07 17:02:00+00:00,2024-02-08 13:35:00+00:00,0.651865,0.6533627505175038,0.6488694989649926,0.6488694989649926,TP,0.02,1.889305035097616,3.9637604560407875,29.955010350074527,5.851002070014906,0.2100000000000545,0.08000000000000002,0.14,158.5504182416315,20.55
EURUSD,-1,2024-02-08 11:01:00+00:00,2024-02-08 13:43:00+00:00,1.0770400000000002,1.0783614090399858,1.074397181920029,1.074397181920029,TP,0.03,2.4304750793814067,4.077625762949084,26.42818079971132,7.718454239913396,0.3,0.12,0.21,163.10503051796334,2.7
GBPUSD,-1,2024-02-09 04:01:00+00:00,2024-02-09 07:13:00+00:00,1.2613500000000002,1.2629912784625446,1.2580674430749117,1.2630112784625445,SL,0.02,1.857968846563706,4.416862170697291,-16.61278462544269,-3.462556925088538,0.2,0.08000000000000002,0.14,176.67448682789166,3.2
EURUSD,-1,2024-02-09 04:03:00+00:00,2024-02-09 07:42:00+00:00,1.07695,1.0781739504679002,1.0745020990642,1.0781939504679001,SL,0.03,2.0783144582030513,4.416862170697291,-12.439504679000457,-3.941851403700137,0.3,0.12,0.21,176.67448682789166,3.65
EURUSD,-1,2024-02-09 09:02:00+00:00,2024-02-09 13:31:00+00:00,1.07709,1.078267090997386,1.0747358180052284,1.0782870909973858,SL,0.03,2.0861767321600944,4.231751962477575,-11.970909973857413,-3.801272992157224,0.3,0.12,0.21,169.270078499103,4.483333333333333
GBPUSD,-1,2024-02-09 09:02:00+00:00,2024-02-09 13:31:00+00:00,1.2613850000000002,1.2630480789797285,1.2580588420405434,1.2630680789797284,SL,0.02,1.9650005417079102,4.231751962477575,-16.83078979728192,-3.506157959456384,0.2,0.08000000000000002,0.14,169.270078499103,4.483333333333333
GBPUSD,-1,2024-02-09 17:02:00+00:00,2024-02-12 00:47:00+00:00,1.262435,1.2644348234120029,1.2584353531759944,1.2644548234120028,SL,0.02,2.469487183971127,4.049066188687235,-20.19823412002797,-4.1796468240055935,0.2100000000000545,0.08000000000000002,0.14,161.96264754748938,55.75
EURUSD,-1,2024-02-12 02:22:00+00:00,2024-02-12 02:33:00+00:00,1.07931,1.0797600837274914,1.0784098325450173,1.0797800837274913,SL,0.08,2.28203913185877,3.944575018087095,-4.70083727491355,-4.32066981993084,0.8,0.32000000000000006,0.56,157.78300072348378,0.18333333333333332
GBPUSD,-1,2024-02-12 02:55:00+00:00,2024-02-12 07:07:00+00:00,1.2633400000000004,1.2638544749923173,1.2623110500153663,1.2638744749923172,SL,0.07,2.34671591719958,3.8365582725888236,-5.344749923168468,-4.231324946217929,0.7349999999994138,0.2800000000000001,0.49000000000000005,153.46233090355295,4.2
USDCHF,1,2024-02-12 09:01:00+00:00,2024-02-12 13:37:00+00:00,0.8750650000000001,0.8743178606632231,0.8765592786735539,0.8765592786735539,TP,0.04,2.288559529233074,3.7307751489333754,14.942786735537839,6.550480814813911,0.45710890048167846,0.1828435601926714,0.28,149.23100595733501,4.6
USDCAD,1,2024-02-09 16:03:00+00:00,2024-02-12 15:51:00+00:00,1.3463450000000001,1.3445445024169456,1.349945995166109,1.3445245024169457,SL,0.03,2.477094461059141,4.049066188687235,-18.2049758305447,-4.26653287171075,0.23396677671776678,0.08913020065436422,0.21,161.96264754748938,71.8
NZDUSD,-1,2024-02-12 19:16:00+00:00,2024-02-13 02:20:00+00:00,0.61331,0.6143696871210589,0.6111906257578822,0.6111906257578822,TP,0.03,2.098183236267005,3.787873847510954,21.193742421178328,6.148122726353498,0.36000000000002697,0.12,0.21,151.51495390043817,7.066666666666666
USDJPY,1,2024-02-12 14:14:00+00:00,2024-02-13 03:08:00+00:00,149.2225,149.0770450113018,149.5134099773964,149.5134099773964,TP,0.03,1.8771532062243839,3.894537169303723,29.09099773964101,5.638514347295016,0.20104206805293431,0.08041682722109603,0.21,155.78148677214892,12.9
GBPUSD,-1,2024-02-13 03:10:00+00:00,2024-02-13 06:58:00+00:00,1.2610550000000003,1.2623969536026032,1.2583710927947946,1.262416953602603,SL,0.03,2.4652918466956666,4.082539774352168,-13.619536026028278,-4.2958608078084835,0.3,0.12,0.21,163.3015909740867,3.8
USDCHF,1,2024-02-13 08:09:00+00:00,2024-02-13 10:00:00+00:00,0.8807250000000001,0.8793681840057763,0.8834386319884477,0.8793481840057763,SL,0.02,1.9377504675027653,3.9751432541569556,-13.7681599422379,-3.26655140758759,0.24979420363905758,0.0908342558687445,0.14,159.00573016627823,1.85
NZDUSD,-1,2024-02-13 03:02:00+00:00,2024-02-13 11:18:00+00:00,0.610015,0.61123263705173,0.60757972589654,0.61125263705173,SL,0.03,2.3169097250569157,3.9415769156697924,-12.376370517300783,-3.922911155190235,0.3150000000000817,0.12,0.21,157.66307662679168,8.266666666666667
USDCAD,1,2024-02-13 14:01:00+00:00,2024-02-13 15:08:00+00:00,1.35298,1.350791637991594,1.3573567240168123,1.3573567240168123,TP,0.02,2.130784236515655,3.7954066900875096,43.767240168122164,6.329754197123708,0.1552129373677604,0.059128738044908286,0.14,151.8162676035004,1.1166666666666667
USDJPY,1,2024-02-14 09:01:00+00:00,2024-02-15 00:43:00+00:00,150.591,150.34289117706356,151.08721764587293,150.34089117706355,SL,0.02,2.0836027175968796,3.953650545015603,-25.01088229364541,-3.46169682034722,0.13281006169027365,0.053124024676109466,0.14,158.1460218006241,15.7
AUDUSD,-1,2024-02-15 01:27:00+00:00,2024-02-15 06:35:00+00:00,0.6481000000000001,0.6493685430062422,0.6455629139875159,0.6493885430062423,SL,0.03,2.4602551158378008,3.867108124506922,-12.885430062421488,-4.075629018726446,0.34500000000009523,0.12,0.21,154.6843249802769,5.133333333333334
USDJPY,1,2024-02-15 16:04:00+00:00,2024-02-15 19:07:00+00:00,150.144,149.85828482867473,150.71543034265056,149.85628482867472,SL,0.01,1.263500074374843,3.765217399038761,-28.771517132528857,-1.9862615310987357,0.06660272804774084,0.026641091219096337,0.07,150.60869596155044,3.05
USDCHF,1,2024-02-15 21:01:00+00:00,2024-02-16 13:30:00+00:00,0.8801700000000001,0.8784804159935369,0.8835491680129265,0.8835491680129265,TP,0.01,1.291602441408738,3.7155608607612924,33.7916801292637,3.769221983169581,0.14201801924627258,0.04544576615881023,0.07,148.6224344304517,16.483333333333334
GBPUSD,-1,2024-02-13 14:01:00+00:00,2024-02-16 18:40:00+00:00,1.25833,1.2611873693272893,1.2526152613454213,1.2612073693272892,SL,0.01,1.8821232878362817,3.7954066900875096,-28.773693272892142,-2.947369327289214,0.1,0.04000000000000001,0.07,151.8162676035004,76.65
AUDUSD,-1,2024-02-16 20:01:00+00:00,2024-02-19 00:26:00+00:00,0.653155,0.6546866026571804,0.6500917946856394,0.6547066026571804,SL,0.02,2.0497306214128463,3.7361071771583023,-15.51602657180351,-3.243205314360702,0.2,0.08000000000000002,0.14,149.44428708633208,52.416666666666664
GBPUSD,-1,2024-02-16 21:02:00+00:00,2024-02-19 00:26:00+00:00,1.259775,1.2621762513408512,1.254972497318298,1.2621962513408511,SL,0.01,1.6067869757134878,3.7361071771583023,-24.212513408510272,-2.491251340851027,0.10999999999994899,0.04000000000000001,0.07,149.44428708633208,51.4
USDCAD,1,2024-02-19 02:01:00+00:00,2024-02-19 06:51:00+00:00,1.3480300000000003,1.3474324780167601,1.3492250439664804,1.3474124780167602,SL,0.08,2.4675038590246197,3.5927457607780093,-6.175219832400547,-4.224737332196195,0.6824773929368767,0.23738344102134223,0.56,143.70983043112037,4.833333333333333
USDCHF,1,2024-02-19 02:01:00+00:00,2024-02-19 09:13:00+00:00,0.8808600000000001,0.8802553946543167,0.8820692106913669,0.8802353946543167,SL,0.05,2.3880786232265323,3.5927457607780093,-6.246053456834266,-3.8954291583419987,0.5960084462909642,0.22705083668233317,0.35000000000000003,143.70983043112037,7.2
GBPUSD,-1,2024-02-19 09:31:00+00:00,2024-02-19 14:32:00+00:00,1.261335,1.2622779492691356,1.2594491014617293,1.2594491014617293,TP,0.03,2.08632997913909,3.389741598514554,18.858985382708138,5.447695614812441,0.3,0.12,0.21,135.58966394058217,5.016666666666667
EURUSD,-1,2024-02-19 09:15:00+00:00,2024-02-19 18:18:00+00:00,1.0775649999999999,1.0783131742855854,1.076068651428829,1.0783331742855853,SL,0.04,2.207172033152334,3.389741598514554,-7.68174285585399,-3.3526971423415963,0.4,0.16000000000000003,0.28,135.58966394058217,9.05
USDCAD,1,2024-02-19 15:01:00+00:00,2024-02-20 02:00:00+00:00,1.348815,1.3479550965547367,1.3505348068905267,1.3505348068905267,TP,0.05,2.2601285304938865,3.525933988884865,17.198068905266428,6.025251203933241,0.44483491064384106,0.14827830354792912,0.35000000000000003,141.0373595553946,10.983333333333333
EURUSD,-1,2024-02-19 23:01:00+00:00,2024-02-20 09:18:00+00:00,1.0776249999999998,1.0784922390235572,1.075890521952885,1.078512239023557,SL,0.03,1.8896201109657254,3.4421165603263257,-8.872390235572514,-2.871717070671754,0.33000000000018,0.12,0.21,137.68466241305302,10.283333333333333
USDJPY,1,2024-02-20 17:12:00+00:00,2024-02-21 17:01:00+00:00,149.911,149.7180874918138,150.29682501637237,150.29682501637237,TP,0.02,1.8274118082100252,3.5209549136578624,38.58250163723653,5.007387668314737,0.13341249141157085,0.05336499656462834,0.14,140.8381965463145,23.816666666666666
EURUSD,-1,2024-02-20 17:01:00+00:00,2024-02-22 00:22:00+00:00,1.081115,1.082733907690422,1.077877184619156,1.082753907690422,SL,0.02,2.2989611200959192,3.5209549136578624,-16.389076904219646,-3.4178153808439293,0.2,0.08000000000000002,0.14,140.8381965463145,31.35
AUDUSD,-1,2024-02-22 02:03:00+00:00,2024-02-22 05:46:00+00:00,0.6549450000000001,0.6562774174827692,0.6522801650344618,0.6562974174827693,SL,0.02,1.8710080115403143,3.5606942208446326,-13.524174827691526,-2.8448349655383054,0.2,0.08000000000000002,0.14,142.4277688337853,3.716666666666667
USDCHF,1,2024-02-22 10:04:00+00:00,2024-02-22 14:09:00+00:00,0.8774500000000001,0.8758268563423098,0.8806962873153805,0.8806962873153805,TP,0.01,1.3252635654409344,3.489573346706175,32.46287315380458,3.6296835322587704,0.11396660778391932,0.04558664311356773,0.07,139.582933868247,4.083333333333333
USDJPY,1,2024-02-22 12:05:00+00:00,2024-02-22 17:05:00+00:00,150.263,150.06823468443326,150.65253063113352,150.65253063113352,TP,0.02,1.8571938498398843,3.489573346706175,38.95306311335105,5.0446513264544235,0.13309996472850935,0.053239985891403746,0.14,139.582933868247,5.0
NZDUSD,1,2024-02-22 18:33:00+00:00,2024-02-23 09:38:00+00:00,0.61968,0.6181562085681142,0.6227275828637716,0.6181362085681141,SL,0.02,2.055604349075279,3.706431718174005,-15.43791431885877,-3.227582863771754,0.2,0.08000000000000002,0.14,148.2572687269602,15.083333333333334
USDCHF,1,2024-02-23 03:03:00+00:00,2024-02-23 12:25:00+00:00,0.8806100000000001,0.8792069255494339,0.8834161489011325,0.8791869255494339,SL,0.02,2.1493696099702144,3.706431718174005,-14.230744505662196,-3.3720197376051138,0.2271152950795471,0.09084611803181886,0.14,148.2572687269602,9.366666666666667
USDJPY,1,2024-02-23 03:01:00+00:00,2024-02-23 14:56:00+00:00,150.5075,150.32164547081226,150.87920905837547,150.31964547081225,SL,0.03,2.498735384069686,3.706431718174005,-18.78545291877458,-3.954421956136654,0.19932561500257462,0.07973024600102985,0.21,148.2572687269602,11.916666666666666
NZDUSD,1,2024-02-23 12:02:00+00:00,2024-02-26 00:21:00+00:00,0.6195950000000001,0.6182859111736662,0.6222131776526681,0.6182659111736661,SL,0.02,1.805270167335148,3.6257421465797113,-13.290888263339795,-2.798177652667959,0.2,0.08000000000000002,0.14,145.02968586318846,60.31666666666667
USDCHF,1,2024-02-23 15:02:00+00:00,2024-02-26 10:43:00+00:00,0.8805800000000001,0.8791126649708564,0.8835146700582877,0.8790926649708564,SL,0.02,2.4201723321135655,3.442581104236167,-14.87335029143777,-3.518080422321145,0.22712303254673055,0.09084921301869223,0.14,137.7032441694467,67.68333333333334
AUDUSD,-1,2024-02-23 15:01:00+00:00,2024-02-26 14:55:00+00:00,0.6566600000000001,0.6580629335757057,0.6538541328485892,0.6538541328485892,TP,0.02,2.0376187709552456,3.442581104236167,28.058671514109566,5.471734302821914,0.220000000000009,0.08000000000000002,0.14,137.7032441694467,71.9
USDJPY,1,2024-02-26 15:07:00+00:00,2024-02-26 22:01:00+00:00,150.757,150.61813795665364,151.03472408669273,150.61613795665363,SL,0.03,2.0190861261446207,3.4214680099319876,-14.086204334637387,-3.013094582932279,1.2039241958913018,0.07959829394323314,0.21,136.8587203972795,6.9
USDCHF,1,2024-02-26 15:03:00+00:00,2024-02-26 22:02:00+00:00,0.8809150000000001,0.8798042068864166,0.8831365862271672,0.8797842068864166,SL,0.02,1.8427087331684224,3.4214680099319876,-11.307931135835503,-2.7073149250121755,0.9989613072770959,0.09081466429791751,0.14,136.8587203972795,6.983333333333333
NZDUSD,1,2024-02-26 10:01:00+00:00,2024-02-26 23:11:00+00:00,0.61727,0.616442499954581,0.618925000090838,0.616422499954581,SL,0.04,2.453577368989473,3.3726266629194686,-8.47500045419003,-3.670000181676012,0.480000000000058,0.16000000000000003,0.28,134.90506651677873,13.166666666666666
USDCHF,1,2024-02-27 01:03:00+00:00,2024-02-27 03:56:00+00:00,0.88063,0.8796346682396503,0.8826206635206996,0.8796146682396503,SL,0.02,1.7733814095379403,3.1867077676914755,-10.153317603497358,-2.4459213525538215,0.22711013706096772,0.0908440548243871,0.14,127.46831070765903,2.8833333333333333
USDCAD,1,2024-02-27 03:01:00+00:00,2024-02-27 04:18:00+00:00,1.351465,1.3502575438779973,1.3538799122440053,1.3502375438779974,SL,0.03,2.102740014714435,3.1867077676914755,-12.274561220024793,-2.9347234416040653,0.29967479734953456,0.08879253254801273,0.21,127.46831070765903,1.2833333333333334
USDCHF,1,2024-02-27 06:24:00+00:00,2024-02-27 07:21:00+00:00,0.8802000000000001,0.8792377217820412,0.8821245564359179,0.8792177217820412,SL,0.02,1.790925399344325,3.052191647837528,-9.822782179589318,-2.3719432355349506,0.22722108611679162,0.09088843444671665,0.14,122.08766591350114,0.95
GBPUSD,1,2024-02-27 05:01:00+00:00,2024-02-27 10:10:00+00:00,1.26869,1.2674784793431721,1.271113041313656,1.2674584793431722,SL,0.02,1.98467330465034,3.052191647837528,-12.315206568278558,-2.603041313655712,0.2,0.08000000000000002,0.14,122.08766591350114,5.15
NZDUSD,1,2024-02-27 07:11:00+00:00,2024-02-27 11:25:00+00:00,0.617015,0.6159578478537645,0.619129304292471,0.6159378478537645,SL,0.02,1.731791886306508,3.052191647837528,-10.771521462354938,-2.2943042924709878,0.220000000000109,0.08000000000000002,0.14,122.08766591350114,4.233333333333333
USDCHF,1,2024-02-27 10:01:00+00:00,2024-02-27 12:34:00+00:00,0.8799050000000002,0.8787987182246169,0.8821175635507668,0.8787787182246168,SL,0.02,2.1004327275447996,2.9928930669491547,-11.262817753833199,-2.7000076721539705,0.2272972650456583,0.09091890601826333,0.14,119.71572267796618,2.55
GBPUSD,1,2024-02-27 12:01:00+00:00,2024-02-27 13:06:00+00:00,1.269015,1.267562646634099,1.271919706731802,1.267542646634099,SL,0.01,1.2649136862405637,2.8704594267959873,-14.723533659009025,-1.5423533659009026,0.1,0.04000000000000001,0.07,114.81837707183949,1.0833333333333333
USDCAD,1,2024-02-27 14:22:00+00:00,2024-02-27 15:39:00+00:00,1.350625,1.349362254528781,1.3531504909424383,1.3531504909424383,TP,0.02,1.691025250061526,2.7644004008446155,25.254909424383687,3.5997367032868026,0.1628875520591563,0.05923183711244795,0.14,110.57601603378461,1.2833333333333334
AUDUSD,-1,2024-02-27 14:11:00+00:00,2024-02-28 03:15:00+00:00,0.6545150000000001,0.6555720513999628,0.6524008972000748,0.6524008972000748,TP,0.02,1.9118999542173585,2.7644004008446155,21.14102799925299,4.088205599850599,0.2,0.08000000000000002,0.14,110.57601603378461,13.066666666666666
GBPUSD,1,2024-02-28 11:01:00+00:00,2024-02-28 12:56:00+00:00,1.2652450000000002,1.2633383195217591,1.269058360956482,1.2633183195217592,SL,0.01,1.6122244723189687,2.9565989584230503,-19.266804782409608,-1.9966804782409608,0.1,0.04000000000000001,0.07,118.26395833692202,1.9166666666666667
USDCHF,1,2024-02-28 01:02:00+00:00,2024-02-28 22:04:00+00:00,0.8795250000000001,0.8783244475261941,0.8819261049476121,0.8783044475261941,SL,0.02,2.391052272222137,2.8543938184267854,-12.205524738060358,-2.9154810239755227,1.6145078309314547,0.09095818765811091,0.14,114.17575273707142,21.033333333333335
USDJPY,1,2024-02-28 04:04:00+00:00,2024-02-29 01:35:00+00:00,150.54900000000004,150.37594097610307,150.89511804779397,150.37394097610306,SL,0.02,1.9439896997636814,2.9565989584230503,-17.50590238969778,-2.4656085911826415,0.13284711290011886,0.05313884516004755,0.14,118.26395833692202,21.516666666666666
GBPUSD,1,2024-02-28 17:01:00+00:00,2024-02-29 11:44:00+00:00,1.2670850000000002,1.2647601273106341,1.2717347453787322,1.2647401273106342,SL,0.01,1.999593292441069,2.9066819464670264,-23.448726893660066,-2.4148726893660064,0.1,0.04000000000000001,0.07,116.26727785868106,18.716666666666665
USDCHF,1,2024-02-29 05:06:00+00:00,2024-02-29 13:02:00+00:00,0.8787500000000001,0.8776768682888373,0.880896263422326,0.880896263422326,TP,0.02,2.202623312431664,2.772154706088072,21.462634223258224,4.744810065037433,0.22759601706970126,0.0910384068278805,0.14,110.8861882435229,7.933333333333334
USDJPY,1,2024-02-29 13:02:00+00:00,2024-02-29 13:30:00+00:00,150.118,149.8368754490797,150.68024910184056,149.8348754490797,SL,0.01,1.6540845920797238,2.830403140479858,-28.312455092029154,-1.9560133423059962,0.06661426344608908,0.026645705378435632,0.07,113.21612561919432,0.4666666666666667
USDCAD,1,2024-02-29 07:00:00+00:00,2024-02-29 13:51:00+00:00,1.357725,1.3562575474142435,1.3606599051715134,1.3562375474142436,SL,0.02,1.9494172467697177,2.772154706088072,-14.874525857564436,-2.331095524876457,0.19886206706053908,0.05892209394391354,0.14,110.8861882435229,6.85
USDCHF,1,2024-02-29 16:01:00+00:00,2024-02-29 19:59:00+00:00,0.8809300000000001,0.8791429266754639,0.8845041466490724,0.8845041466490724,TP,0.01,1.8623332131121533,2.7232254188002964,35.741466490722964,3.987242515378403,0.11351639744361072,0.04540655897744429,0.07,108.92901675201186,3.966666666666667
EURUSD,-1,2024-02-29 16:04:00+00:00,2024-03-01 15:27:00+00:00,1.0818400000000001,1.0838221735175309,1.0778756529649387,1.0838421735175308,SL,0.01,1.819692839092918,2.7232254188002964,-20.021735175306254,-2.0721735175306253,0.1,0.04000000000000001,0.07,108.92901675201186,23.383333333333333
EURUSD,1,2024-03-03 23:01:00+00:00,2024-03-03 23:04:00+00:00,1.084375,1.0840702907912902,1.0849844184174198,1.0840502907912903,SL,0.09,2.4740903944816406,2.771102143746491,-3.247092087097503,-3.5523828783877525,0.9,0.36000000000000004,0.63,110.84408574985963,0.05
USDJPY,1,2024-03-01 00:12:00+00:00,2024-03-04 00:35:00+00:00,150.19,149.8938671216017,150.78226575679662,149.89186712160168,SL,0.01,1.7461804774554877,2.822906481684756,-29.813287839832014,-2.0550381410101877,0.06658232904987016,0.026632931619948064,0.07,112.91625926739026,72.38333333333334
GBPUSD,1,2024-03-03 23:08:00+00:00,2024-03-04 01:53:00+00:00,1.266055,1.2656343884315258,1.2668962231369485,1.2656143884315258,SL,0.06,2.3521571037686324,2.682292571786797,-4.406115684740808,-3.0636694108444846,0.7799999999998138,0.24,0.42,107.29170287147188,2.75
USDCAD,1,2024-03-04 02:01:00+00:00,2024-03-04 02:36:00+00:00,1.3564699999999998,1.3558682332221386,1.3576735335557222,1.3558482332221387,SL,0.05,2.1709603584983475,2.5543248829904304,-6.2176677786118795,-2.6418559859826902,0.4976151333977023,0.14744152100673072,0.35000000000000003,102.17299531961721,0.5833333333333334
USDCHF,1,2024-03-04 05:01:00+00:00,2024-03-04 07:00:00+00:00,0.8834500000000001,0.8827922586830244,0.8847654826339514,0.8827722586830243,SL,0.03,2.2440649767119947,2.488278483340863,-6.777413169757329,-2.5114589970311827,0.3395777916124285,0.1358311166449714,0.21,99.53113933363453,1.9833333333333334
EURUSD,1,2024-03-04 07:01:00+00:00,2024-03-04 08:24:00+00:00,1.0849000000000002,1.0844007618278757,1.0858984763442492,1.0843807618278758,SL,0.04,2.0582965039356407,2.4254920084150835,-5.192381721244033,-2.3569526884976133,0.4,0.16000000000000003,0.28,97.01968033660334,1.3833333333333333
EURUSD,1,2024-03-04 11:04:00+00:00,2024-03-04 12:51:00+00:00,1.0855700000000001,1.0847240332430748,1.0872619335138511,1.0847040332430748,SL,0.02,1.7873280813758379,2.366568191202643,-8.65966756925296,-1.8719335138505921,0.2,0.08000000000000002,0.14,94.66272764810573,1.7833333333333334
USDCHF,1,2024-03-04 10:01:00+00:00,2024-03-04 12:53:00+00:00,0.88277,0.8817034327646148,0.8849031344707706,0.8849031344707706,TP,0.01,1.2763261231041596,2.366568191202643,21.3313447077057,2.3464102436314898,0.11327978975271022,0.04531191590108409,0.07,94.66272764810573,2.8666666666666667
NZDUSD,-1,2024-03-04 13:01:00+00:00,2024-03-04 14:57:00+00:00,0.6096500000000001,0.6105037376153268,0.6079425247693467,0.6105237376153269,SL,0.02,1.7947502681193914,2.378430109447166,-8.737376153267196,-1.8874752306534393,0.20999999999994348,0.08000000000000002,0.14,95.13720437788663,1.9333333333333333
EURUSD,1,2024-03-04 15:18:00+00:00,2024-03-05 00:25:00+00:00,1.0862450000000001,1.085147339544863,1.0884403209102744,1.085127339544863,SL,0.02,2.3542383772590223,2.33124322868083,-11.176604551370595,-2.375320910274119,0.2,0.08000000000000002,0.14,93.2497291472332,9.116666666666667
AUDUSD,-1,2024-03-01 21:20:00+00:00,2024-03-05 02:51:00+00:00,0.652715,0.654140918138821,0.6498631637223582,0.6498631637223582,TP,0.01,1.2864178807327495,2.771102143746491,28.518362776418503,2.7818362776418506,0.1,0.04000000000000001,0.07,110.84408574985963,77.51666666666667
GBPUSD,1,2024-03-04 15:17:00+00:00,2024-03-05 05:57:00+00:00,1.2693800000000002,1.268134878499388,1.2718702430012243,1.268114878499388,SL,0.01,1.3352548173583854,2.33124322868083,-12.651215006120875,-1.3351215006120876,0.1,0.04000000000000001,0.07,93.2497291472332,14.666666666666666
GBPUSD,1,2024-03-05 10:41:00+00:00,2024-03-05 12:00:00+00:00,1.2689300000000001,1.267649970728095,1.27149005854381,1.2676299707280951,SL,0.01,1.3864966435806974,2.308028075349721,-13.000292719049789,-1.370029271904979,0.1,0.04000000000000001,0.07,92.32112301398884,1.3166666666666667
USDCHF,1,2024-03-05 11:01:00+00:00,2024-03-05 13:36:00+00:00,0.8863750000000001,0.8852476796234088,0.888629640753183,0.8852276796234088,SL,0.01,1.3776179090295846,2.308028075349721,-11.473203765913764,-1.364396137742351,0.11281906642222535,0.04512762656889014,0.07,92.32112301398884,2.5833333333333335
GBPUSD,1,2024-03-05 14:12:00+00:00,2024-03-05 15:00:00+00:00,1.2693600000000003,1.2680217241895337,1.272036551620933,1.272036551620933,TP,0.01,1.4938331764130024,2.239667440108538,26.76551620932832,2.6065516209328323,0.1,0.04000000000000001,0.07,89.58669760434151,0.8
GBPUSD,1,2024-03-05 15:01:00+00:00,2024-03-05 15:07:00+00:00,1.2731850000000002,1.2714666010331386,1.2766217979337238,1.2714466010331387,SL,0.01,1.863909756193551,2.3048312306318586,-17.38398966861565,-1.8083989668615652,0.1,0.04000000000000001,0.07,92.19324922527434,0.1
EURUSD,1,2024-03-05 15:01:00+00:00,2024-03-05 16:12:00+00:00,1.08731,1.0860593484054666,1.0898113031890668,1.0860393484054667,SL,0.01,1.3565544169914954,2.3048312306318586,-12.70651594533323,-1.340651594533323,0.1,0.04000000000000001,0.07,92.19324922527434,1.1833333333333333
NZDUSD,-1,2024-03-05 19:01:00+00:00,2024-03-05 22:00:00+00:00,0.6084700000000001,0.6098206022855753,0.6057687954288495,0.6098406022855754,SL,0.01,1.516777404750949,2.2261049665969863,-13.706022855752842,-1.4406022855752842,0.6649999999999767,0.04000000000000001,0.07,89.04419866387946,2.9833333333333334
EURUSD,1,2024-03-05 21:01:00+00:00,2024-03-06 01:28:00+00:00,1.0859200000000002,1.0846151497619034,1.0885297004761938,1.0845951497619035,SL,0.01,1.4653961265037183,2.2261049665969863,-13.248502380966976,-1.3948502380966976,0.1,0.04000000000000001,0.07,89.04419866387946,4.45
USDCAD,1,2024-03-05 19:01:00+00:00,2024-03-06 12:39:00+00:00,1.359115,1.357255441967813,1.3628341160643742,1.357235441967813,SL,0.01,1.5365542586002918,2.2261049665969863,-18.795580321870897,-1.452927884827325,0.07357729110487339,0.029430916441949357,0.07,89.04419866387946,17.633333333333333
USDCHF,1,2024-03-06 00:01:00+00:00,2024-03-06 14:32:00+00:00,0.8837700000000002,0.88255991970871,0.8861901605825806,0.8825399197087099,SL,0.01,1.5629784744192794,2.1900899094576043,-12.300802912902364,-1.4618556765790154,0.11315161184471072,0.04526064473788429,0.07,87.60359637830418,14.516666666666667
GBPUSD,1,2024-03-06 05:01:00+00:00,2024-03-06 15:51:00+00:00,1.2703250000000001,1.2688871139246614,1.2732007721506775,1.2732007721506775,TP,0.01,1.6679120619619723,2.155218653505187,28.75772150677358,2.8057721506773583,0.1,0.04000000000000001,0.07,86.20874614020748,10.833333333333334
GBPUSD,1,2024-03-06 16:30:00+00:00,2024-03-06 21:35:00+00:00,1.2748500000000003,1.2729525319712243,1.2786449360575523,1.2729325319712244,SL,0.01,2.2038024097725772,2.152493368236962,-19.17468028775904,-1.987468028775904,0.1,0.04000000000000001,0.07,86.09973472947848,5.083333333333333
USDJPY,1,2024-03-06 20:06:00+00:00,2024-03-07 00:05:00+00:00,149.3925,149.08326272459018,150.01097455081964,149.08126272459018,SL,0.01,2.404148167946598,2.152493368236962,-31.123727540983737,-2.1533527480284307,0.06693776461335073,0.02677510584534029,0.07,86.09973472947848,3.9833333333333334
NZDUSD,-1,2024-03-06 20:09:00+00:00,2024-03-07 03:11:00+00:00,0.6126350000000002,0.6140999771888697,0.6097050456222611,0.6141199771888697,SL,0.01,1.7014886206936617,2.152493368236962,-14.849771888695296,-1.5549771888695296,0.12000000000000899,0.04000000000000001,0.07,86.09973472947848,7.033333333333333
USDCHF,1,2024-03-07 06:01:00+00:00,2024-03-07 09:40:00+00:00,0.881985,0.8807169677416533,0.8845210645166935,0.8806969677416533,SL,0.01,1.7880999439066267,2.0100984190951157,-12.880322583467274,-1.530378870782074,0.11338061304897476,0.04535224521958991,0.07,80.40393676380462,3.65
USDCAD,1,2024-03-07 06:01:00+00:00,2024-03-07 11:03:00+00:00,1.351475,1.3497712250728129,1.3548825498543742,1.349751225072813,SL,0.01,1.5679308063935298,2.0100984190951157,-17.23774927187005,-1.3454767399966743,0.09249153702439317,0.029597291847795932,0.07,80.40393676380462,5.033333333333333
GBPUSD,1,2024-03-07 00:01:00+00:00,2024-03-07 15:35:00+00:00,1.273735,1.2718807893307582,1.2774434213384838,1.2774434213384838,TP,0.01,2.2044473915316742,2.102806667517564,37.08421338483703,3.638421338483703,0.1,0.04000000000000001,0.07,84.11226670070258,15.566666666666666
EURUSD,1,2024-03-07 15:35:00+00:00,2024-03-08 13:30:00+00:00,1.0920200000000002,1.0901084967042127,1.0958430065915752,1.0958430065915752,TP,0.01,2.3550396248592635,2.02916256228774,38.230065915749734,3.7530065915749735,0.1,0.04000000000000001,0.07,81.16650249150959,21.916666666666668
USDCHF,1,2024-03-10 22:05:00+00:00,2024-03-11 00:16:00+00:00,0.8777,0.8772270116643425,0.8786459766713152,0.8772070116643425,SL,0.03,1.903785927511123,2.1229877270771143,-4.929883356575848,-1.895046151273504,0.5468839011051577,0.13672097527629032,0.21,84.91950908308456,2.183333333333333
AUDUSD,1,2024-03-08 20:01:00+00:00,2024-03-11 02:48:00+00:00,0.662655,0.6609656755961991,0.6660336488076017,0.6609456755961991,SL,0.01,1.9893242695834021,2.1229877270771143,-17.093244038008937,-1.7793244038008937,0.1,0.04000000000000001,0.07,84.91950908308456,54.78333333333333
USDJPY,-1,2024-03-11 05:01:00+00:00,2024-03-11 05:49:00+00:00,146.88299999999998,147.07204809699104,146.5049038060179,147.07404809699105,SL,0.01,1.5841758643271062,2.031128463200254,-19.104809699106795,-1.3706821551239285,0.0680813981195918,0.02723255924783672,0.07,81.24513852801016,0.8
USDCHF,1,2024-03-11 03:06:00+00:00,2024-03-11 07:00:00+00:00,0.8777700000000002,0.8771352395195989,0.8790395209608026,0.8771152395195989,SL,0.02,1.780171150819306,2.031128463200254,-6.547604804012508,-1.6318725415570152,0.22785012019093837,0.09114004807637535,0.14,81.24513852801016,3.9
NZDUSD,1,2024-03-11 06:03:00+00:00,2024-03-11 07:18:00+00:00,0.6177050000000001,0.6170675688398706,0.618979862320259,0.6170475688398706,SL,0.03,2.3941239380223625,1.9968614093221557,-6.574311601295069,-2.1822934803885206,0.3,0.12,0.21,79.87445637288623,1.25
AUDUSD,1,2024-03-11 08:01:00+00:00,2024-03-11 08:31:00+00:00,0.66198,0.6611973118192885,0.663545376361423,0.6611773118192885,SL,0.02,2.0580730814992934,1.9015072587735173,-8.026881807114972,-1.7453763614229945,0.2,0.08000000000000002,0.14,76.06029035094069,0.5
NZDUSD,1,2024-03-11 10:20:00+00:00,2024-03-11 12:17:00+00:00,0.6182200000000001,0.6173492314045071,0.6199615371909861,0.6173292314045071,SL,0.02,2.3434558387992266,1.8578728497379422,-8.907685954929745,-1.921537190985949,0.2100000000000545,0.08000000000000002,0.14,74.31491398951769,1.95
EURUSD,1,2024-03-08 20:01:00+00:00,2024-03-11 13:21:00+00:00,1.0943650000000003,1.0923882827161755,1.09831843456765,1.0923682827161756,SL,0.01,2.327754016913651,2.1229877270771143,-19.96717283824667,-2.066717283824667,0.1,0.04000000000000001,0.07,84.91950908308456,65.33333333333333
NZDUSD,1,2024-03-11 17:01:00+00:00,2024-03-11 18:33:00+00:00,0.617275,0.616272803968362,0.6192793920632761,0.616252803968362,SL,0.01,1.425058489275217,1.758166487867677,-10.221960316380008,-1.0921960316380008,0.10499999999997174,0.04000000000000001,0.07,70.32665951470707,1.5333333333333334
AUDUSD,1,2024-03-11 16:22:00+00:00,2024-03-12 12:30:00+00:00,0.6609150000000001,0.6598131133594155,0.6631187732811695,0.6597931133594155,SL,0.01,1.566812142348712,1.758166487867677,-11.218866405846573,-1.1918866405846573,0.1,0.04000000000000001,0.07,70.32665951470707,20.133333333333333
EURUSD,1,2024-03-11 20:01:00+00:00,2024-03-12 12:30:00+00:00,1.0927200000000001,1.0916499763323255,1.0948600473353496,1.0916299763323256,SL,0.01,1.5455072717309237,1.730861587076727,-10.900236676745223,-1.1600236676745224,0.1,0.04000000000000001,0.07,69.23446348306908,16.483333333333334
USDCHF,1,2024-03-13 05:01:00+00:00,2024-03-13 13:40:00+00:00,0.8780600000000001,0.8769948591729861,0.8801902816540279,0.8769748591729861,SL,0.01,1.8137189673166,1.6720638293702477,-10.851408270139418,-1.3058390394892625,0.11388743366056989,0.04555497346422796,0.07,66.8825531748099,8.65
EURUSD,1,2024-03-12 17:01:00+00:00,2024-03-13 17:01:00+00:00,1.09198,1.0905165542900215,1.0949068914199571,1.0949068914199571,TP,0.01,2.188082901311492,1.6720638293702477,29.26891419957167,2.8568914199571673,0.1,0.04000000000000001,0.07,66.8825531748099,24.0
USDCHF,1,2024-03-13 16:02:00+00:00,2024-03-13 17:08:00+00:00,0.8782500000000001,0.8769916775152268,0.8807666449695467,0.8769716775152268,SL,0.01,2.1848626823428225,1.639417853383016,-12.78322484773331,-1.525533714515606,0.13663535439796695,0.04554511813265016,0.07,65.57671413532064,1.1
GBPUSD,1,2024-03-14 00:01:00+00:00,2024-03-14 04:01:00+00:00,1.28036,1.2787922876063333,1.2834954247873331,1.2787722876063334,SL,0.01,2.3430841011196675,1.672701796019055,-15.877123936665072,-1.6577123936665072,0.10499999999991623,0.04000000000000001,0.07,66.9080718407622,4.0
USDCAD,-1,2024-03-14 08:01:00+00:00,2024-03-14 13:30:00+00:00,1.34694,1.348118242517239,1.3445835149655216,1.348138242517239,SL,0.01,1.3406133244840033,1.6312589861773927,-11.982425172389899,-0.959603484371234,0.08166659242435448,0.029696942699749065,0.07,65.2503594470957,5.483333333333333
USDCHF,1,2024-03-13 19:13:00+00:00,2024-03-14 13:31:00+00:00,0.8784450000000001,0.8771276577991812,0.8810796844016379,0.8810796844016379,TP,0.01,2.241328506745237,1.672701796019055,26.34684401637721,2.92925937496112,0.11383751970812059,0.04553500788324824,0.07,66.9080718407622,18.3
NZDUSD,1,2024-03-12 19:01:00+00:00,2024-03-14 14:23:00+00:00,0.6152950000000001,0.6138132025670362,0.6182585948659282,0.6137932025670362,SL,0.01,2.2155216310164585,1.6720638293702477,-15.017974329639694,-1.5717974329639695,0.1,0.04000000000000001,0.07,66.8825531748099,43.36666666666667
EURUSD,1,2024-03-14 20:01:00+00:00,2024-03-15 00:28:00+00:00,1.0892,1.087749170602421,1.092101658795158,1.087729170602421,SL,0.01,2.2100057608337877,1.6412054476180407,-14.70829397578921,-1.5408293975789211,0.1,0.04000000000000001,0.07,65.64821790472163,4.45
GBPUSD,1,2024-03-15 05:01:00+00:00,2024-03-15 17:47:00+00:00,1.2740500000000001,1.2724901557102206,1.2771696885795594,1.2724701557102207,SL,0.01,2.4331739696522257,1.602684712678568,-15.798442897794196,-1.6498442897794197,0.1,0.04000000000000001,0.07,64.10738850714272,12.766666666666667
NZDUSD,-1,2024-03-18 05:06:00+00:00,2024-03-18 08:10:00+00:00,0.609175,0.609717734165477,0.608089531669046,0.609737734165477,SL,0.02,1.7379298923063717,1.5614386054340823,-5.6273416547703015,-1.2654683309540604,0.20999999999994348,0.08000000000000002,0.14,62.4575442173633,3.066666666666667
USDCHF,1,2024-03-18 10:01:00+00:00,2024-03-18 10:14:00+00:00,0.8843599999999999,0.8837303606768273,0.885619278646345,0.8837103606768273,SL,0.02,2.3270063132956675,1.5298018971602312,-6.4963932317263495,-1.6091739182519222,0.23745985797632582,0.09046089827671991,0.14,61.19207588640924,0.21666666666666667
EURUSD,1,2024-03-15 07:05:00+00:00,2024-03-18 11:04:00+00:00,1.088135,1.0871184202301134,1.0901681595397736,1.0901681595397736,TP,0.01,1.585745096719235,1.602684712678568,20.331595397735658,1.9631595397735657,0.1,0.04000000000000001,0.07,64.10738850714272,75.98333333333333
GBPUSD,1,2024-03-18 12:03:00+00:00,2024-03-18 12:39:00+00:00,1.2746,1.2736867006235961,1.2764265987528074,1.2736667006235962,SL,0.01,1.4839282222568375,1.5386515376982721,-9.3329937640374,-1.0032993764037401,0.1,0.04000000000000001,0.07,61.54606150793089,0.6
USDCHF,1,2024-03-18 13:02:00+00:00,2024-03-18 14:42:00+00:00,0.884055,0.8831513146526931,0.8858623706946138,0.8858623706946138,TP,0.01,1.688401483049513,1.5135690532881787,18.073706946137857,1.9744097874156987,0.11311513423938556,0.045246053695754226,0.07,60.54276213152715,1.6666666666666667
NZDUSD,-1,2024-03-18 15:37:00+00:00,2024-03-18 21:04:00+00:00,0.6084450000000001,0.6092108543222706,0.606913291355459,0.6092308543222706,SL,0.02,2.4500606753725935,1.5629292979735712,-7.858543222705183,-1.7117086445410368,1.5499999999999514,0.08000000000000002,0.14,62.51717191894285,5.45
GBPUSD,1,2024-03-18 19:01:00+00:00,2024-03-19 01:21:00+00:00,1.2730900000000003,1.2718491131206602,1.2755717737586805,1.2718291131206603,SL,0.01,1.984873661510103,1.5629292979735712,-12.608868793400063,-1.3308868793400064,0.10499999999991623,0.04000000000000001,0.07,62.51717191894285,6.333333333333333
NZDUSD,-1,2024-03-19 00:01:00+00:00,2024-03-19 03:40:00+00:00,0.60802,0.6087271151495078,0.6066057697009842,0.6066057697009842,TP,0.02,2.3258276853078423,1.5201365818600454,14.142302990157729,2.6884605980315457,0.2100000000000545,0.08000000000000002,0.14,60.805463274401816,3.65
EURUSD,1,2024-03-19 03:08:00+00:00,2024-03-19 04:44:00+00:00,1.087545,1.086731200588772,1.0891725988224563,1.086711200588772,SL,0.01,1.368314766670135,1.4868644098765451,-8.337994112279645,-0.9037994112279646,0.1,0.04000000000000001,0.07,59.47457639506181,1.6
USDCAD,1,2024-03-15 16:01:00+00:00,2024-03-19 06:34:00+00:00,1.3532800000000003,1.3515895174445527,1.3566609651108954,1.3566609651108954,TP,0.01,1.9485652100374662,1.602684712678568,33.8096511089514,2.4283485390275033,0.08867344525893715,0.029557815086308815,0.07,64.10738850714272,86.55
NZDUSD,-1,2024-03-19 05:02:00+00:00,2024-03-19 09:16:00+00:00,0.6060800000000001,0.6071490221805019,0.6039419556389963,0.6039419556389963,TP,0.01,1.7450791467544085,1.5314809395466347,21.380443610037325,2.0680443610037327,0.10499999999997174,0.04000000000000001,0.07,61.25923758186539,4.233333333333333
GBPUSD,1,2024-03-20 03:11:00+00:00,2024-03-20 07:00:00+00:00,1.2721550000000001,1.2707986205924746,1.274867758815051,1.2707786205924747,SL,0.01,2.0627578164562776,1.6438907620474157,-13.76379407525441,-1.446379407525441,0.11499999999998174,0.04000000000000001,0.07,65.75563048189663,3.816666666666667
EURUSD,1,2024-03-20 07:10:00+00:00,2024-03-20 08:01:00+00:00,1.0871400000000002,1.0862712665136487,1.0888774669727035,1.0862512665136488,SL,0.01,1.3508686104071264,1.60773127685928,-8.88733486351434,-0.9587334863514341,0.1,0.04000000000000001,0.07,64.30925107437119,0.85
USDCHF,1,2024-03-20 00:01:00+00:00,2024-03-20 09:48:00+00:00,0.8887200000000002,0.8874428754771144,0.8912742490457717,0.8912742490457717,TP,0.01,2.1854221683509625,1.6438907620474157,25.54249045771506,2.8040762509806303,0.11252137906202177,0.04500855162480871,0.07,65.75563048189663,9.783333333333333
USDCAD,1,2024-03-20 00:01:00+00:00,2024-03-20 16:05:00+00:00,1.3576800000000002,1.355909039228225,1.3612219215435508,1.355889039228225,SL,0.01,1.9837117904516897,1.6438907620474157,-17.909607717752074,-1.3891332064810613,0.07733781156091807,0.029462023451770666,0.07,65.75563048189663,16.066666666666666
NZDUSD,-1,2024-03-21 09:01:00+00:00,2024-03-21 14:41:00+00:00,0.6082150000000001,0.6097996794326968,0.6050456411346067,0.6050456411346067,TP,0.01,2.4467971310946157,1.619136515812983,31.69358865393379,3.0993588653933792,0.10499999999997174,0.04000000000000001,0.07,64.76546063251932,5.666666666666667
USDCAD,1,2024-03-21 12:38:00+00:00,2024-03-22 02:36:00+00:00,1.3514000000000002,1.3493817301893232,1.355436539621354,1.355436539621354,TP,0.01,2.3059604309813415,1.619136515812983,40.365396213537515,2.916931790257327,0.09619653692472584,0.02959893443836022,0.07,64.76546063251932,13.966666666666667
AUDUSD,-1,2024-03-24 22:01:00+00:00,2024-03-24 22:48:00+00:00,0.6511050000000002,0.6513961932109208,0.6505226135781589,0.6514161932109208,SL,0.06,2.4683752997445807,1.7695437822042508,-3.111932109206572,-2.287159265523943,0.8099999999999774,0.24,0.42,70.78175128817003,0.7833333333333333
USDCAD,1,2024-03-24 22:01:00+00:00,2024-03-25 00:28:00+00:00,1.360705,1.3603866455141589,1.3613417089716824,1.3613417089716824,TP,0.07,2.313788879038069,1.7695437822042508,6.367089716823315,2.785480579388127,0.7202148886051172,0.2057756824587255,0.49000000000000005,70.78175128817003,2.45
USDCHF,1,2024-03-25 00:19:00+00:00,2024-03-25 01:15:00+00:00,0.897885,0.8974677051252908,0.8987195897494183,0.8974477051252908,SL,0.03,2.0355759253019716,1.7123648005661523,-4.3729487470922646,-1.6710831277142164,0.35082443742786124,0.13364740473445932,0.21,68.49459202264609,0.9333333333333333
EURUSD,-1,2024-03-25 01:02:00+00:00,2024-03-25 01:15:00+00:00,1.0802,1.0805597883116715,1.0794804233766568,1.0805797883116715,SL,0.04,2.019012038219105,1.7820018150508554,-3.7978831167140292,-1.7991532466856117,0.4,0.16000000000000003,0.28,71.28007260203421,0.21666666666666667
NZDUSD,-1,2024-03-25 04:02:00+00:00,2024-03-25 08:07:00+00:00,0.5994999999999999,0.6003579973812898,0.5977840052374203,0.6003779973812898,SL,0.01,1.2652992973019295,1.6952459056908598,-8.779973812899078,-0.9479973812899078,0.11500000000003174,0.04000000000000001,0.07,67.80983622763439,4.083333333333333
USDCHF,1,2024-03-25 08:35:00+00:00,2024-03-25 10:18:00+00:00,0.89831,0.8975456810925788,0.8998386378148425,0.8975256810925788,SL,0.01,1.272535926803558,1.671545971158612,-7.843189074212553,-0.9431049497626156,0.11132014560675045,0.04452805824270018,0.07,66.86183884634448,1.7166666666666666
USDJPY,1,2024-03-25 04:01:00+00:00,2024-03-25 13:15:00+00:00,151.269,151.13063210607316,151.54573578785366,151.12863210607316,SL,0.01,1.348940206027939,1.6952459056908598,-14.036789392685023,-0.9979356241321766,0.06610739807891901,0.026442959231567604,0.07,67.80983622763439,9.233333333333333
NZDUSD,-1,2024-03-25 13:01:00+00:00,2024-03-25 13:34:00+00:00,0.600095,0.6010370085813743,0.5982109828372515,0.6010570085813743,SL,0.01,1.4290453194264228,1.6479683474145468,-9.620085813742962,-1.0320085813742963,0.10500000000002725,0.04000000000000001,0.07,65.91873389658187,0.55
USDCHF,1,2024-03-25 16:02:00+00:00,2024-03-26 03:43:00+00:00,0.8985200000000001,0.8975496105695274,0.9004607788609454,0.9004607788609454,TP,0.01,1.690416207996374,1.5972197422768846,19.40778860945347,2.089972912061331,0.11129412812180028,0.04451765124872012,0.07,63.88878969107539,11.683333333333334
AUDUSD,-1,2024-03-26 08:01:00+00:00,2024-03-26 09:18:00+00:00,0.653675,0.6547445724616999,0.6515358550766001,0.6547645724617,SL,0.01,1.6210859669094844,1.6494690650784178,-10.895724616999392,-1.1595724616999392,0.1,0.04000000000000001,0.07,65.97876260313672,1.2833333333333334
USDJPY,1,2024-03-25 15:01:00+00:00,2024-03-26 09:19:00+00:00,151.394,151.2050429818445,151.771914036311,151.2030429818445,SL,0.01,1.9535732607633218,1.5972197422768846,-19.095701815550115,-1.3313248751965148,0.0660528158315389,0.02642112633261556,0.07,63.88878969107539,18.3
NZDUSD,-1,2024-03-26 12:02:00+00:00,2024-03-26 19:55:00+00:00,0.60218,0.6031849171067285,0.600170165786543,0.600170165786543,TP,0.01,1.5828491043356083,1.5871966316560064,20.098342134570178,1.939834213457018,0.11499999999997623,0.04000000000000001,0.07,63.48786526624026,7.883333333333334
GBPUSD,-1,2024-03-26 12:19:00+00:00,2024-03-27 00:15:00+00:00,1.26509,1.2665546210133498,1.2621607579733005,1.2621607579733005,TP,0.01,2.3069306350241465,1.5871966316560064,29.2924202669953,2.85924202669953,0.1,0.04000000000000001,0.07,63.48786526624026,11.933333333333334
AUDUSD,-1,2024-03-27 01:21:00+00:00,2024-03-27 04:54:00+00:00,0.651965,0.6530781673447394,0.6497386653105212,0.6530981673447395,SL,0.01,1.6301320870186236,1.7071735376599204,-11.331673447394497,-1.2031673447394498,0.10499999999997174,0.04000000000000001,0.07,68.28694150639681,3.55
NZDUSD,-1,2024-03-27 01:20:00+00:00,2024-03-27 07:11:00+00:00,0.5995900000000001,0.6005564518158963,0.5976570963682074,0.6005764518158964,SL,0.01,1.4152805713311718,1.7071735376599204,-9.864518158962943,-1.0564518158962943,0.11500000000003174,0.04000000000000001,0.07,68.28694150639681,5.85
EURUSD,-1,2024-03-27 08:04:00+00:00,2024-03-27 09:04:00+00:00,1.08223,1.083241083114304,1.080207833771392,1.083261083114304,SL,0.01,1.531310188544814,1.6506830586440264,-10.310831143038879,-1.101083114303888,0.1,0.04000000000000001,0.07,66.02732234576106,1.0
AUDUSD,-1,2024-03-27 12:01:00+00:00,2024-03-27 19:54:00+00:00,0.65204,0.6533572145403332,0.6494055709193334,0.6533772145403333,SL,0.01,2.028786136276191,1.6231559807864295,-13.372145403333091,-1.4072145403333092,0.10500000000002725,0.04000000000000001,0.07,64.92623923145717,7.883333333333334
USDCHF,1,2024-03-27 11:05:00+00:00,2024-03-27 20:11:00+00:00,0.9058550000000001,0.9045152770549755,0.9085344458900493,0.9044952770549755,SL,0.01,2.2779073818482023,1.6231559807864295,-13.597229450246218,-1.5710381849464006,0.11039294368303977,0.04415717747321591,0.07,64.92623923145717,9.1
AUDUSD,-1,2024-03-27 22:01:00+00:00,2024-03-28 02:14:00+00:00,0.6524500000000001,0.6536332594236097,0.6500834811527808,0.6536532594236097,SL,0.01,1.9100853641008515,1.5486996626544365,-12.032594236096594,-1.2732594236096595,0.1100000000000045,0.04000000000000001,0.07,61.947986506177465,4.216666666666667
EURUSD,-1,2024-03-27 22:01:00+00:00,2024-03-28 05:49:00+00:00,1.08154,1.082672099617747,1.0792758007645058,1.082692099617747,SL,0.01,1.827500265297945,1.5486996626544365,-11.520996177469822,-1.2220996177469823,0.1,0.04000000000000001,0.07,61.947986506177465,7.8
AUDUSD,-1,2024-03-28 06:01:00+00:00,2024-03-28 08:12:00+00:00,0.6522900000000001,0.6535575570618145,0.6497548858763714,0.6497548858763714,TP,0.01,2.132045488762262,1.4863156866205205,25.351141236287233,2.4651141236287235,0.10499999999997174,0.04000000000000001,0.07,59.45262746482082,2.183333333333333
NZDUSD,-1,2024-03-28 04:01:00+00:00,2024-03-28 09:02:00+00:00,0.598825,0.6001027636957684,0.5962694726084634,0.5962694726084634,TP,0.01,2.105924092628397,1.516868177064195,25.55527391536638,2.4855273915366385,0.10500000000002725,0.04000000000000001,0.07,60.674727082567806,5.016666666666667
USDCAD,1,2024-03-28 19:04:00+00:00,2024-03-31 22:04:00+00:00,1.3544050000000003,1.352353891926433,1.358507216147135,1.3523338919264332,SL,0.01,2.351430157993135,1.6100817244996546,-20.711080735671406,-1.5991645213707424,0.09598310697322772,0.02953326368405314,0.07,64.40326897998618,75.0
USDCHF,1,2024-03-31 23:01:00+00:00,2024-03-31 23:03:00+00:00,0.902445,0.9020149728250495,0.9033050543499013,0.9019949728250495,SL,0.03,2.2761893418535193,1.570102611465386,-4.500271749505735,-1.7060263781745373,0.5485098814887097,0.1329720924820903,0.21,62.804104458615434,0.03333333333333333
EURUSD,-1,2024-04-01 02:01:00+00:00,2024-04-01 03:55:00+00:00,1.0785,1.0790999409227928,1.0773001181544146,1.0791199409227927,SL,0.02,1.963861848494983,1.5274519520110226,-6.199409227927166,-1.3798818455854334,0.2,0.08000000000000002,0.14,61.0980780804409,1.9
GBPUSD,-1,2024-04-01 08:03:00+00:00,2024-04-01 08:28:00+00:00,1.2616800000000001,1.2626486930890675,1.2597426138218655,1.2626686930890674,SL,0.01,1.6221070798215287,1.4929549058713867,-9.886930890672385,-1.0586930890672386,0.1,0.04000000000000001,0.07,59.71819623485547,0.4166666666666667
AUDUSD,-1,2024-04-01 10:01:00+00:00,2024-04-01 13:49:00+00:00,0.6521150000000001,0.6528731186966523,0.6505987626066958,0.6505987626066958,TP,0.01,1.292405588175548,1.4664875786447058,15.162373933043094,1.4462373933043093,0.12500000000004174,0.04000000000000001,0.07,58.65950314578823,3.8
USDJPY,1,2024-03-28 16:01:00+00:00,2024-04-02 05:11:00+00:00,151.3705,151.16248445771328,151.78653108457343,151.78653108457343,TP,0.01,2.133765200866348,1.6100817244996546,41.603108457343296,2.678429083430609,0.0660630704133236,0.02642522816532944,0.07,64.40326897998618,109.16666666666667
AUDUSD,-1,2024-04-01 14:02:00+00:00,2024-04-02 08:16:00+00:00,0.6497550000000001,0.6507202324056405,0.6478245351887192,0.6507402324056405,SL,0.01,1.6058905471976397,1.5026435134773135,-9.852324056404127,-1.0552324056404128,0.10500000000002725,0.04000000000000001,0.07,60.10574053909254,18.233333333333334
USDJPY,1,2024-04-02 10:03:00+00:00,2024-04-02 13:58:00+00:00,151.7015,151.56192914132623,151.98064171734754,151.55992914132622,SL,0.01,1.490445415570167,1.5432234304220682,-14.157085867378782,-1.0032199000918764,0.06591892631252821,0.026367570525011288,0.07,61.728937216882734,3.9166666666666665
AUDUSD,-1,2024-04-02 11:05:00+00:00,2024-04-02 14:03:00+00:00,0.650085,0.6511903969653674,0.6478742060692654,0.6512103969653674,SL,0.01,1.7907273560916068,1.5432234304220682,-11.253969653673979,-1.195396965367398,0.1,0.04000000000000001,0.07,61.728937216882734,2.966666666666667
EURUSD,-1,2024-04-02 19:19:00+00:00,2024-04-03 02:08:00+00:00,1.0761600000000002,1.0774897002470283,1.0735005995059441,1.0775097002470282,SL,0.01,2.23365209388833,1.4882580087855866,-13.497002470279629,-1.419700247027963,0.1,0.04000000000000001,0.07,59.530320351423455,6.816666666666666
GBPUSD,-1,2024-04-02 23:01:00+00:00,2024-04-03 09:48:00+00:00,1.2573750000000001,1.2588577066803504,1.2544095866392997,1.2588777066803503,SL,0.01,2.490674788238,1.4882580087855866,-15.027066803501299,-1.57270668035013,0.11000000000006001,0.04000000000000001,0.07,59.530320351423455,10.783333333333333
USDJPY,1,2024-04-03 05:48:00+00:00,2024-04-03 12:22:00+00:00,151.6155,151.49117099024448,151.86415801951102,151.86415801951102,TP,0.01,1.4111505919755776,1.4527655026098873,24.86580195110264,1.570056719207643,0.06595631713116402,0.026382526852465612,0.07,58.110620104395494,6.566666666666666
USDCHF,1,2024-04-04 03:06:00+00:00,2024-04-04 06:30:00+00:00,0.9033550000000001,0.9021298002732456,0.9058053994535092,0.9058053994535092,TP,0.01,2.334063858431136,1.4526992535813252,24.50399453509111,2.64255425996326,0.13837306485273423,0.04427938075286017,0.07,58.107970143253006,3.4
NZDUSD,-1,2024-04-04 12:02:00+00:00,2024-04-04 12:55:00+00:00,0.6032700000000001,0.6043643593041704,0.6010812813916593,0.6043843593041704,SL,0.01,1.8013989425125978,1.5187631100804067,-11.143593041703648,-1.1843593041703648,0.10499999999997174,0.04000000000000001,0.07,60.75052440321627,0.8833333333333333
USDJPY,1,2024-04-04 03:04:00+00:00,2024-04-04 13:29:00+00:00,151.719,151.57626245692703,152.00447508614593,151.57426245692702,SL,0.01,1.619058499052881,1.4526992535813252,-14.473754307297781,-1.023984293812758,0.06591132290616206,0.026364529162464824,0.07,58.107970143253006,10.416666666666666
USDJPY,1,2024-04-04 15:06:00+00:00,2024-04-04 18:32:00+00:00,151.695,151.53803231543606,152.00893536912787,151.53603231543605,SL,0.01,1.7675434116005373,1.4635545201308287,-15.896768456394739,-1.1179428100065751,0.06592175088170342,0.02636870035268137,0.07,58.542180805233144,3.433333333333333
NZDUSD,-1,2024-04-04 19:01:00+00:00,2024-04-05 06:12:00+00:00,0.603065,0.6042358328250984,0.6007233343498031,0.6007233343498031,TP,0.01,2.038917478009492,1.4356059498806641,23.41665650196889,2.2716656501968893,0.10500000000002725,0.04000000000000001,0.07,57.42423799522657,11.183333333333334
NZDUSD,-1,2024-04-05 13:07:00+00:00,2024-04-05 14:12:00+00:00,0.5987600000000001,0.6002455481674381,0.595788903665124,0.6002655481674382,SL,0.01,2.4885261411934736,1.4923975911355865,-15.055481674380866,-1.5755481674380867,0.10500000000002725,0.04000000000000001,0.07,59.695903645423456,1.0833333333333333
USDCHF,1,2024-04-07 22:01:00+00:00,2024-04-07 22:01:00+00:00,0.9026100000000001,0.9021507620807472,0.9035284758385059,0.9021307620807472,SL,0.02,1.7508112702573921,1.4530088869496343,-4.792379192529728,-1.2018936622748977,0.5317911390301857,0.08863185650502431,0.14,58.12035547798537,0.0
USDJPY,1,2024-04-07 22:01:00+00:00,2024-04-07 22:02:00+00:00,151.70850000000002,151.66468670173714,151.7961265965258,151.66268670173713,SL,0.05,2.4844929926892183,1.4530088869496343,-4.581329826288538,-1.8599120439159764,0.46141119317624896,0.13183176947896788,0.35000000000000003,58.12035547798537,0.016666666666666666
USDCAD,1,2024-04-07 22:01:00+00:00,2024-04-08 00:00:00+00:00,1.3598350000000001,1.359380392166449,1.3607442156671024,1.3607442156671024,TP,0.04,2.3494030933049306,1.422961545392762,9.092156671022256,2.394488205119667,0.38239933521369873,0.11766133391183489,0.28,56.91846181571047,1.9833333333333334
NZDUSD,-1,2024-04-08 00:01:00+00:00,2024-04-08 00:23:00+00:00,0.600125,0.600558602541677,0.599257794916646,0.600578602541677,SL,0.03,2.2641233098131397,1.4363259494228542,-4.5360254167703395,-1.5708076250311018,0.3150000000000817,0.12,0.21,57.45303797691416,0.36666666666666664
AUDUSD,1,2024-04-08 02:01:00+00:00,2024-04-08 02:52:00+00:00,0.6576000000000001,0.6569947999325626,0.658810400134875,0.658810400134875,TP,0.02,2.165983940249382,1.3970557587970764,12.104001348749449,2.2808002697498897,0.2100000000000545,0.08000000000000002,0.14,55.88223035188306,0.85
EURUSD,-1,2024-04-08 04:30:00+00:00,2024-04-08 05:25:00+00:00,1.08315,1.0837717380047764,1.0819065239904473,1.0837917380047764,SL,0.02,2.1379147480155787,1.4540757655408236,-6.417380047762933,-1.4234760095525867,0.2,0.08000000000000002,0.14,58.16303062163295,0.9166666666666666
USDCAD,1,2024-04-08 04:11:00+00:00,2024-04-08 06:37:00+00:00,1.3604800000000001,1.3594733534051828,1.362493293189635,1.359453353405183,SL,0.01,1.272148585647601,1.4540757655408236,-10.266465948172154,-0.8246208652954952,0.08452898976829959,0.029401387745501585,0.07,58.16303062163295,2.433333333333333
GBPUSD,-1,2024-04-08 09:08:00+00:00,2024-04-08 09:30:00+00:00,1.26179,1.262836093947362,1.2596978121052762,1.2628560939473619,SL,0.01,1.870866827991281,1.3978733436696218,-10.660939473619013,-1.1360939473619014,0.1,0.04000000000000001,0.07,55.91493374678487,0.36666666666666664
EURUSD,-1,2024-04-08 09:07:00+00:00,2024-04-08 09:45:00+00:00,1.082135,1.0829487017202792,1.0805075965594417,1.0829687017202791,SL,0.01,1.4552493685571224,1.3978733436696218,-8.337017202790786,-0.9037017202790787,0.1,0.04000000000000001,0.07,55.91493374678487,0.6333333333333333
EURUSD,-1,2024-04-08 12:01:00+00:00,2024-04-08 12:37:00+00:00,1.0822150000000001,1.0831440716761858,1.080356856647629,1.0831640716761857,SL,0.01,1.7244905708099068,1.3468784519785972,-9.4907167618552,-1.01907167618552,0.1,0.04000000000000001,0.07,53.87513807914389,0.6
GBPUSD,-1,2024-04-08 12:01:00+00:00,2024-04-08 12:48:00+00:00,1.2616,1.2628686801757851,1.2590626396484301,1.262888680175785,SL,0.01,2.3548527595814117,1.3468784519785972,-12.886801757849842,-1.3586801757849842,0.1,0.04000000000000001,0.07,53.87513807914389,0.7833333333333333
AUDUSD,1,2024-04-08 06:58:00+00:00,2024-04-08 13:30:00+00:00,0.6584300000000001,0.6575333863721866,0.660223227255627,0.660223227255627,TP,0.01,1.603531592961971,1.3978733436696218,17.93227255626917,1.7232272556269168,0.10500000000002725,0.04000000000000001,0.07,55.91493374678487,6.533333333333333
USDJPY,1,2024-04-08 20:03:00+00:00,2024-04-08 21:00:00+00:00,151.85150000000002,151.7426011180554,152.06929776388924,151.7406011180554,SL,0.01,1.3474866097865146,1.3305153370700078,-11.089888194462105,-0.8003114025519737,0.47085474954143136,0.026341524449873723,0.07,53.2206134828003,0.95
GBPUSD,-1,2024-04-09 01:01:00+00:00,2024-04-09 09:13:00+00:00,1.2652450000000002,1.2665114377431468,1.262712124513707,1.2665314377431467,SL,0.01,2.415929883822228,1.3105075520062082,-12.86437743146518,-1.356437743146518,0.1,0.04000000000000001,0.07,52.42030208024833,8.2
USDJPY,1,2024-04-09 00:40:00+00:00,2024-04-09 09:27:00+00:00,151.8625,151.7598826474068,152.06773470518638,151.7578826474068,SL,0.01,1.289052904617367,1.3105075520062082,-10.461735259320903,-0.7588952347894247,0.06584904107333936,0.026339616429335744,0.07,52.42030208024833,8.783333333333333
AUDUSD,1,2024-04-09 09:13:00+00:00,2024-04-09 12:48:00+00:00,0.66127,0.6601913870289206,0.663427225942159,0.663427225942159,TP,0.01,2.112282305857106,1.2765966084275453,21.572259421589468,2.087225942158947,0.10499999999997174,0.04000000000000001,0.07,51.06386433710181,3.5833333333333335
USDCAD,1,2024-04-10 04:01:00+00:00,2024-04-10 10:59:00+00:00,1.3571150000000003,1.3555685965940796,1.3602078068118417,1.3555485965940797,SL,0.01,2.174901298816872,1.309804876111783,-15.664034059206244,-1.22421567510537,0.07737000917389258,0.02947428920909429,0.07,52.39219504447133,6.966666666666667
USDJPY,1,2024-04-09 19:02:00+00:00,2024-04-10 12:30:00+00:00,151.75150000000002,151.63383388128003,151.98683223743998,151.98683223743998,TP,0.01,1.4799663517334365,1.309804876111783,23.533223743996246,1.480773715185434,0.06589720694688354,0.02635888277875342,0.07,52.39219504447133,17.466666666666665
USDJPY,1,2024-04-10 13:38:00+00:00,2024-04-10 15:10:00+00:00,152.5285,152.36549379612248,152.85451240775504,152.85451240775504,TP,0.01,2.029855133381982,1.3162188271137847,32.601240775503015,2.0673868342967388,0.06556151801138803,0.026224607204555214,0.07,52.648753084551394,1.5333333333333334
USDCAD,1,2024-04-12 03:04:00+00:00,2024-04-12 08:36:00+00:00,1.3691600000000002,1.3673108550214224,1.3728582899571555,1.3728582899571555,TP,0.01,2.4683191254866834,1.3679034979712035,36.98289957155376,2.631137892689953,0.08764497940335532,0.029214993134476615,0.07,54.716139918848135,5.533333333333333
USDJPY,1,2024-04-12 07:02:00+00:00,2024-04-12 12:16:00+00:00,153.31050000000002,153.10655446705226,153.7183910658955,153.10455446705225,SL,0.01,2.43123447737808,1.3679034979712035,-20.594553294776574,-1.4133230792918015,0.06522710447099186,0.026090841788396747,0.07,54.716139918848135,5.233333333333333
USDJPY,1,2024-04-14 23:10:00+00:00,2024-04-15 01:05:00+00:00,153.3005,153.20513012669713,153.49123974660577,153.49123974660577,TP,0.02,2.2244472088035354,1.3983488683061573,19.073974660577164,2.3484425896298005,0.15003212644450103,0.05218508745894501,0.14,55.93395473224629,1.9166666666666667
USDCAD,1,2024-04-15 01:05:00+00:00,2024-04-15 02:01:00+00:00,1.376995,1.3761194580976335,1.378746083804733,1.3760994580976336,SL,0.02,2.1819116484875574,1.4570599330469023,-8.955419023664035,-1.4407191781617268,0.1670303813738993,0.0580975239561509,0.14,58.28239732187609,0.9333333333333333
USDCHF,1,2024-04-15 00:17:00+00:00,2024-04-15 02:02:00+00:00,0.9141600000000001,0.9133319556830989,0.9158160886338025,0.9133119556830989,SL,0.01,1.6194063573267925,1.3983488683061573,-8.480443169012197,-0.9976760270644305,0.12032904524378063,0.04375601645226219,0.07,55.93395473224629,1.75
NZDUSD,-1,2024-04-15 07:01:00+00:00,2024-04-15 13:54:00+00:00,0.5940099999999999,0.5948965147097047,0.5922369705805903,0.5922369705805903,TP,0.01,1.5874841990245974,1.3961000529162482,17.730294194095997,1.7030294194095996,0.10999999999999899,0.04000000000000001,0.07,55.84400211664993,6.883333333333334
USDCAD,1,2024-04-15 15:01:00+00:00,2024-04-15 15:41:00+00:00,1.3773250000000001,1.375397419883519,1.381180160232962,1.3753774198835191,SL,0.01,2.431941260573973,1.4386757884014885,-19.47580116480996,-1.4840309051828695,0.07986495562053582,0.029041802043816817,0.07,57.547031536059535,0.6666666666666666
NZDUSD,-1,2024-04-15 14:02:00+00:00,2024-04-16 00:39:00+00:00,0.5920350000000001,0.5932689838234356,0.589567032353129,0.589567032353129,TP,0.01,2.1443049111270507,1.4386757884014885,24.67967646871072,2.3979676468710722,0.10999999999994899,0.04000000000000001,0.07,57.547031536059535,10.616666666666667
USDCHF,1,2024-04-17 06:01:00+00:00,2024-04-17 06:44:00+00:00,0.912965,0.911663912228183,0.9155671755436341,0.911643912228183,SL,0.01,2.4377348300491577,1.4615242069436933,-13.210877718170533,-1.5170300305236821,0.10953322416521992,0.04381328966608797,0.07,58.46096827774774,0.7166666666666667
USDJPY,1,2024-04-17 11:22:00+00:00,2024-04-17 16:25:00+00:00,154.6485,154.4524541869351,155.04059162612978,154.4504541869351,SL,0.01,2.226200930268703,1.4235984561806014,-19.80458130649083,-1.35061903649184,0.0646627675017863,0.025865107000714524,0.07,56.943938247224054,5.05
NZDUSD,-1,2024-04-18 00:02:00+00:00,2024-04-18 02:14:00+00:00,0.5911200000000001,0.5924527682817546,0.5884544634364909,0.5924727682817547,SL,0.01,2.397353316326729,1.3898329802683054,-13.527682817545683,-1.4227682817545684,0.10500000000002725,0.04000000000000001,0.07,55.59331921073221,2.2
NZDUSD,-1,2024-04-18 05:01:00+00:00,2024-04-18 06:40:00+00:00,0.5919300000000001,0.5932475978082747,0.5892948043834507,0.5932675978082748,SL,0.01,2.432313841522749,1.354263773224441,-13.375978082746931,-1.4075978082746932,0.1,0.04000000000000001,0.07,54.17055092897764,1.65
NZDUSD,-1,2024-04-18 10:12:00+00:00,2024-04-19 00:17:00+00:00,0.5923750000000001,0.5936761426610336,0.5897727146779329,0.5897727146779329,TP,0.01,2.466015611478425,1.3190738280175736,26.02285322067188,2.5322853220671884,0.1,0.04000000000000001,0.07,52.762953120702946,14.083333333333334
USDCAD,1,2024-04-18 23:09:00+00:00,2024-04-19 07:07:00+00:00,1.377405,1.375590905595675,1.3810331888086498,1.375570905595675,SL,0.01,2.4961411147077452,1.3190738280175736,-18.340944043249152,-1.4015578238244493,0.11979047556824736,0.029040115289257703,0.07,52.762953120702946,7.966666666666667
USDJPY,1,2024-04-21 22:01:00+00:00,2024-04-21 22:01:00+00:00,154.7035,154.64479660281094,154.8209067943781,154.64279660281093,SL,0.03,2.1122557736439744,1.3473420154736422,-6.0703397189058705,-1.3871562477072343,0.32966287123424953,0.0775677344080774,0.21,53.89368061894569,0.0
GBPUSD,-1,2024-04-21 22:01:00+00:00,2024-04-21 22:03:00+00:00,1.236845,1.23735793474499,1.23581913051002,1.2373779347449898,SL,0.02,1.9035060849404781,1.3473420154736422,-5.329347449898325,-1.2058694899796651,0.2500000000000835,0.08000000000000002,0.14,53.89368061894569,0.03333333333333333
USDCHF,1,2024-04-22 03:10:00+00:00,2024-04-22 06:32:00+00:00,0.9116350000000002,0.9109263777753328,0.9130522444493351,0.9109063777753328,SL,0.01,1.5152031670630814,1.2825163720314696,-7.286222246674079,-0.8692477522993389,0.11517767527577072,0.04387720962885365,0.07,51.300654881258794,3.3666666666666667
EURUSD,-1,2024-04-22 08:11:00+00:00,2024-04-22 08:52:00+00:00,1.0651800000000002,1.066065011131709,1.063409977736583,1.0660850111317088,SL,0.01,1.7548809007956239,1.2607851782239863,-9.050111317085996,-0.9750111317085997,0.1,0.04000000000000001,0.07,50.43140712895946,0.6833333333333333
AUDUSD,-1,2024-04-22 04:56:00+00:00,2024-04-22 12:38:00+00:00,0.6435100000000001,0.6443931158288768,0.6417437683422469,0.6444131158288768,SL,0.01,1.7214513750764053,1.2825163720314696,-9.031158288766994,-0.9731158288766995,0.10499999999997174,0.04000000000000001,0.07,51.300654881258794,7.7
USDCAD,1,2024-04-22 13:09:00+00:00,2024-04-22 14:32:00+00:00,1.37314,1.3718734286482681,1.3756731427034636,1.3718534286482682,SL,0.01,1.9024920362263404,1.212082004209354,-12.865713517318245,-1.006955701335497,0.08010836476983739,0.02913031446174462,0.07,48.48328016837416,1.3833333333333333
USDJPY,1,2024-04-22 09:20:00+00:00,2024-04-23 13:45:00+00:00,154.7415,154.6367594579062,154.95098108418762,154.6347594579062,SL,0.01,1.3686284065870506,1.2364098999312716,-10.674054209380301,-0.759799065498286,0.06462390502870917,0.025849562011483668,0.07,49.45639599725086,28.416666666666668
NZDUSD,-1,2024-04-23 04:51:00+00:00,2024-04-23 13:45:00+00:00,0.591585,0.5925659180004867,0.5896231639990266,0.5925859180004868,SL,0.01,2.06612034840172,1.1869081116759665,-10.00918000486739,-1.0709180004867391,0.1,0.04000000000000001,0.07,47.47632446703866,8.9
USDJPY,1,2024-04-23 20:01:00+00:00,2024-04-24 12:13:00+00:00,154.83350000000002,154.68301640829654,155.13446718340697,155.13446718340697,TP,0.01,2.129242992568218,1.1411401850263407,30.09671834069536,1.8738117940042278,0.06458550636651629,0.025834202546606518,0.07,45.64560740105363,16.2
USDCAD,1,2024-04-24 04:42:00+00:00,2024-04-24 12:13:00+00:00,1.3666350000000003,1.3652893850805337,1.3693262298389335,1.3693262298389335,TP,0.01,2.157094960376663,1.1411401850263407,26.91229838933218,1.8992381937629415,0.07683104852431501,0.02926897086639812,0.07,45.64560740105363,7.516666666666667
USDCAD,1,2024-04-25 11:02:00+00:00,2024-04-25 11:23:00+00:00,1.368355,1.3669439029958432,1.3711771940083137,1.3669239029958433,SL,0.01,2.0867342492242367,1.23546643472052,-14.310970041566673,-1.1158521393619838,0.08038849567542705,0.029232180245623397,0.07,49.4186573888208,0.35
NZDUSD,-1,2024-04-25 10:05:00+00:00,2024-04-25 12:30:00+00:00,0.595575,0.5967009861435832,0.5933230277128334,0.5967209861435833,SL,0.01,2.2784636472903705,1.23546643472052,-11.459861435832996,-1.2159861435832997,0.1300000000000245,0.04000000000000001,0.07,49.4186573888208,2.4166666666666665
NZDUSD,-1,2024-04-29 07:04:00+00:00,2024-04-29 07:35:00+00:00,0.595805,0.5967528850581599,0.5939092298836803,0.59677288505816,SL,0.01,2.013058168207372,1.1771704776468879,-9.67885058159923,-1.037885058159923,0.1,0.04000000000000001,0.07,47.08681910587551,0.5166666666666667
USDCAD,1,2024-04-29 13:27:00+00:00,2024-04-29 13:31:00+00:00,1.3669000000000002,1.3656837860401694,1.3693324279196621,1.3656637860401695,SL,0.01,1.932207034894869,1.1512233511928898,-12.362139598307564,-0.9743923914190915,0.08047406540343037,0.02926329651035189,0.07,46.04893404771559,0.06666666666666667
USDCAD,1,2024-04-29 14:31:00+00:00,2024-04-29 14:51:00+00:00,1.36759,1.3662560156087284,1.3702579687825434,1.3662360156087285,SL,0.01,2.164031171533625,1.1268635414074124,-13.539843912715455,-1.060051397912785,0.07312133022323943,0.029248532089295773,0.07,45.074541656296496,0.3333333333333333
USDCAD,1,2024-04-30 00:01:00+00:00,2024-04-30 06:33:00+00:00,1.366945,1.3654849759083136,1.3698650481833727,1.3698650481833727,TP,0.01,2.426684436208078,1.1003622564595927,29.200481833726588,2.0661855695530247,0.07681362454225754,0.0292623331589786,0.07,44.01449025838371,6.533333333333333
USDCAD,1,2024-05-06 00:01:00+00:00,2024-05-06 00:41:00+00:00,1.3695450000000002,1.3689520759746285,1.3707308480507436,1.3689320759746286,SL,0.02,1.8790307937689241,1.1520168956984185,-6.129240253716084,-1.0350768691377183,0.16063729194756726,0.05841356070811839,0.14,46.08067582793674,0.6666666666666666
AUDUSD,1,2024-05-06 01:01:00+00:00,2024-05-06 01:32:00+00:00,0.6619100000000001,0.6612030098902129,0.6633239802195747,0.6611830098902128,SL,0.01,1.5694987437817176,1.1261399739699756,-7.269901097872733,-0.7969901097872734,0.10000000000005001,0.04000000000000001,0.07,45.04559895879902,0.5166666666666667
USDCAD,1,2024-05-06 04:06:00+00:00,2024-05-06 06:12:00+00:00,1.368815,1.3680141191017117,1.3704167617965763,1.3679941191017118,SL,0.01,1.3222803938789158,1.1062152212252938,-8.208808982881344,-0.6697018576565383,0.09131986426202206,0.029222356563889208,0.07,44.248608849011745,2.1
AUDUSD,1,2024-05-06 07:05:00+00:00,2024-05-07 00:55:00+00:00,0.6624800000000001,0.6615775352296168,0.6642849295407666,0.6642849295407666,TP,0.01,2.0708751840937194,1.08947267478388,18.049295407664978,1.7349295407664977,0.1,0.04000000000000001,0.07,43.578906991355204,17.833333333333332
NZDUSD,1,2024-05-07 01:01:00+00:00,2024-05-07 01:22:00+00:00,0.6024400000000001,0.601499911273191,0.6043201774536181,0.601479911273191,SL,0.01,2.0746173768416374,1.1328459133030426,-9.60088726809083,-1.030088726809083,0.10499999999997174,0.04000000000000001,0.07,45.313836532121705,0.35
NZDUSD,1,2024-05-07 04:01:00+00:00,2024-05-07 04:30:00+00:00,0.60158,0.6005356651119536,0.6036686697760928,0.6005156651119535,SL,0.01,2.358280271664648,1.1070936951328156,-10.643348880464698,-1.1343348880464699,0.11499999999998174,0.04000000000000001,0.07,44.28374780531262,0.48333333333333334
USDCAD,1,2024-05-07 02:18:00+00:00,2024-05-07 15:33:00+00:00,1.36796,1.3667440802164383,1.3703918395671237,1.3703918395671237,TP,0.01,2.0071838657332868,1.1070936951328156,24.318395671236726,1.707712482180526,0.08772186321238121,0.029240621070791548,0.07,44.28374780531262,13.25
NZDUSD,1,2024-05-08 04:16:00+00:00,2024-05-08 09:11:00+00:00,0.5991150000000001,0.5981047753215764,0.6011354493568475,0.5980847753215763,SL,0.01,2.252094108634481,1.121428134986167,-10.302246784237301,-1.1002246784237302,0.1,0.04000000000000001,0.07,44.85712539944668,4.916666666666667
EURUSD,1,2024-05-08 06:01:00+00:00,2024-05-09 07:40:00+00:00,1.07436,1.0733385304315357,1.0764029391369283,1.0733185304315358,SL,0.01,2.2771623445955074,1.121428134986167,-10.414695684641817,-1.1114695684641818,0.1,0.04000000000000001,0.07,44.85712539944668,25.65
USDCHF,1,2024-05-09 01:02:00+00:00,2024-05-09 12:37:00+00:00,0.9085650000000001,0.9075842401068989,0.9105265197862026,0.9075642401068988,SL,0.01,2.4669488296398945,1.0939225180255738,-10.007598931012218,-1.1714730845907797,0.11006367183415605,0.04402546873366242,0.07,43.75690072102295,11.583333333333334
NZDUSD,1,2024-05-08 14:14:00+00:00,2024-05-09 12:38:00+00:00,0.5997300000000001,0.5987173849599167,0.601755230080167,0.601755230080167,TP,0.01,2.314183645088305,1.0939225180255738,20.25230080166862,1.955230080166862,0.1100000000000545,0.04000000000000001,0.07,43.75690072102295,22.4
NZDUSD,1,2024-05-10 05:03:00+00:00,2024-05-10 11:20:00+00:00,0.602475,0.601417922524647,0.604589154950706,0.601397922524647,SL,0.01,2.434025411083855,1.0857297037033715,-10.770774753530166,-1.1470774753530166,0.10499999999997174,0.04000000000000001,0.07,43.429188148134855,6.283333333333333
USDCAD,1,2024-05-10 00:02:00+00:00,2024-05-10 12:30:00+00:00,1.36793,1.3666121042101125,1.370565791579775,1.3665921042101126,SL,0.01,2.218377672892154,1.0857297037033715,-13.378957898875221,-1.0480440445691825,0.09868926041536936,0.029241262345295446,0.07,43.429188148134855,12.466666666666667
AUDUSD,1,2024-05-10 06:02:00+00:00,2024-05-10 14:23:00+00:00,0.66121,0.6601359488209046,0.6633581023581906,0.6601159488209046,SL,0.01,2.47310904231456,1.0857297037033715,-10.940511790953344,-1.1640511790953345,0.10499999999997174,0.04000000000000001,0.07,43.429188148134855,8.35
AUDUSD,1,2024-05-12 22:31:00+00:00,2024-05-12 22:31:00+00:00,0.6605150000000001,0.6603061711767043,0.6609326576465915,0.6602861711767043,SL,0.04,2.0846393090203663,1.0017503862279333,-2.2882882329577914,-1.1953152931831166,0.640000000000196,0.16000000000000003,0.28,40.07001544911733,0.0
USDJPY,1,2024-05-12 23:01:00+00:00,2024-05-13 00:17:00+00:00,155.80450000000002,155.75361239077822,155.90627521844362,155.90627521844362,TP,0.02,1.680331596942912,0.9718675038983554,10.177521844360626,1.166447739874089,0.12836599713101995,0.051346398852407986,0.14,38.874700155934214,1.2666666666666666
USDCAD,1,2024-05-13 00:01:00+00:00,2024-05-13 01:42:00+00:00,1.3679300000000003,1.3675434769722372,1.3687030460555267,1.3687030460555267,TP,0.03,2.1805482509159786,0.9718675038983554,7.7304605552641625,1.485363188598282,0.2412404143485755,0.08772378703588632,0.21,38.874700155934214,1.6833333333333333
EURUSD,1,2024-05-13 06:01:00+00:00,2024-05-13 06:55:00+00:00,1.07754,1.0770859055687902,1.0784481888624193,1.0770659055687903,SL,0.02,2.1870097889354874,1.0381627771101647,-4.74094431209604,-1.0881888624192082,0.2,0.08000000000000002,0.14,41.526511084406586,0.9
EURUSD,1,2024-05-13 09:01:00+00:00,2024-05-13 10:34:00+00:00,1.07856,1.0779041971700556,1.079871605659889,1.0778841971700557,SL,0.01,1.6217360016679245,1.0109580555496844,-6.758028299442831,-0.7458028299442832,0.1,0.04000000000000001,0.07,40.43832222198738,1.55
AUDUSD,1,2024-05-13 08:38:00+00:00,2024-05-13 12:02:00+00:00,0.660585,0.6598417124477123,0.6620715751045755,0.6620715751045755,TP,0.01,1.8380771294304186,1.0109580555496844,14.865751045755049,1.4165751045755048,0.1,0.04000000000000001,0.07,40.43832222198738,3.4
USDJPY,1,2024-05-13 06:04:00+00:00,2024-05-13 12:43:00+00:00,155.87650000000002,155.75143795523968,156.1266240895207,155.74943795523967,SL,0.01,1.932054774522834,1.0381627771101647,-12.706204476035055,-0.885145610533663,0.06415335217303442,0.025661340869213768,0.07,41.526511084406586,6.65
NZDUSD,1,2024-05-13 12:01:00+00:00,2024-05-13 15:04:00+00:00,0.602265,0.6014751885310361,0.603844622937928,0.6014551885310361,SL,0.01,1.989824483457361,0.9923129848010774,-8.098114689639724,-0.8798114689639724,0.10000000000005001,0.04000000000000001,0.07,39.692519392043096,3.05
USDJPY,1,2024-05-13 15:01:00+00:00,2024-05-13 17:38:00+00:00,155.95550000000003,155.81228122758733,156.24193754482542,156.24193754482542,TP,0.01,2.283045397498588,1.0055987221521234,28.643754482538952,1.7666620274718716,0.0641208549874804,0.02564834199499216,0.07,40.22394888608494,2.6166666666666667
NZDUSD,1,2024-05-13 23:01:00+00:00,2024-05-14 00:44:00+00:00,0.602075,0.6012848507202848,0.6036552985594305,0.6012648507202848,SL,0.01,1.921999305268082,1.027769986114821,-8.101492797152332,-0.8801492797152333,0.10499999999997174,0.04000000000000001,0.07,41.11079944459284,1.7166666666666666
EURUSD,1,2024-05-14 04:11:00+00:00,2024-05-14 08:09:00+00:00,1.0788950000000002,1.0781432201064314,1.080398559787138,1.0781232201064315,SL,0.01,1.8686744819878638,1.00576625412194,-7.717798935686915,-0.8417798935686915,0.1,0.04000000000000001,0.07,40.23065016487761,3.966666666666667
USDJPY,1,2024-05-14 12:30:00+00:00,2024-05-14 12:30:00+00:00,156.47050000000002,156.32856795675497,156.7543640864901,156.7543640864901,TP,0.01,2.4180193332640125,0.9378388604466978,28.38640864900981,1.7441699968370912,0.06390981047545703,0.025563924190182816,0.07,37.513554417867915,0.0
NZDUSD,1,2024-05-14 07:07:00+00:00,2024-05-14 12:30:00+00:00,0.602295,0.6014485693127628,0.6039878613744745,0.6014285693127628,SL,0.01,2.1039448375014103,1.00576625412194,-8.664306872372407,-0.9364306872372408,0.1100000000000045,0.04000000000000001,0.07,40.23065016487761,5.383333333333334
EURUSD,1,2024-05-14 10:06:00+00:00,2024-05-14 12:30:00+00:00,1.07945,1.0786011148337962,1.0811477703324075,1.0785811148337963,SL,0.01,2.1551396634549405,0.9847217567827229,-8.688851662037589,-0.938885166203759,0.1,0.04000000000000001,0.07,39.38887027130892,2.4
USDCAD,-1,2024-05-17 06:02:00+00:00,2024-05-17 07:55:00+00:00,1.361865,1.363167301549107,1.3592603969017862,1.363187301549107,SL,0.01,2.4358602958375806,0.9814431103676253,-13.223015491068413,-1.0409490655144535,0.09178589654639245,0.02937148689480969,0.07,39.25772441470501,1.8833333333333333
AUDUSD,1,2024-05-19 22:01:00+00:00,2024-05-19 22:09:00+00:00,0.6697350000000001,0.6694649442200427,0.6702751115599149,0.6694449442200426,SL,0.03,2.119925955211451,0.9554193837297639,-2.9005577995744325,-1.0801673398723297,0.35999999999986043,0.12,0.21,38.216775349190556,0.13333333333333333
USDCAD,-1,2024-05-19 22:01:00+00:00,2024-05-20 00:05:00+00:00,1.361005,1.3613335687587322,1.3603478624825356,1.3613535687587321,SL,0.03,1.895107113080825,0.9554193837297639,-3.4856875873212623,-0.978333897521595,0.3085954864237115,0.08817013897818156,0.21,38.216775349190556,2.066666666666667
USDCHF,1,2024-05-20 00:01:00+00:00,2024-05-20 00:30:00+00:00,0.9092450000000001,0.9088871312929911,0.909960737414018,0.9088671312929911,SL,0.02,2.1196812821383473,0.9284152002329555,-3.778687070089548,-0.9711702720585866,0.21996271631958383,0.08798508652783354,0.14,37.13660800931822,0.48333333333333334
GBPUSD,1,2024-05-20 00:31:00+00:00,2024-05-20 00:36:00+00:00,1.27089,1.2704775685972687,1.2717148628054629,1.2704575685972688,SL,0.02,2.3442190900950735,0.879677595993451,-4.3243140273130365,-1.0048628054626074,0.2,0.08000000000000002,0.14,35.18710383973804,0.08333333333333333
AUDUSD,1,2024-05-20 00:53:00+00:00,2024-05-20 00:57:00+00:00,0.6704350000000001,0.6700340080264654,0.6712369839470695,0.6700140080264654,SL,0.02,2.346200608278743,0.8545560258568858,-4.209919735347345,-0.981983947069469,0.2,0.08000000000000002,0.14,34.182241034275435,0.06666666666666667
USDCHF,1,2024-05-20 01:16:00+00:00,2024-05-20 01:57:00+00:00,0.9095350000000001,0.9091373362006346,0.910330327598731,0.9091173362006346,SL,0.01,1.3169072692568173,0.8300064271801492,-4.176637993654753,-0.5292058572407607,0.10994629123673086,0.043978516494692345,0.07,33.20025708720597,0.6833333333333333
USDJPY,1,2024-05-20 00:05:00+00:00,2024-05-20 03:23:00+00:00,155.83,155.74358496380404,156.00283007239193,155.74158496380403,SL,0.01,1.5336651630053746,0.9039568527949158,-8.841503619598257,-0.6373813527304277,0.06417249566835653,0.025668998267342615,0.07,36.15827411179663,3.3
NZDUSD,1,2024-05-20 05:36:00+00:00,2024-05-20 06:20:00+00:00,0.6134200000000001,0.6128711055444801,0.61451778891104,0.6128511055444801,SL,0.01,1.713492264931003,0.8008417469308695,-5.688944555199971,-0.6388944555199971,0.10500000000002725,0.04000000000000001,0.07,32.03366987723478,0.7333333333333333
USDCHF,1,2024-05-20 08:14:00+00:00,2024-05-20 08:55:00+00:00,0.909985,0.9093789472626793,0.9111971054746415,0.9093589472626793,SL,0.01,2.1213816253149265,0.7848693855428696,-6.260527373207481,-0.7579813813642511,0.10989192129540597,0.04395676851816239,0.07,31.394775421714783,0.6833333333333333
USDCAD,-1,2024-05-21 06:01:00+00:00,2024-05-21 12:33:00+00:00,1.363295,1.3642969165915775,1.3612911668168448,1.3643169165915774,SL,0.01,2.3988241345757357,0.7659198510087633,-10.219165915774653,-0.8195931486416845,0.08068686527857066,0.029340678283130212,0.07,30.636794040350534,6.533333333333333
AUDUSD,1,2024-05-26 22:01:00+00:00,2024-05-26 23:01:00+00:00,0.6631800000000001,0.6629245179191686,0.6636909641616631,0.6629045179191686,SL,0.02,1.7136556966519962,0.7454300222927214,-2.754820808315017,-0.6909641616630035,0.29000000000001247,0.08000000000000002,0.14,29.81720089170885,1.0
NZDUSD,1,2024-05-26 22:01:00+00:00,2024-05-26 23:30:00+00:00,0.612535,0.6121899981830582,0.6132250036338838,0.6121699981830582,SL,0.02,2.3141127042399066,0.7454300222927214,-3.6500181694187894,-0.8700036338837579,0.2700000000000035,0.08000000000000002,0.14,29.81720089170885,1.4833333333333334
AUDUSD,1,2024-05-27 02:02:00+00:00,2024-05-27 02:28:00+00:00,0.663745,0.6632433783785239,0.6647482432429522,0.6632233783785239,SL,0.01,1.7752600630416435,0.7064058274040522,-5.21621621476176,-0.591621621476176,0.1,0.04000000000000001,0.07,28.256233096162088,0.43333333333333335
GBPUSD,1,2024-05-27 02:04:00+00:00,2024-05-27 02:32:00+00:00,1.274275,1.2738474400907716,1.275130119818457,1.2738274400907716,SL,0.01,1.5131525415061404,0.7064058274040522,-4.4755990922840105,-0.5175599092284011,0.1,0.04000000000000001,0.07,28.256233096162088,0.4666666666666667
GBPUSD,1,2024-05-27 07:04:00+00:00,2024-05-27 07:37:00+00:00,1.2745250000000001,1.2740149489909764,1.2755451020180475,1.2739949489909765,SL,0.01,1.8788449559388503,0.6786762891364378,-5.30051009023591,-0.6000510090235911,0.1,0.04000000000000001,0.07,27.147051565457513,0.55
USDCHF,1,2024-05-27 07:01:00+00:00,2024-05-27 08:23:00+00:00,0.9150750000000001,0.9146837962696533,0.9158574074606937,0.9146637962696533,SL,0.01,1.5747935559508308,0.6786762891364378,-4.112037303467542,-0.5193661506944831,0.10928066005518673,0.0437122640220747,0.07,27.147051565457513,1.3666666666666667
USDJPY,1,2024-05-27 05:01:00+00:00,2024-05-28 02:43:00+00:00,156.793,156.69160236218832,156.9957952756234,156.6896023621883,SL,0.01,2.3822015343242473,0.6786762891364378,-10.339763781169609,-0.729453150406562,0.06377835745218217,0.025511342980872872,0.07,27.147051565457513,21.7
AUDUSD,1,2024-06-02 22:01:00+00:00,2024-06-02 22:01:00+00:00,0.66572,0.665423577610199,0.666312844779602,0.665403577610199,SL,0.02,2.3434284607987865,0.6324545313833219,-3.1642238980100768,-0.7728447796020154,0.24000000000001798,0.08000000000000002,0.14,25.298181255332874,0.0
EURUSD,1,2024-06-02 22:01:00+00:00,2024-06-02 22:02:00+00:00,1.085325,1.0849915422548506,1.0859919154902993,1.0849715422548507,SL,0.01,1.3596459542136814,0.6131334118932714,-3.534577451493881,-0.4234577451493881,0.1,0.04000000000000001,0.07,24.52533647573086,0.016666666666666666
USDCAD,-1,2024-06-02 23:05:00+00:00,2024-06-03 00:25:00+00:00,1.362305,1.3627895524823994,1.3613358950352015,1.3613358950352015,TP,0.01,1.4757594581217715,0.6025469682645368,9.691049647986283,0.6413715099031629,0.10643725156999478,0.029362000433089508,0.07,24.101878730581472,1.3333333333333333
AUDUSD,1,2024-06-03 01:01:00+00:00,2024-06-03 01:08:00+00:00,0.6664350000000001,0.6659607261332389,0.6673835477335225,0.6659407261332388,SL,0.01,1.9167807872920335,0.6185812560121158,-4.942738667612634,-0.5642738667612635,0.10499999999997174,0.04000000000000001,0.07,24.743250240484635,0.11666666666666667
NZDUSD,1,2024-06-02 23:32:00+00:00,2024-06-03 01:41:00+00:00,0.614885,0.6145364692060767,0.6155820615878465,0.6155820615878465,TP,0.01,1.4460731373650224,0.6025469682645368,6.97061587846437,0.627061587846437,0.11499999999992072,0.04000000000000001,0.07,24.101878730581472,2.15
USDCAD,1,2024-06-09 22:01:00+00:00,2024-06-09 22:29:00+00:00,1.3768850000000001,1.3764305521116968,1.3777938957766065,1.376410552111697,SL,0.01,1.3305433142196348,0.6201509490392453,-4.744478883031977,-0.4145806209692151,0.09804740410418897,0.029051082697538283,0.07,24.80603796156981,0.4666666666666667
USDCHF,-1,2024-06-09 23:01:00+00:00,2024-06-10 00:38:00+00:00,0.89621,0.8967532712273216,0.8951234575453567,0.8967732712273216,SL,0.01,2.4852447770438393,0.6097864335150149,-5.632712273216933,-0.6985036178146788,0.11716004061551118,0.044632396424945056,0.07,24.391457340600596,1.6166666666666667
USDCAD,1,2024-06-10 04:02:00+00:00,2024-06-10 05:52:00+00:00,1.3772100000000003,1.3765027661276483,1.378624467744704,1.3764827661276484,SL,0.01,2.1674230068021125,0.5923238430696479,-7.272338723518512,-0.5980486435270229,0.0762410961291504,0.029044227096811665,0.07,23.692953722785916,1.8333333333333333
NZDUSD,1,2024-06-10 05:54:00+00:00,2024-06-10 09:56:00+00:00,0.6108750000000001,0.6103423424311902,0.6119403151376196,0.6103223424311902,SL,0.01,2.3063856161424785,0.5773726269814723,-5.526575688098445,-0.6226575688098446,0.10500000000002725,0.04000000000000001,0.07,23.094905079258893,4.033333333333333
EURUSD,-1,2024-06-16 21:05:00+00:00,2024-06-16 21:09:00+00:00,1.0703250000000002,1.0706255345615276,1.0697239308769455,1.0706455345615276,SL,0.01,1.3373587194055374,0.5618061877612263,-3.205345615273636,-0.3905345615273636,0.1700000000001145,0.04000000000000001,0.07,22.472247510449048,0.06666666666666667
USDJPY,1,2024-06-16 23:12:00+00:00,2024-06-17 00:00:00+00:00,157.5645,157.478295579195,157.73690884161005,157.47629557919498,SL,0.01,2.477641134089755,0.552042823723042,-8.820442080502744,-0.6297988176589742,0.06346607262428823,0.025386429049690764,0.07,22.081712948921684,0.8
EURUSD,-1,2024-06-17 00:01:00+00:00,2024-06-17 00:18:00+00:00,1.0701100000000001,1.0705126701646048,1.0693046596707905,1.0705326701646047,SL,0.01,1.8770826796196554,0.5362978532815678,-4.226701646046216,-0.4926701646046216,0.1,0.04000000000000001,0.07,21.45191413126271,0.2833333333333333
USDCAD,1,2024-06-17 00:01:00+00:00,2024-06-17 00:22:00+00:00,1.373755,1.3732894092638055,1.3746861814723894,1.3732694092638056,SL,0.01,1.5798978010281388,0.5362978532815678,-4.855907361944745,-0.42347695636738314,0.0982707979224798,0.029117273458513344,0.07,21.45191413126271,0.35
USDCAD,1,2024-06-17 01:01:00+00:00,2024-06-17 06:01:00+00:00,1.373885,1.3733701657449622,1.3749146685100757,1.3749146685100757,TP,0.01,1.8247615662195904,0.5133941752572676,10.296685100756875,0.6794575674642984,0.08734355495539872,0.029114518318490996,0.07,20.535767010290705,5.0
EURUSD,-1,2024-06-23 21:23:00+00:00,2024-06-23 21:24:00+00:00,1.0687550000000001,1.069038593431054,1.0681878131378926,1.069058593431054,SL,0.01,1.3367448928687538,0.5303806144438751,-3.0359343105379466,-0.37359343105379467,0.1200000000000145,0.04000000000000001,0.07,21.215224577755002,0.016666666666666666
GBPUSD,-1,2024-06-24 00:01:00+00:00,2024-06-24 00:31:00+00:00,1.263605,1.2641002319153045,1.2626145361693912,1.2641202319153044,SL,0.01,2.3761667780153513,0.5210407786675302,-5.152319153043372,-0.5852319153043373,0.1,0.04000000000000001,0.07,20.841631146701207,0.5
EURUSD,-1,2024-06-24 00:01:00+00:00,2024-06-24 00:32:00+00:00,1.068615,1.069021872182225,1.0678012556355503,1.069041872182225,SL,0.01,1.9522089195467773,0.5210407786675302,-4.268721822249244,-0.4968721822249244,0.1,0.04000000000000001,0.07,20.841631146701207,0.5166666666666667
USDJPY,1,2024-06-30 22:02:00+00:00,2024-06-30 22:02:00+00:00,160.9185,160.86403252563565,161.02743494872868,160.86203252563564,SL,0.01,1.7129895620268505,0.4939881762292987,-5.646747436435362,-0.42090728762916396,0.14292949536564245,0.02485730354185504,0.07,19.759527049171947,0.0
USDCAD,-1,2024-07-08 02:17:00+00:00,2024-07-08 02:53:00+00:00,1.36346,1.36399209795085,1.3623958040983,1.3640120979508499,SL,0.01,2.018011842784767,0.48346549403856964,-5.520979508499835,-0.4749242008199607,0.08434424185526658,0.029337127601836512,0.07,19.338619761542784,0.6
EURUSD,1,2024-07-21 22:00:00+00:00,2024-07-21 22:00:00+00:00,1.0889250000000001,1.088680045402559,1.0894149091948824,1.088660045402559,SL,0.01,1.2985504174015527,0.4715923890180706,-2.6495459744113603,-0.33495459744113604,0.1,0.04000000000000001,0.07,18.863695560722824,0.0
GBPUSD,1,2024-07-21 22:17:00+00:00,2024-07-21 22:39:00+00:00,1.2923400000000003,1.2919850919876086,1.2930498160247834,1.2930498160247834,TP,0.01,1.9154459177498866,0.4632185240820422,7.098160247831498,0.6398160247831497,0.11000000000006001,0.04000000000000001,0.07,18.528740963281688,0.36666666666666664
USDJPY,-1,2024-07-21 22:19:00+00:00,2024-07-21 23:00:00+00:00,157.357,157.41810957251195,157.2347808549761,157.2347808549761,TP,0.01,2.095932387398763,0.4632185240820422,12.221914502390518,0.7066997656532927,0.06354976264163653,0.025419905056654615,0.07,18.528740963281688,0.6833333333333333
EURUSD,1,2024-07-21 23:01:00+00:00,2024-07-22 00:02:00+00:00,1.0900850000000002,1.08965219476037,1.0909506104792608,1.08963219476037,SL,0.01,2.177608294541308,0.49688141884295334,-4.528052396302051,-0.5228052396302052,0.1,0.04000000000000001,0.07,19.875256753718133,1.0166666666666666
USDCAD,1,2024-07-22 01:02:00+00:00,2024-07-22 01:56:00+00:00,1.371615,1.371049592577727,1.372745814844546,1.372745814844546,TP,0.01,2.1300671334721084,0.48381128785219824,11.308148445459132,0.7544404184453459,0.0874881070853727,0.02916270236181436,0.07,19.352451514087928,0.9
NZDUSD,-1,2024-07-28 23:01:00+00:00,2024-07-28 23:17:00+00:00,0.588605,0.5889681209502048,0.5878787580995906,0.5889881209502048,SL,0.01,1.8059526625156788,0.5026722983133318,-3.831209502047628,-0.4531209502047628,0.1,0.04000000000000001,0.07,20.106891932533273,0.26666666666666666
EURUSD,1,2024-07-29 01:30:00+00:00,2024-07-29 03:48:00+00:00,1.086725,1.0862699857842764,1.087635028431447,1.0862499857842765,SL,0.01,2.3151496785664993,0.4913442745582127,-4.7501421572349045,-0.5450142157234905,0.1,0.04000000000000001,0.07,19.65377098232851,2.3
NZDUSD,-1,2024-08-04 22:01:00+00:00,2024-08-04 22:01:00+00:00,0.5950450000000002,0.5954150074889681,0.5943049850220642,0.5954350074889682,SL,0.01,1.9363242386056991,0.47771891916512543,-3.9000748896800275,-0.46000748896800275,0.24999999999997247,0.04000000000000001,0.07,19.10875676660502,0.0
NZDUSD,-1,2024-08-11 22:08:00+00:00,2024-08-11 22:08:00+00:00,0.599605,0.5998815217391102,0.5990519565217797,0.5999015217391103,SL,0.01,1.4827897302571993,0.46621873194092545,-2.965217391102115,-0.3665217391102115,0.19000000000002348,0.04000000000000001,0.07,18.648749277637016,0.0
NZDUSD,-1,2024-08-11 23:31:00+00:00,2024-08-11 23:51:00+00:00,0.59904,0.5993926630434595,0.598334673913081,0.5994126630434595,SL,0.01,1.9289938423330286,0.4570556884631701,-3.7266304345950907,-0.4426630434595091,0.11500000000003725,0.04000000000000001,0.07,18.282227538526804,0.3333333333333333
EURUSD,1,2024-08-12 01:01:00+00:00,2024-08-12 03:05:00+00:00,1.0920550000000002,1.091671600815252,1.0928217983694968,1.0916516008152521,SL,0.01,2.1491510336717288,0.4459891123766824,-4.033991847480767,-0.4733991847480767,0.1,0.04000000000000001,0.07,17.839564495067297,2.066666666666667
AUDUSD,1,2024-08-18 22:01:00+00:00,2024-08-18 22:01:00+00:00,0.667235,0.6669047903166738,0.6678954193666523,0.6668847903166738,SL,0.01,1.901454221041775,0.43415413275798054,-3.5020968332621916,-0.42020968332621916,0.17000000000000348,0.04000000000000001,0.07,17.36616531031922,0.0
USDCAD,-1,2024-08-18 22:01:00+00:00,2024-08-18 22:18:00+00:00,1.3678100000000002,1.3681375328477918,1.367154934304417,1.3681575328477917,SL,0.01,1.3788758202824252,0.43415413275798054,-3.475328477915429,-0.3240797682364823,0.11331983243287899,0.02924382772461087,0.07,17.36616531031922,0.2833333333333333
USDCAD,-1,2024-08-19 01:30:00+00:00,2024-08-19 06:22:00+00:00,1.3667400000000003,1.3672582524295187,1.3657034951409637,1.3672782524295186,SL,0.01,2.2812632658210954,0.4155468964689129,-5.382524295183266,-0.46382210919291644,0.08048348625191584,0.029266722273438985,0.07,16.621875858756518,4.866666666666666
AUDUSD,1,2024-09-01 23:10:00+00:00,2024-09-01 23:28:00+00:00,0.6772950000000001,0.6769215423409043,0.6780419153181917,0.6769015423409043,SL,0.01,2.311278727525393,0.40395134373909003,-3.9345765909581942,-0.46345765909581943,0.10500000000002725,0.04000000000000001,0.07,16.1580537495636,0.3
USDCAD,-1,2024-09-08 22:47:00+00:00,2024-09-08 22:59:00+00:00,1.356295,1.356724226951978,1.3554365460960442,1.3567442269519778,SL,0.01,2.0164278182197295,0.3923649022616945,-4.492269519777992,-0.4012162560341218,0.12902797695194354,0.029492109017580988,0.07,15.69459609046778,0.2
AUDUSD,1,2024-09-15 22:01:00+00:00,2024-09-15 22:01:00+00:00,0.6709250000000001,0.6706219220177321,0.6715311559645363,0.670601922017732,SL,0.01,1.9817593334449168,0.3823344958608415,-3.2307798226804962,-0.39307798226804963,0.260000000000038,0.04000000000000001,0.07,15.293379834433658,0.0
NZDUSD,1,2024-09-15 22:32:00+00:00,2024-09-15 22:33:00+00:00,0.61648,0.6162150903772563,0.6170098192454875,0.6161950903772563,SL,0.01,1.7778809139037712,0.37250754630414024,-2.849096227437453,-0.3549096227437453,0.10999999999999899,0.04000000000000001,0.07,14.900301852165608,0.016666666666666666
EURUSD,-1,2024-10-13 21:29:00+00:00,2024-10-13 21:29:00+00:00,1.0931200000000003,1.0934039733858498,1.0925520532283013,1.0934239733858497,SL,0.01,1.9523253919206527,0.3636348057355465,-3.039733858494209,-0.3739733858494209,0.18999999999991246,0.04000000000000001,0.07,14.545392229421862,0.0
USDCAD,1,2024-10-13 22:01:00+00:00,2024-10-13 22:39:00+00:00,1.37694,1.3765125581891375,1.3777948836217253,1.3777948836217253,TP,0.01,2.190527202452616,0.3542854710893111,8.548836217252553,0.5508575694839684,0.1379871308843613,0.02904992229145787,0.07,14.171418843572441,0.6333333333333333
USDCAD,1,2024-10-27 22:23:00+00:00,2024-10-27 22:25:00+00:00,1.38975,1.3894070037613584,1.3904359924772836,1.3893870037613585,SL,0.01,1.6764002131750184,0.3680569103264102,-3.629962386415553,-0.3311953507044831,0.09713977334052618,0.02878215506386041,0.07,14.72227641305641,0.03333333333333333
NZDUSD,-1,2024-11-17 23:26:00+00:00,2024-11-17 23:39:00+00:00,0.586025,0.5863580320018166,0.5853589359963668,0.5863780320018166,SL,0.01,2.314155554914004,0.3597770265587982,-3.530320018165778,-0.4230320018165778,0.10499999999997174,0.04000000000000001,0.07,14.391081062351926,0.21666666666666667
AUDUSD,-1,2024-12-01 22:51:00+00:00,2024-12-01 22:51:00+00:00,0.651105,0.6513465914152929,0.6506218171694143,0.651366591415293,SL,0.01,1.7296002773605208,0.3492012265133837,-2.6159141529291663,-0.33159141529291664,0.1,0.04000000000000001,0.07,13.968049060535348,0.0
AUDUSD,-1,2024-12-01 23:01:00+00:00,2024-12-01 23:01:00+00:00,0.65083,0.6511164777427719,0.6502570445144561,0.651136477742772,SL,0.01,2.100822297291439,0.3409114411310608,-3.0647774277192674,-0.37647774277192675,0.180000000000069,0.04000000000000001,0.07,13.636457645242432,0.0
AUDUSD,-1,2025-01-01 23:01:00+00:00,2025-01-01 23:01:00+00:00,0.6184000000000001,0.6186527406962552,0.6178945186074897,0.6186727406962552,SL,0.01,1.906041322190067,0.3314994975617626,-2.7274069625515818,-0.3427406962551582,0.19999999999997797,0.04000000000000001,0.07,13.259979902470505,0.0
NZDUSD,-1,2025-01-05 23:03:00+00:00,2025-01-05 23:03:00+00:00,0.56094,0.5612108759477471,0.5603982481045059,0.5612308759477471,SL,0.01,2.097011160223239,0.3229309801553837,-2.9087594774712677,-0.3608759477471268,0.17000000000000348,0.04000000000000001,0.07,12.917239206215347,0.0
AUDUSD,1,2025-02-16 23:15:00+00:00,2025-02-16 23:22:00+00:00,0.6354050000000001,0.635097113702142,0.6360207725957164,0.6350771137021419,SL,0.01,2.452034012718766,0.31390908146170554,-3.27886297858182,-0.397886297858182,0.12000000000000899,0.04000000000000001,0.07,12.55636325846822,0.11666666666666667
NZDUSD,1,2025-03-16 22:02:00+00:00,2025-03-16 22:02:00+00:00,0.5751700000000001,0.5749056630714947,0.5756986738570107,0.5748856630714947,SL,0.01,2.1740957305892925,0.30396192401525096,-2.8433692850537984,-0.35433692850537984,0.140000000000029,0.04000000000000001,0.07,12.158476960610038,0.0
NZDUSD,1,2025-03-23 22:02:00+00:00,2025-03-23 22:04:00+00:00,0.574275,0.5739964607855023,0.5748320784289953,0.5739764607855022,SL,0.01,2.3596739257591364,0.29510350080261644,-2.9853921449773946,-0.36853921449773946,0.16999999999994797,0.04000000000000001,0.07,11.804140032104659,0.03333333333333333
USDCAD,-1,2025-09-21 22:01:00+00:00,2025-09-21 22:02:00+00:00,1.3777600000000003,1.3781263218507,1.3770273562986008,1.3781463218507,SL,0.01,2.3250391263503327,0.285890020440173,-3.8632185069964464,-0.350398509682125,0.1379050052258909,0.029032632679131337,0.07,11.43560081760692,0.016666666666666666
USDCAD,1,2025-09-28 22:01:00+00:00,2025-09-28 23:01:00+00:00,1.3943400000000001,1.394009982106672,1.3950000357866565,1.3939899821066721,SL,0.01,2.1351342038712993,0.2771300576981199,-3.5001789332800293,-0.321027649875929,0.14702296426984143,0.028687407662406586,0.07,11.085202307924796,1.0
NZDUSD,-1,2025-09-28 22:02:00+00:00,2025-09-28 23:27:00+00:00,0.5773100000000001,0.577579845157776,0.5767703096844482,0.5775998451577761,SL,0.01,2.434282661517253,0.2771300576981199,-2.8984515777596975,-0.35984515777596976,0.13499999999994625,0.04000000000000001,0.07,11.085202307924796,1.4166666666666667
USDCAD,1,2025-11-02 23:58:00+00:00,2025-11-02 23:58:00+00:00,1.401845,1.4015203331859436,1.4024943336281128,1.4015003331859437,SL,0.01,2.2259930533866763,0.2601082375068224,-3.4466681405631583,-0.3158665644606329,0.11413530026496366,0.02853382506625198,0.07,10.404329500272896,0.0
USDCAD,-1,2026-01-02 00:09:00+00:00,2026-01-02 01:05:00+00:00,1.371625,1.371950590337385,1.3709738193252303,1.3709738193252303,TP,0.01,2.3529414084936975,0.25221157339530653,6.51180674769769,0.4047512437946006,0.11300464777181535,0.0291624897475622,0.07,10.088462935812263,0.9333333333333333
NZDUSD,-1,2026-01-18 22:17:00+00:00,2026-01-18 22:17:00+00:00,0.574165,0.5744215940752426,0.573651811849515,0.5744415940752426,SL,0.01,2.4453334397884103,0.2623303544901716,-2.765940752426088,-0.3465940752426088,0.29999999999996696,0.04000000000000001,0.07,10.493214179606863,0.0
USDCAD,1,2026-01-18 23:01:00+00:00,2026-01-18 23:01:00+00:00,1.3919599999999999,1.3916447574698279,1.3925904850603439,1.391624757469828,SL,0.01,2.2320126350771794,0.25366550260910636,-3.3524253017191974,-0.31084207173476236,0.18678697663720725,0.028736457944193806,0.07,10.146620104364255,0.0
USDJPY,1,2026-06-28 21:32:00+00:00,2026-06-28 21:32:00+00:00,161.77249999999998,161.7463946973914,161.82471060521715,161.74439469739139,SL,0.01,1.6406476300115287,0.2458944508157373,-2.810530260859423,-0.24373349987540674,0.09890432551880657,0.024726081379715346,0.07,9.835778032629491,0.0
USDCAD,1,2026-07-05 22:02:00+00:00,2026-07-05 22:02:00+00:00,1.42031,1.4200356406503827,1.4208587186992345,1.4200156406503828,SL,0.01,2.0138421825673722,0.23980111331885212,-2.9435934961719035,-0.27725007189781836,0.1337736128027772,0.028162865853229226,0.07,9.592044532754084,0.0
USDCAD,-1,2026-08-16 22:01:00+00:00,2026-08-16 22:01:00+00:00,1.3871900000000001,1.3874579353343968,1.386654129331207,1.3874779353343967,SL,0.01,2.073579855058283,0.23286986152140662,-2.879353343965274,-0.27756733713227993,0.194638081301042,0.028835271303858878,0.07,9.314794460856266,0.0
AUDUSD,1,2026-08-16 22:38:00+00:00,2026-08-16 23:52:00+00:00,0.7087100000000002,0.7085159791436478,0.709098041712705,0.7084959791436478,SL,0.01,2.1469069405487677,0.22593067809309964,-2.1402085635235935,-0.28402085635235935,0.10500000000002725,0.04000000000000001,0.07,9.037227123723985,1.2333333333333334
