a,b,lb,entry,exit,stop,hold,is_n,is_pf,is_net,is_win,oos_n,oos_pf,oos_net,oos_win
EURUSD,USDCHF,200,1.5,0.0,3.5,240,104,0.549,-277.26,20.2,115,0.701,-110.66,11.3
EURUSD,USDCHF,200,1.5,0.0,3.5,480,87,0.379,-317.78,14.9,102,0.79,-53.98,7.8
EURUSD,USDCHF,200,1.5,0.0,5.0,240,45,0.539,-272.83,37.8,27,0.999,-0.25,37.0
EURUSD,USDCHF,200,1.5,0.0,5.0,480,29,1.337,103.84,44.8,15,1.054,8.44,46.7
EURUSD,USDCHF,200,1.5,0.5,3.5,240,138,0.57,-305.54,25.4,132,0.751,-85.47,16.7
EURUSD,USDCHF,200,1.5,0.5,3.5,480,137,0.554,-316.91,24.8,132,0.751,-85.47,16.7
EURUSD,USDCHF,200,1.5,0.5,5.0,240,77,0.675,-205.03,42.9,40,1.131,31.88,50.0
EURUSD,USDCHF,200,1.5,0.5,5.0,480,76,0.657,-216.4,42.1,40,1.14,33.63,50.0
EURUSD,USDCHF,200,1.5,1.0,3.5,240,142,0.555,-294.82,24.6,132,0.633,-114.9,16.7
EURUSD,USDCHF,200,1.5,1.0,3.5,480,142,0.555,-294.82,24.6,132,0.633,-114.9,16.7
EURUSD,USDCHF,200,1.5,1.0,5.0,240,81,0.67,-194.39,42.0,40,1.02,4.18,50.0
EURUSD,USDCHF,200,1.5,1.0,5.0,480,81,0.67,-194.39,42.0,40,1.02,4.18,50.0
EURUSD,USDCHF,200,2.0,0.0,3.5,240,100,0.624,-201.11,20.0,113,0.735,-90.77,10.6
EURUSD,USDCHF,200,2.0,0.0,3.5,480,87,0.579,-170.78,13.8,101,1.091,18.94,9.9
EURUSD,USDCHF,200,2.0,0.0,5.0,240,42,0.606,-203.27,42.9,24,0.818,-41.58,45.8
EURUSD,USDCHF,200,2.0,0.0,5.0,480,28,0.783,-73.69,32.1,14,1.535,58.3,57.1
EURUSD,USDCHF,200,2.0,0.5,3.5,240,122,0.534,-275.19,21.3,127,0.766,-68.45,15.0
EURUSD,USDCHF,200,2.0,0.5,3.5,480,122,0.528,-278.37,21.3,127,0.766,-68.45,15.0
EURUSD,USDCHF,200,2.0,0.5,5.0,240,61,0.656,-174.73,41.0,35,1.245,48.16,51.4
EURUSD,USDCHF,200,2.0,0.5,5.0,480,61,0.65,-177.91,41.0,35,1.261,50.63,51.4
EURUSD,USDCHF,200,2.0,1.0,3.5,240,126,0.575,-231.54,22.2,127,0.653,-93.07,15.7
EURUSD,USDCHF,200,2.0,1.0,3.5,480,126,0.575,-231.54,22.2,127,0.653,-93.07,15.7
EURUSD,USDCHF,200,2.0,1.0,5.0,240,65,0.723,-131.11,43.1,35,1.155,26.0,54.3
EURUSD,USDCHF,200,2.0,1.0,5.0,480,65,0.723,-131.11,43.1,35,1.155,26.0,54.3
EURUSD,USDCHF,200,2.5,0.0,3.5,240,89,0.927,-16.6,20.2,109,0.611,-114.83,11.0
EURUSD,USDCHF,200,2.5,0.0,3.5,480,83,1.216,54.31,15.7,100,0.522,-115.52,9.0
EURUSD,USDCHF,200,2.5,0.0,5.0,240,30,0.87,-26.74,43.3,19,0.722,-41.53,52.6
EURUSD,USDCHF,200,2.5,0.5,3.5,240,104,0.628,-134.58,18.3,117,0.612,-95.41,12.0
EURUSD,USDCHF,200,2.5,0.5,3.5,480,104,0.628,-134.58,18.3,117,0.612,-95.41,12.0
EURUSD,USDCHF,200,2.5,0.5,5.0,240,43,0.877,-34.09,34.9,25,1.154,23.07,48.0
EURUSD,USDCHF,200,2.5,0.5,5.0,480,43,0.877,-34.09,34.9,25,1.159,23.71,48.0
EURUSD,USDCHF,200,2.5,1.0,3.5,240,105,0.636,-122.73,18.1,117,0.456,-130.21,12.8
EURUSD,USDCHF,200,2.5,1.0,3.5,480,105,0.636,-122.73,18.1,117,0.456,-130.21,12.8
EURUSD,USDCHF,200,2.5,1.0,5.0,240,44,0.915,-22.32,38.6,25,0.921,-11.11,52.0
EURUSD,USDCHF,200,2.5,1.0,5.0,480,44,0.915,-22.32,38.6,25,0.921,-11.11,52.0
EURUSD,USDCHF,200,3.0,0.0,3.5,240,84,1.047,9.13,16.7,107,0.573,-121.61,9.3
EURUSD,USDCHF,200,3.0,0.0,3.5,480,82,1.211,46.33,15.9,99,0.738,-54.98,8.1
EURUSD,USDCHF,200,3.0,0.5,3.5,240,90,0.535,-115.34,13.3,114,0.438,-140.33,7.0
EURUSD,USDCHF,200,3.0,0.5,3.5,480,90,0.535,-115.34,13.3,114,0.438,-140.33,7.0
EURUSD,USDCHF,200,3.0,0.5,5.0,240,29,0.909,-14.98,37.9,22,0.854,-22.72,36.4
EURUSD,USDCHF,200,3.0,0.5,5.0,480,29,0.909,-14.98,37.9,22,0.863,-21.18,36.4
EURUSD,USDCHF,200,3.0,1.0,3.5,240,90,0.647,-72.68,13.3,114,0.362,-156.33,8.8
EURUSD,USDCHF,200,3.0,1.0,3.5,480,90,0.647,-72.68,13.3,114,0.362,-156.33,8.8
EURUSD,USDCHF,200,3.0,1.0,5.0,240,29,1.212,27.72,41.4,22,0.748,-37.19,45.5
EURUSD,USDCHF,200,3.0,1.0,5.0,480,29,1.212,27.72,41.4,22,0.748,-37.19,45.5
EURUSD,USDCHF,300,1.5,0.0,3.5,240,132,1.459,183.28,18.2,115,0.403,-194.3,10.4
EURUSD,USDCHF,300,1.5,0.0,3.5,480,117,0.595,-220.34,11.1,104,0.446,-149.47,7.7
EURUSD,USDCHF,300,1.5,0.0,5.0,240,41,1.274,103.22,46.3,35,0.501,-136.15,37.1
EURUSD,USDCHF,300,1.5,0.0,5.0,480,25,1.204,54.31,44.0,24,0.465,-116.02,25.0
EURUSD,USDCHF,300,1.5,0.5,3.5,240,155,0.799,-99.86,21.9,120,0.59,-112.29,14.2
EURUSD,USDCHF,300,1.5,0.5,3.5,480,154,0.807,-94.62,22.1,117,0.553,-117.04,13.7
EURUSD,USDCHF,300,1.5,0.5,5.0,240,60,0.861,-58.71,46.7,38,0.731,-57.36,39.5
EURUSD,USDCHF,300,1.5,0.5,5.0,480,59,0.882,-48.67,47.5,35,0.694,-61.2,40.0
EURUSD,USDCHF,300,1.5,1.0,3.5,240,155,0.726,-134.57,21.9,120,0.639,-97.69,12.5
EURUSD,USDCHF,300,1.5,1.0,3.5,480,155,0.726,-134.57,21.9,119,0.642,-85.97,12.6
EURUSD,USDCHF,300,1.5,1.0,5.0,240,60,0.788,-88.63,46.7,38,0.792,-41.81,36.8
EURUSD,USDCHF,300,1.5,1.0,5.0,480,60,0.788,-88.63,46.7,37,0.823,-30.09,37.8
EURUSD,USDCHF,300,2.0,0.0,3.5,240,123,0.847,-50.71,14.6,111,0.608,-79.42,9.9
EURUSD,USDCHF,300,2.0,0.0,3.5,480,116,0.804,-92.5,13.8,103,0.677,-67.75,6.8
EURUSD,USDCHF,300,2.0,0.0,5.0,240,28,0.731,-74.33,42.9,30,1.155,19.43,40.0
EURUSD,USDCHF,300,2.0,0.5,3.5,240,135,0.721,-96.07,17.0,113,0.57,-90.38,11.5
EURUSD,USDCHF,300,2.0,0.5,3.5,480,134,0.762,-79.6,17.2,112,0.547,-82.07,9.8
EURUSD,USDCHF,300,2.0,0.5,5.0,240,40,0.805,-52.29,45.0,31,0.771,-34.55,35.5
EURUSD,USDCHF,300,2.0,0.5,5.0,480,39,0.868,-33.64,46.2,30,0.784,-26.24,30.0
EURUSD,USDCHF,300,2.0,1.0,3.5,240,135,0.736,-87.5,15.6,113,0.713,-58.87,10.6
EURUSD,USDCHF,300,2.0,1.0,3.5,480,135,0.736,-87.5,15.6,113,0.667,-67.24,8.8
EURUSD,USDCHF,300,2.0,1.0,5.0,240,40,0.84,-41.56,40.0,31,0.978,-3.01,35.5
EURUSD,USDCHF,300,2.0,1.0,5.0,480,40,0.84,-41.56,40.0,31,0.915,-11.37,29.0
EURUSD,USDCHF,300,2.5,0.0,3.5,240,120,0.849,-42.25,13.3,105,0.767,-31.34,8.6
EURUSD,USDCHF,300,2.5,0.0,3.5,480,114,0.702,-116.96,11.4,102,0.765,-40.74,6.9
EURUSD,USDCHF,300,2.5,0.0,5.0,240,25,0.654,-81.52,40.0,24,1.292,23.89,33.3
EURUSD,USDCHF,300,2.5,0.5,3.5,240,125,0.878,-29.26,15.2,107,0.571,-68.73,10.3
EURUSD,USDCHF,300,2.5,0.5,3.5,480,124,0.94,-14.3,14.5,107,0.617,-56.58,10.3
EURUSD,USDCHF,300,2.5,0.5,5.0,240,30,1.102,16.68,50.0,25,0.864,-12.88,32.0
EURUSD,USDCHF,300,2.5,0.5,5.0,480,29,1.194,31.64,48.3,25,0.991,-0.74,32.0
EURUSD,USDCHF,300,2.5,1.0,3.5,240,125,0.927,-16.09,13.6,107,0.652,-58.29,10.3
EURUSD,USDCHF,300,2.5,1.0,3.5,480,125,0.927,-16.09,13.6,107,0.691,-48.93,10.3
EURUSD,USDCHF,300,2.5,1.0,5.0,240,30,1.198,29.83,43.3,25,0.975,-2.39,36.0
EURUSD,USDCHF,300,2.5,1.0,5.0,480,30,1.198,29.83,43.3,25,1.082,6.97,36.0
EURUSD,USDCHF,300,3.0,0.0,3.5,240,112,1.311,47.4,12.5,103,1.149,14.18,7.8
EURUSD,USDCHF,300,3.0,0.0,3.5,480,110,0.768,-75.96,10.0,100,0.737,-35.42,6.0
EURUSD,USDCHF,300,3.0,0.5,3.5,240,114,0.952,-6.5,13.2,103,1.017,1.49,7.8
EURUSD,USDCHF,300,3.0,0.5,3.5,480,114,0.952,-6.5,13.2,103,1.017,1.49,7.8
EURUSD,USDCHF,300,3.0,1.0,3.5,240,114,1.059,7.26,12.3,103,1.158,14.06,7.8
EURUSD,USDCHF,300,3.0,1.0,3.5,480,114,1.059,7.26,12.3,103,1.158,14.06,7.8
EURUSD,USDCHF,500,1.5,0.0,3.5,240,97,0.493,-216.83,13.4,76,0.893,-24.57,14.5
EURUSD,USDCHF,500,1.5,0.0,3.5,480,86,0.549,-194.18,12.8,69,0.395,-164.48,7.2
EURUSD,USDCHF,500,1.5,0.0,5.0,240,33,0.559,-172.08,39.4,21,1.21,34.67,47.6
EURUSD,USDCHF,500,1.5,0.5,3.5,240,101,0.601,-160.07,16.8,78,0.781,-44.37,19.2
EURUSD,USDCHF,500,1.5,0.5,3.5,480,97,0.539,-216.09,16.5,75,0.746,-58.94,14.7
EURUSD,USDCHF,500,1.5,0.5,5.0,240,37,0.636,-131.41,43.2,21,0.982,-2.75,57.1
EURUSD,USDCHF,500,1.5,0.5,5.0,480,31,0.577,-176.21,41.9,17,0.89,-19.87,47.1
EURUSD,USDCHF,500,1.5,1.0,3.5,240,103,0.679,-117.36,19.4,78,0.792,-39.47,17.9
EURUSD,USDCHF,500,1.5,1.0,3.5,480,99,0.582,-183.3,19.2,76,0.548,-95.9,13.2
EURUSD,USDCHF,500,1.5,1.0,5.0,240,39,0.739,-81.93,48.7,21,0.99,-1.4,61.9
EURUSD,USDCHF,500,1.5,1.0,5.0,480,33,0.622,-143.35,48.5,18,0.635,-56.73,50.0
EURUSD,USDCHF,500,2.0,0.0,3.5,240,90,0.666,-109.93,14.4,68,0.695,-44.83,11.8
EURUSD,USDCHF,500,2.0,0.0,3.5,480,83,0.842,-39.94,12.0,66,0.162,-204.47,4.5
EURUSD,USDCHF,500,2.0,0.5,3.5,240,94,0.755,-75.97,17.0,70,0.707,-36.09,12.9
EURUSD,USDCHF,500,2.0,0.5,3.5,480,93,0.663,-121.77,16.1,70,0.519,-67.8,11.4
EURUSD,USDCHF,500,2.0,0.5,5.0,240,28,0.898,-26.12,53.6,12,0.924,-6.29,50.0
EURUSD,USDCHF,500,2.0,0.5,5.0,480,27,0.734,-81.88,44.4,12,0.687,-28.65,41.7
EURUSD,USDCHF,500,2.0,1.0,3.5,240,96,0.873,-33.1,19.8,70,0.788,-23.28,11.4
EURUSD,USDCHF,500,2.0,1.0,3.5,480,95,0.731,-87.99,18.9,70,0.418,-65.57,10.0
EURUSD,USDCHF,500,2.0,1.0,5.0,240,30,1.085,17.06,60.0,12,0.985,-1.1,58.3
EURUSD,USDCHF,500,2.0,1.0,5.0,480,29,0.821,-48.01,55.2,12,0.564,-26.38,50.0
EURUSD,USDCHF,500,2.5,0.0,3.5,240,81,0.886,-23.61,11.1,64,0.337,-83.86,7.8
EURUSD,USDCHF,500,2.5,0.0,3.5,480,80,1.875,103.65,12.5,63,0.059,-154.85,3.2
EURUSD,USDCHF,500,2.5,0.5,3.5,240,82,0.967,-6.19,12.2,65,0.573,-41.13,9.2
EURUSD,USDCHF,500,2.5,0.5,3.5,480,82,0.71,-77.31,12.2,65,0.44,-67.89,7.7
EURUSD,USDCHF,500,2.5,1.0,3.5,240,83,1.023,3.95,14.5,65,0.47,-43.73,6.2
EURUSD,USDCHF,500,2.5,1.0,3.5,480,83,0.659,-90.56,14.5,65,0.382,-59.71,4.6
EURUSD,USDCHF,500,3.0,0.0,3.5,240,76,0.292,-131.13,7.9,61,0.13,-104.07,3.3
EURUSD,USDCHF,500,3.0,0.0,3.5,480,75,0.965,-3.3,9.3,61,0.037,-133.53,1.6
EURUSD,USDCHF,500,3.0,0.5,3.5,240,76,0.262,-141.8,7.9,62,0.192,-65.24,4.8
EURUSD,USDCHF,500,3.0,0.5,3.5,480,76,0.18,-214.26,7.9,62,0.181,-70.27,4.8
EURUSD,USDCHF,500,3.0,1.0,3.5,240,76,0.317,-117.65,7.9,62,0.229,-49.9,3.2
EURUSD,USDCHF,500,3.0,1.0,3.5,480,76,0.211,-204.01,7.9,62,0.229,-49.9,3.2
AUDUSD,NZDUSD,200,1.5,0.0,3.5,240,147,0.563,-57.65,12.2,83,0.314,-79.19,10.8
AUDUSD,NZDUSD,200,1.5,0.0,3.5,480,129,0.349,-80.3,9.3,71,0.372,-47.5,9.9
AUDUSD,NZDUSD,200,1.5,0.0,5.0,240,43,0.644,-37.06,34.9,31,0.544,-36.22,32.3
AUDUSD,NZDUSD,200,1.5,0.0,5.0,480,27,0.924,-5.77,48.1,18,0.549,-22.47,33.3
AUDUSD,NZDUSD,200,1.5,0.5,3.5,240,176,0.404,-77.91,13.1,103,0.546,-46.51,22.3
AUDUSD,NZDUSD,200,1.5,0.5,3.5,480,175,0.392,-78.71,12.6,103,0.546,-46.51,22.3
AUDUSD,NZDUSD,200,1.5,0.5,5.0,240,69,0.604,-35.26,29.0,48,0.831,-11.26,41.7
AUDUSD,NZDUSD,200,1.5,0.5,5.0,480,68,0.588,-36.06,27.9,48,0.831,-11.26,41.7
AUDUSD,NZDUSD,200,1.5,1.0,3.5,240,180,0.381,-67.34,16.7,104,0.422,-51.99,22.1
AUDUSD,NZDUSD,200,1.5,1.0,3.5,480,180,0.385,-66.37,16.7,104,0.422,-51.99,22.1
AUDUSD,NZDUSD,200,1.5,1.0,5.0,240,73,0.61,-24.69,32.9,49,0.694,-16.73,40.8
AUDUSD,NZDUSD,200,1.5,1.0,5.0,480,73,0.62,-23.71,32.9,49,0.694,-16.73,40.8
AUDUSD,NZDUSD,200,2.0,0.0,3.5,240,141,0.343,-82.68,10.6,80,0.278,-77.91,10.0
AUDUSD,NZDUSD,200,2.0,0.0,3.5,480,128,0.558,-46.59,9.4,70,0.098,-88.13,7.1
AUDUSD,NZDUSD,200,2.0,0.0,5.0,240,36,0.349,-57.78,27.8,26,0.4,-44.38,26.9
AUDUSD,NZDUSD,200,2.0,0.5,3.5,240,158,0.33,-70.78,8.9,91,0.489,-37.76,19.8
AUDUSD,NZDUSD,200,2.0,0.5,3.5,480,158,0.31,-72.84,8.9,91,0.489,-37.76,19.8
AUDUSD,NZDUSD,200,2.0,0.5,5.0,240,51,0.541,-28.13,23.5,36,0.933,-2.51,41.7
AUDUSD,NZDUSD,200,2.0,0.5,5.0,480,51,0.508,-30.19,23.5,36,0.933,-2.51,41.7
AUDUSD,NZDUSD,200,2.0,1.0,3.5,240,160,0.275,-67.43,11.2,91,0.388,-44.29,18.7
AUDUSD,NZDUSD,200,2.0,1.0,3.5,480,160,0.275,-67.43,11.2,91,0.388,-44.29,18.7
AUDUSD,NZDUSD,200,2.0,1.0,5.0,240,53,0.49,-24.78,28.3,36,0.754,-9.03,44.4
AUDUSD,NZDUSD,200,2.0,1.0,5.0,480,53,0.49,-24.78,28.3,36,0.754,-9.03,44.4
AUDUSD,NZDUSD,200,2.5,0.0,3.5,240,136,0.205,-98.8,7.4,75,0.342,-54.28,8.0
AUDUSD,NZDUSD,200,2.5,0.0,3.5,480,126,0.29,-83.14,7.1,69,0.302,-50.07,5.8
AUDUSD,NZDUSD,200,2.5,0.0,5.0,240,30,0.262,-56.08,23.3,20,0.645,-15.85,35.0
AUDUSD,NZDUSD,200,2.5,0.5,3.5,240,143,0.196,-75.35,5.6,80,0.495,-28.45,16.2
AUDUSD,NZDUSD,200,2.5,0.5,3.5,480,143,0.197,-75.12,5.6,80,0.495,-28.45,16.2
AUDUSD,NZDUSD,200,2.5,0.5,5.0,240,36,0.358,-32.69,16.7,25,1.333,6.8,48.0
AUDUSD,NZDUSD,200,2.5,0.5,5.0,480,36,0.359,-32.47,16.7,25,1.333,6.8,48.0
AUDUSD,NZDUSD,200,2.5,1.0,3.5,240,143,0.184,-63.9,9.1,80,0.33,-37.52,13.8
AUDUSD,NZDUSD,200,2.5,1.0,3.5,480,143,0.184,-63.9,9.1,80,0.33,-37.52,13.8
AUDUSD,NZDUSD,200,2.5,1.0,5.0,240,36,0.4,-21.24,27.8,25,0.892,-2.27,40.0
AUDUSD,NZDUSD,200,2.5,1.0,5.0,480,36,0.4,-21.24,27.8,25,0.892,-2.27,40.0
AUDUSD,NZDUSD,200,3.0,0.0,3.5,240,130,0.259,-79.05,6.9,71,0.307,-44.49,7.0
AUDUSD,NZDUSD,200,3.0,0.0,3.5,480,124,0.213,-85.39,7.3,67,0.198,-50.51,6.0
AUDUSD,NZDUSD,200,3.0,0.5,3.5,240,131,0.079,-77.74,5.3,72,0.293,-37.42,9.7
AUDUSD,NZDUSD,200,3.0,0.5,3.5,480,131,0.079,-77.74,5.3,72,0.293,-37.42,9.7
AUDUSD,NZDUSD,200,3.0,1.0,3.5,240,131,0.093,-65.29,8.4,72,0.186,-42.05,8.3
AUDUSD,NZDUSD,200,3.0,1.0,3.5,480,131,0.093,-65.29,8.4,72,0.186,-42.05,8.3
AUDUSD,NZDUSD,300,1.5,0.0,3.5,240,129,0.3,-141.78,11.6,86,0.161,-121.75,5.8
AUDUSD,NZDUSD,300,1.5,0.0,3.5,480,110,0.183,-151.02,6.4,76,0.245,-70.25,6.6
AUDUSD,NZDUSD,300,1.5,0.0,5.0,240,39,0.663,-35.41,38.5,22,0.183,-87.03,27.3
AUDUSD,NZDUSD,300,1.5,0.5,3.5,240,135,0.278,-124.2,11.9,97,0.312,-75.12,12.4
AUDUSD,NZDUSD,300,1.5,0.5,3.5,480,133,0.253,-129.7,11.3,96,0.302,-74.98,11.5
AUDUSD,NZDUSD,300,1.5,0.5,5.0,240,44,0.522,-44.94,34.1,31,0.346,-45.75,35.5
AUDUSD,NZDUSD,300,1.5,0.5,5.0,480,42,0.489,-48.67,33.3,30,0.313,-46.78,33.3
AUDUSD,NZDUSD,300,1.5,1.0,3.5,240,136,0.288,-112.52,15.4,98,0.282,-76.99,13.3
AUDUSD,NZDUSD,300,1.5,1.0,3.5,480,136,0.284,-115.12,15.4,97,0.285,-75.96,13.4
AUDUSD,NZDUSD,300,1.5,1.0,5.0,240,45,0.603,-31.5,42.2,32,0.317,-48.79,34.4
AUDUSD,NZDUSD,300,1.5,1.0,5.0,480,45,0.584,-34.09,42.2,31,0.322,-47.77,35.5
AUDUSD,NZDUSD,300,2.0,0.0,3.5,240,118,0.202,-137.17,8.5,82,0.344,-54.75,8.5
AUDUSD,NZDUSD,300,2.0,0.0,3.5,480,108,0.117,-144.72,4.6,75,0.151,-90.7,5.3
AUDUSD,NZDUSD,300,2.0,0.0,5.0,240,27,0.42,-50.09,29.6,17,0.458,-24.95,47.1
AUDUSD,NZDUSD,300,2.0,0.5,3.5,240,124,0.215,-119.78,10.5,87,0.458,-37.96,13.8
AUDUSD,NZDUSD,300,2.0,0.5,3.5,480,123,0.19,-120.57,9.8,86,0.423,-39.95,12.8
AUDUSD,NZDUSD,300,2.0,0.5,5.0,240,33,0.458,-40.47,39.4,21,0.701,-9.13,52.4
AUDUSD,NZDUSD,300,2.0,0.5,5.0,480,32,0.438,-39.54,37.5,20,0.605,-11.75,50.0
AUDUSD,NZDUSD,300,2.0,1.0,3.5,240,125,0.205,-114.61,10.4,87,0.373,-45.16,13.8
AUDUSD,NZDUSD,300,2.0,1.0,3.5,480,125,0.203,-115.96,10.4,87,0.374,-45.0,13.8
AUDUSD,NZDUSD,300,2.0,1.0,5.0,240,34,0.485,-33.58,35.3,21,0.539,-16.96,47.6
AUDUSD,NZDUSD,300,2.0,1.0,5.0,480,34,0.476,-34.93,35.3,21,0.541,-16.8,47.6
AUDUSD,NZDUSD,300,2.5,0.0,3.5,240,110,0.195,-118.25,8.2,78,0.205,-54.54,5.1
AUDUSD,NZDUSD,300,2.5,0.0,3.5,480,104,0.104,-137.05,3.8,74,0.106,-80.42,4.1
AUDUSD,NZDUSD,300,2.5,0.5,3.5,240,113,0.173,-112.1,7.1,79,0.426,-29.34,7.6
AUDUSD,NZDUSD,300,2.5,0.5,3.5,480,112,0.152,-111.17,6.2,78,0.423,-28.98,7.7
AUDUSD,NZDUSD,300,2.5,1.0,3.5,240,113,0.167,-107.42,8.8,79,0.363,-31.81,10.1
AUDUSD,NZDUSD,300,2.5,1.0,3.5,480,113,0.167,-107.65,8.8,79,0.363,-31.81,10.1
AUDUSD,NZDUSD,300,3.0,0.0,3.5,240,104,0.17,-91.55,7.7,73,0.193,-38.13,4.1
AUDUSD,NZDUSD,300,3.0,0.0,3.5,480,101,0.124,-104.6,4.0,72,0.134,-53.86,4.2
AUDUSD,NZDUSD,300,3.0,0.5,3.5,240,105,0.1,-95.53,4.8,73,0.461,-20.65,8.2
AUDUSD,NZDUSD,300,3.0,0.5,3.5,480,105,0.1,-95.47,4.8,73,0.491,-19.5,8.2
AUDUSD,NZDUSD,300,3.0,1.0,3.5,240,105,0.108,-90.38,6.7,73,0.362,-24.15,9.6
AUDUSD,NZDUSD,300,3.0,1.0,3.5,480,105,0.108,-90.38,6.7,73,0.362,-24.15,9.6
AUDUSD,NZDUSD,500,1.5,0.0,3.5,240,97,0.394,-58.09,13.4,84,0.158,-90.66,9.5
AUDUSD,NZDUSD,500,1.5,0.0,3.5,480,84,0.459,-62.51,10.7,77,0.104,-111.45,6.5
AUDUSD,NZDUSD,500,1.5,0.0,5.0,240,29,0.577,-22.52,37.9,20,0.306,-36.19,40.0
AUDUSD,NZDUSD,500,1.5,0.5,3.5,240,98,0.3,-68.95,11.2,86,0.158,-84.12,11.6
AUDUSD,NZDUSD,500,1.5,0.5,3.5,480,94,0.342,-71.68,11.7,82,0.123,-98.67,7.3
AUDUSD,NZDUSD,500,1.5,0.5,5.0,240,30,0.581,-20.5,33.3,21,0.291,-28.22,47.6
AUDUSD,NZDUSD,500,1.5,0.5,5.0,480,26,0.592,-25.04,38.5,17,0.226,-44.53,35.3
AUDUSD,NZDUSD,500,1.5,1.0,3.5,240,98,0.286,-69.81,10.2,86,0.166,-80.44,10.5
AUDUSD,NZDUSD,500,1.5,1.0,3.5,480,95,0.314,-65.51,11.6,82,0.128,-89.81,7.3
AUDUSD,NZDUSD,500,1.5,1.0,5.0,240,30,0.581,-20.14,30.0,21,0.36,-24.59,42.9
AUDUSD,NZDUSD,500,1.5,1.0,5.0,480,27,0.613,-18.87,37.0,17,0.234,-35.67,29.4
AUDUSD,NZDUSD,500,2.0,0.0,3.5,240,90,0.292,-67.88,11.1,77,0.16,-85.44,6.5
AUDUSD,NZDUSD,500,2.0,0.0,3.5,480,82,0.171,-112.2,7.3,76,0.074,-130.07,3.9
AUDUSD,NZDUSD,500,2.0,0.5,3.5,240,90,0.229,-67.81,11.1,79,0.162,-86.61,7.6
AUDUSD,NZDUSD,500,2.0,0.5,3.5,480,89,0.193,-80.22,11.2,78,0.101,-97.63,5.1
AUDUSD,NZDUSD,500,2.0,1.0,3.5,240,90,0.234,-66.0,11.1,79,0.172,-81.63,7.6
AUDUSD,NZDUSD,500,2.0,1.0,3.5,480,89,0.221,-68.08,10.1,78,0.093,-92.29,3.8
AUDUSD,NZDUSD,500,2.5,0.0,3.5,240,80,0.243,-48.3,7.5,73,0.14,-74.11,4.1
AUDUSD,NZDUSD,500,2.5,0.0,3.5,480,78,0.293,-60.66,6.4,71,0.106,-87.02,2.8
AUDUSD,NZDUSD,500,2.5,0.5,3.5,240,80,0.145,-53.03,7.5,74,0.105,-81.03,4.1
AUDUSD,NZDUSD,500,2.5,0.5,3.5,480,80,0.152,-55.82,7.5,74,0.065,-87.62,1.4
AUDUSD,NZDUSD,500,2.5,1.0,3.5,240,80,0.18,-50.65,10.0,74,0.114,-76.01,4.1
AUDUSD,NZDUSD,500,2.5,1.0,3.5,480,80,0.186,-52.07,10.0,74,0.108,-78.08,2.7
AUDUSD,NZDUSD,500,3.0,0.0,3.5,240,77,0.228,-41.53,7.8,71,0.125,-66.65,2.8
AUDUSD,NZDUSD,500,3.0,0.0,3.5,480,74,0.227,-55.69,5.4,70,0.098,-75.16,2.9
AUDUSD,NZDUSD,500,3.0,0.5,3.5,240,77,0.228,-40.21,7.8,72,0.09,-70.73,2.8
AUDUSD,NZDUSD,500,3.0,0.5,3.5,480,77,0.2,-43.49,7.8,72,0.048,-77.8,1.4
AUDUSD,NZDUSD,500,3.0,1.0,3.5,240,77,0.275,-37.84,9.1,72,0.102,-64.07,2.8
AUDUSD,NZDUSD,500,3.0,1.0,3.5,480,77,0.252,-39.32,9.1,72,0.101,-64.62,2.8
EURJPY,GBPJPY,200,1.5,0.0,3.5,240,101,0.324,-197.26,17.8,104,0.392,-90.78,13.5
EURJPY,GBPJPY,200,1.5,0.0,3.5,480,82,0.699,-53.39,18.3,93,0.478,-68.64,10.8
EURJPY,GBPJPY,200,1.5,0.0,5.0,240,39,0.499,-91.14,35.9,34,0.456,-57.85,32.4
EURJPY,GBPJPY,200,1.5,0.5,3.5,240,128,0.678,-93.03,25.8,124,0.562,-68.38,16.9
EURJPY,GBPJPY,200,1.5,0.5,3.5,480,128,0.678,-93.03,25.8,123,0.563,-68.16,16.3
EURJPY,GBPJPY,200,1.5,0.5,5.0,240,63,1.041,7.39,47.6,49,0.668,-30.16,36.7
EURJPY,GBPJPY,200,1.5,0.5,5.0,480,63,1.041,7.39,47.6,48,0.693,-27.56,37.5
EURJPY,GBPJPY,200,1.5,1.0,3.5,240,129,0.575,-119.32,22.5,129,0.504,-75.65,16.3
EURJPY,GBPJPY,200,1.5,1.0,3.5,480,129,0.575,-119.32,22.5,129,0.504,-75.65,16.3
EURJPY,GBPJPY,200,1.5,1.0,5.0,240,64,0.891,-18.88,43.8,54,0.657,-35.19,33.3
EURJPY,GBPJPY,200,1.5,1.0,5.0,480,64,0.891,-18.88,43.8,54,0.657,-35.19,33.3
EURJPY,GBPJPY,200,2.0,0.0,3.5,240,98,0.205,-250.54,15.3,101,0.352,-101.78,9.9
EURJPY,GBPJPY,200,2.0,0.0,3.5,480,80,0.522,-98.64,17.5,93,0.422,-75.22,9.7
EURJPY,GBPJPY,200,2.0,0.0,5.0,240,35,0.296,-153.19,28.6,32,0.696,-29.33,34.4
EURJPY,GBPJPY,200,2.0,0.5,3.5,240,115,0.564,-110.01,21.7,117,0.497,-73.16,15.4
EURJPY,GBPJPY,200,2.0,0.5,3.5,480,115,0.564,-110.01,21.7,117,0.497,-73.16,15.4
EURJPY,GBPJPY,200,2.0,0.5,5.0,240,50,0.934,-9.57,44.0,42,0.57,-34.85,35.7
EURJPY,GBPJPY,200,2.0,0.5,5.0,480,50,0.934,-9.57,44.0,42,0.594,-32.56,38.1
EURJPY,GBPJPY,200,2.0,1.0,3.5,240,115,0.439,-140.68,19.1,121,0.435,-82.71,14.9
EURJPY,GBPJPY,200,2.0,1.0,3.5,480,115,0.439,-140.68,19.1,121,0.435,-82.71,14.9
EURJPY,GBPJPY,200,2.0,1.0,5.0,240,50,0.721,-40.24,42.0,46,0.572,-42.26,32.6
EURJPY,GBPJPY,200,2.0,1.0,5.0,480,50,0.721,-40.24,42.0,46,0.572,-42.26,32.6
EURJPY,GBPJPY,200,2.5,0.0,3.5,240,92,0.223,-222.39,16.3,97,0.3,-100.09,8.2
EURJPY,GBPJPY,200,2.5,0.0,3.5,480,78,0.456,-104.29,17.9,91,0.172,-120.78,7.7
EURJPY,GBPJPY,200,2.5,0.0,5.0,240,29,0.329,-120.25,37.9,24,0.368,-53.6,25.0
EURJPY,GBPJPY,200,2.5,0.5,3.5,240,98,0.536,-90.99,16.3,106,0.435,-73.8,12.3
EURJPY,GBPJPY,200,2.5,0.5,3.5,480,98,0.536,-90.99,16.3,106,0.435,-73.8,12.3
EURJPY,GBPJPY,200,2.5,0.5,5.0,240,33,1.1,9.34,39.4,31,0.45,-36.0,29.0
EURJPY,GBPJPY,200,2.5,0.5,5.0,480,33,1.1,9.34,39.4,31,0.481,-33.19,32.3
EURJPY,GBPJPY,200,2.5,1.0,3.5,240,98,0.421,-110.18,15.3,108,0.386,-76.69,13.0
EURJPY,GBPJPY,200,2.5,1.0,3.5,480,98,0.421,-110.18,15.3,108,0.386,-76.69,13.0
EURJPY,GBPJPY,200,2.5,1.0,5.0,240,33,0.888,-9.83,42.4,33,0.525,-36.24,30.3
EURJPY,GBPJPY,200,2.5,1.0,5.0,480,33,0.888,-9.83,42.4,33,0.525,-36.24,30.3
EURJPY,GBPJPY,200,3.0,0.0,3.5,240,81,0.166,-198.85,13.6,95,0.406,-70.83,6.3
EURJPY,GBPJPY,200,3.0,0.0,3.5,480,75,0.399,-114.53,13.3,90,0.254,-82.82,4.4
EURJPY,GBPJPY,200,3.0,0.5,3.5,240,84,0.271,-119.84,11.9,100,0.408,-67.68,6.0
EURJPY,GBPJPY,200,3.0,0.5,3.5,480,84,0.271,-119.84,11.9,100,0.408,-67.68,6.0
EURJPY,GBPJPY,200,3.0,1.0,3.5,240,84,0.25,-114.41,10.7,101,0.387,-64.68,6.9
EURJPY,GBPJPY,200,3.0,1.0,3.5,480,84,0.25,-114.41,10.7,101,0.387,-64.68,6.9
EURJPY,GBPJPY,300,1.5,0.0,3.5,240,47,0.447,-101.75,36.2,111,0.603,-49.63,9.9
EURJPY,GBPJPY,300,1.5,0.0,3.5,480,33,0.938,-8.89,33.3,102,0.42,-70.6,8.8
EURJPY,GBPJPY,300,1.5,0.0,5.0,240,36,0.44,-99.21,44.4,22,0.815,-14.84,40.9
EURJPY,GBPJPY,300,1.5,0.5,3.5,240,58,0.506,-84.79,36.2,121,0.469,-78.04,13.2
EURJPY,GBPJPY,300,1.5,0.5,3.5,480,56,0.476,-94.66,33.9,119,0.492,-72.68,12.6
EURJPY,GBPJPY,300,1.5,0.5,5.0,240,46,0.493,-84.18,41.3,30,0.776,-19.37,46.7
EURJPY,GBPJPY,300,1.5,0.5,5.0,480,44,0.491,-89.0,38.6,28,0.794,-16.26,46.4
EURJPY,GBPJPY,300,1.5,1.0,3.5,240,60,0.517,-82.23,36.7,121,0.498,-69.35,14.0
EURJPY,GBPJPY,300,1.5,1.0,3.5,480,59,0.51,-85.25,35.6,120,0.501,-68.89,13.3
EURJPY,GBPJPY,300,1.5,1.0,5.0,240,48,0.521,-78.87,41.7,30,0.833,-12.94,46.7
EURJPY,GBPJPY,300,1.5,1.0,5.0,480,47,0.527,-79.62,40.4,29,0.839,-12.48,44.8
EURJPY,GBPJPY,300,2.0,0.0,3.5,240,42,0.866,-14.66,33.3,108,0.479,-59.84,10.2
EURJPY,GBPJPY,300,2.0,0.0,3.5,480,30,1.427,44.96,40.0,101,0.394,-66.69,8.9
EURJPY,GBPJPY,300,2.0,0.0,5.0,240,30,0.81,-20.6,43.3,18,0.796,-13.3,44.4
EURJPY,GBPJPY,300,2.0,0.5,3.5,240,48,0.813,-22.89,33.3,113,0.512,-56.5,11.5
EURJPY,GBPJPY,300,2.0,0.5,3.5,480,48,0.799,-25.3,33.3,112,0.518,-54.85,11.6
EURJPY,GBPJPY,300,2.0,0.5,5.0,240,36,0.798,-23.79,44.4,22,1.087,4.62,50.0
EURJPY,GBPJPY,300,2.0,0.5,5.0,480,36,0.837,-19.86,44.4,21,1.031,1.57,52.4
EURJPY,GBPJPY,300,2.0,1.0,3.5,240,48,0.81,-21.23,37.5,113,0.474,-64.09,11.5
EURJPY,GBPJPY,300,2.0,1.0,3.5,480,48,0.796,-23.14,37.5,113,0.483,-63.0,11.5
EURJPY,GBPJPY,300,2.0,1.0,5.0,240,36,0.819,-19.38,50.0,22,0.876,-7.69,45.5
EURJPY,GBPJPY,300,2.0,1.0,5.0,480,36,0.838,-17.71,50.0,22,0.894,-6.6,45.5
EURJPY,GBPJPY,300,2.5,0.0,3.5,240,37,0.797,-20.68,32.4,104,0.418,-57.81,7.7
EURJPY,GBPJPY,300,2.5,0.0,3.5,480,27,1.029,2.13,29.6,99,0.358,-61.1,7.1
EURJPY,GBPJPY,300,2.5,0.0,5.0,240,25,0.775,-22.52,44.0,13,1.004,0.16,53.8
EURJPY,GBPJPY,300,2.5,0.5,3.5,240,39,0.683,-33.03,33.3,104,0.351,-55.9,7.7
EURJPY,GBPJPY,300,2.5,0.5,3.5,480,39,0.7,-30.6,33.3,104,0.416,-48.91,8.7
EURJPY,GBPJPY,300,2.5,0.5,5.0,240,27,0.677,-32.35,44.4,13,1.084,2.1,61.5
EURJPY,GBPJPY,300,2.5,0.5,5.0,480,27,0.742,-25.19,44.4,13,1.391,7.5,69.2
EURJPY,GBPJPY,300,2.5,1.0,3.5,240,39,0.6,-41.83,35.9,104,0.353,-57.65,5.8
EURJPY,GBPJPY,300,2.5,1.0,3.5,480,39,0.625,-37.71,35.9,104,0.356,-57.41,5.8
EURJPY,GBPJPY,300,2.5,1.0,5.0,240,27,0.617,-38.4,48.1,13,0.955,-1.26,38.5
EURJPY,GBPJPY,300,2.5,1.0,5.0,480,27,0.664,-32.31,48.1,13,0.964,-1.02,38.5
EURJPY,GBPJPY,500,1.5,0.0,3.5,240,100,0.36,-119.29,15.0,36,0.661,-23.61,30.6
EURJPY,GBPJPY,500,1.5,0.0,3.5,480,91,0.76,-34.61,13.2,29,0.856,-7.81,20.7
EURJPY,GBPJPY,500,1.5,0.0,5.0,240,30,0.685,-37.19,50.0,18,0.629,-23.58,55.6
EURJPY,GBPJPY,500,1.5,0.5,3.5,240,102,0.264,-146.77,11.8,37,0.861,-10.41,32.4
EURJPY,GBPJPY,500,1.5,0.5,3.5,480,96,0.314,-137.1,9.4,36,0.941,-4.03,27.8
EURJPY,GBPJPY,500,1.5,0.5,5.0,240,32,0.375,-95.23,28.1,19,0.849,-10.38,57.9
EURJPY,GBPJPY,500,1.5,0.5,5.0,480,25,0.485,-75.06,24.0,18,1.001,0.07,50.0
EURJPY,GBPJPY,500,1.5,1.0,3.5,240,103,0.296,-124.29,14.6,37,1.015,0.94,29.7
EURJPY,GBPJPY,500,1.5,1.0,3.5,480,97,0.327,-114.37,14.4,36,1.187,11.05,30.6
EURJPY,GBPJPY,500,1.5,1.0,5.0,240,33,0.433,-74.2,36.4,19,1.017,0.97,52.6
EURJPY,GBPJPY,500,1.5,1.0,5.0,480,26,0.502,-60.13,38.5,18,1.286,15.16,55.6
EURJPY,GBPJPY,500,2.0,0.0,3.5,240,88,0.216,-112.92,8.0,30,1.176,8.21,20.0
EURJPY,GBPJPY,500,2.0,0.0,3.5,480,87,0.525,-62.79,12.6,26,0.96,-1.22,19.2
EURJPY,GBPJPY,500,2.0,0.5,3.5,240,90,0.122,-130.26,7.8,31,1.396,18.72,22.6
EURJPY,GBPJPY,500,2.0,0.5,3.5,480,89,0.168,-133.91,9.0,31,1.067,3.31,19.4
EURJPY,GBPJPY,500,2.0,1.0,3.5,240,90,0.128,-116.5,8.9,31,1.288,12.35,25.8
EURJPY,GBPJPY,500,2.0,1.0,3.5,480,89,0.139,-118.97,11.2,31,1.161,6.92,25.8
EURJPY,GBPJPY,500,2.5,0.0,3.5,240,84,0.138,-118.17,10.7,27,1.863,19.6,22.2
EURJPY,GBPJPY,500,2.5,0.0,3.5,480,83,0.489,-45.07,10.8,25,1.568,8.61,24.0
EURJPY,GBPJPY,500,2.5,0.5,3.5,240,84,0.11,-123.7,9.5,28,1.75,19.58,21.4
EURJPY,GBPJPY,500,2.5,0.5,3.5,480,84,0.167,-108.13,8.3,28,1.099,3.21,17.9
EURJPY,GBPJPY,500,2.5,1.0,3.5,240,84,0.126,-105.58,9.5,28,1.713,15.94,25.0
EURJPY,GBPJPY,500,2.5,1.0,3.5,480,84,0.115,-105.99,7.1,28,1.432,10.51,21.4
EURJPY,GBPJPY,500,3.0,0.0,3.5,240,79,0.123,-75.46,6.3,21,2.861,13.2,14.3
EURJPY,GBPJPY,500,3.0,0.0,3.5,480,79,0.583,-29.02,8.9,21,1.696,4.94,14.3
EURJPY,GBPJPY,500,3.0,0.5,3.5,240,79,0.127,-72.67,6.3,21,2.816,12.88,14.3
EURJPY,GBPJPY,500,3.0,0.5,3.5,480,79,0.251,-59.36,7.6,21,1.307,3.94,9.5
EURJPY,GBPJPY,500,3.0,1.0,3.5,240,79,0.142,-63.96,6.3,21,1.621,4.4,14.3
EURJPY,GBPJPY,500,3.0,1.0,3.5,480,79,0.165,-59.76,7.6,21,0.76,-2.54,9.5
EURUSD,GBPUSD,200,1.5,0.0,3.5,240,130,0.484,-147.0,14.6,97,0.42,-92.11,14.4
EURUSD,GBPUSD,200,1.5,0.0,3.5,480,112,0.439,-110.63,14.3,84,0.543,-53.07,11.9
EURUSD,GBPUSD,200,1.5,0.0,5.0,240,47,0.772,-43.89,36.2,32,0.302,-85.76,28.1
EURUSD,GBPUSD,200,1.5,0.0,5.0,480,29,1.008,0.85,51.7,19,1.184,9.61,42.1
EURUSD,GBPUSD,200,1.5,0.5,3.5,240,161,0.468,-161.62,21.1,118,0.418,-104.84,18.6
EURUSD,GBPUSD,200,1.5,0.5,3.5,480,160,0.483,-153.26,21.2,117,0.386,-110.67,17.9
EURUSD,GBPUSD,200,1.5,0.5,5.0,240,78,0.613,-84.05,39.7,51,0.615,-49.47,37.3
EURUSD,GBPUSD,200,1.5,0.5,5.0,480,75,0.646,-73.33,40.0,50,0.569,-55.3,36.0
EURUSD,GBPUSD,200,1.5,1.0,3.5,240,164,0.476,-150.14,19.5,117,0.363,-110.09,17.1
EURUSD,GBPUSD,200,1.5,1.0,3.5,480,164,0.476,-150.14,19.5,117,0.363,-110.09,17.1
EURUSD,GBPUSD,200,1.5,1.0,5.0,240,79,0.651,-70.21,35.4,50,0.537,-54.71,32.0
EURUSD,GBPUSD,200,1.5,1.0,5.0,480,79,0.651,-70.21,35.4,50,0.537,-54.71,32.0
EURUSD,GBPUSD,200,2.0,0.0,3.5,240,124,0.533,-114.33,12.9,94,0.431,-85.22,12.8
EURUSD,GBPUSD,200,2.0,0.0,3.5,480,110,0.398,-118.72,11.8,85,0.632,-41.15,11.8
EURUSD,GBPUSD,200,2.0,0.0,5.0,240,40,0.863,-20.02,32.5,28,0.981,-1.37,35.7
EURUSD,GBPUSD,200,2.0,0.0,5.0,480,26,0.722,-26.79,46.2,19,1.469,23.12,36.8
EURUSD,GBPUSD,200,2.0,0.5,3.5,240,141,0.456,-129.51,18.4,108,0.351,-101.13,13.9
EURUSD,GBPUSD,200,2.0,0.5,3.5,480,140,0.44,-128.89,18.6,108,0.351,-101.13,13.9
EURUSD,GBPUSD,200,2.0,0.5,5.0,240,56,0.653,-52.41,37.5,41,0.556,-45.75,31.7
EURUSD,GBPUSD,200,2.0,0.5,5.0,480,55,0.651,-48.96,38.2,41,0.556,-45.75,31.7
EURUSD,GBPUSD,200,2.0,1.0,3.5,240,142,0.463,-115.92,19.7,108,0.337,-101.06,13.9
EURUSD,GBPUSD,200,2.0,1.0,3.5,480,142,0.463,-115.92,19.7,108,0.337,-101.06,13.9
EURUSD,GBPUSD,200,2.0,1.0,5.0,240,57,0.724,-35.99,40.4,41,0.536,-45.68,29.3
EURUSD,GBPUSD,200,2.0,1.0,5.0,480,57,0.724,-35.99,40.4,41,0.536,-45.68,29.3
EURUSD,GBPUSD,200,2.5,0.0,3.5,240,117,0.536,-91.07,10.3,91,0.495,-62.34,14.3
EURUSD,GBPUSD,200,2.5,0.0,3.5,480,108,0.434,-92.25,10.2,84,0.367,-69.51,7.1
EURUSD,GBPUSD,200,2.5,0.0,5.0,240,32,0.951,-4.95,34.4,24,1.044,2.63,41.7
EURUSD,GBPUSD,200,2.5,0.5,3.5,240,125,0.377,-112.92,11.2,100,0.302,-93.98,13.0
EURUSD,GBPUSD,200,2.5,0.5,3.5,480,125,0.377,-112.92,11.2,100,0.302,-93.98,13.0
EURUSD,GBPUSD,200,2.5,0.5,5.0,240,40,0.634,-32.99,32.5,33,0.532,-38.6,33.3
EURUSD,GBPUSD,200,2.5,0.5,5.0,480,40,0.634,-32.99,32.5,33,0.532,-38.6,33.3
EURUSD,GBPUSD,200,2.5,1.0,3.5,240,125,0.424,-96.11,11.2,100,0.355,-84.62,14.0
EURUSD,GBPUSD,200,2.5,1.0,3.5,480,125,0.424,-96.11,11.2,100,0.355,-84.62,14.0
EURUSD,GBPUSD,200,2.5,1.0,5.0,240,40,0.797,-16.18,30.0,33,0.62,-29.24,33.3
EURUSD,GBPUSD,200,2.5,1.0,5.0,480,40,0.797,-16.18,30.0,33,0.62,-29.24,33.3
EURUSD,GBPUSD,200,3.0,0.0,3.5,240,112,0.306,-122.05,7.1,87,0.21,-107.79,6.9
EURUSD,GBPUSD,200,3.0,0.0,3.5,480,106,0.452,-81.39,8.5,83,0.235,-85.91,4.8
EURUSD,GBPUSD,200,3.0,0.0,5.0,240,27,0.557,-41.29,29.6,20,0.371,-46.14,20.0
EURUSD,GBPUSD,200,3.0,0.5,3.5,240,116,0.307,-104.88,10.3,88,0.13,-89.48,6.8
EURUSD,GBPUSD,200,3.0,0.5,3.5,480,116,0.307,-104.88,10.3,88,0.13,-89.48,6.8
EURUSD,GBPUSD,200,3.0,0.5,5.0,240,31,0.624,-24.95,35.5,21,0.312,-33.78,23.8
EURUSD,GBPUSD,200,3.0,0.5,5.0,480,31,0.624,-24.95,35.5,21,0.312,-33.78,23.8
EURUSD,GBPUSD,200,3.0,1.0,3.5,240,116,0.355,-86.66,9.5,88,0.142,-92.2,8.0
EURUSD,GBPUSD,200,3.0,1.0,3.5,480,116,0.355,-86.66,9.5,88,0.142,-92.2,8.0
EURUSD,GBPUSD,200,3.0,1.0,5.0,240,31,0.869,-6.72,32.3,21,0.297,-36.5,23.8
EURUSD,GBPUSD,200,3.0,1.0,5.0,480,31,0.869,-6.72,32.3,21,0.297,-36.5,23.8
EURUSD,GBPUSD,300,1.5,0.0,3.5,240,76,0.816,-27.74,26.3,92,0.168,-131.36,5.4
EURUSD,GBPUSD,300,1.5,0.0,3.5,480,60,0.709,-39.97,16.7,83,0.425,-58.06,4.8
EURUSD,GBPUSD,300,1.5,0.0,5.0,240,42,1.014,1.77,47.6,23,0.22,-96.59,26.1
EURUSD,GBPUSD,300,1.5,0.0,5.0,480,27,0.764,-31.51,33.3,14,0.253,-70.58,14.3
EURUSD,GBPUSD,300,1.5,0.5,3.5,240,89,0.788,-33.47,25.8,99,0.218,-122.78,7.1
EURUSD,GBPUSD,300,1.5,0.5,3.5,480,86,0.841,-24.65,26.7,99,0.28,-112.07,8.1
EURUSD,GBPUSD,300,1.5,0.5,5.0,240,53,0.854,-20.2,41.5,29,0.297,-86.12,24.1
EURUSD,GBPUSD,300,1.5,0.5,5.0,480,50,0.901,-13.47,42.0,28,0.356,-73.34,25.0
EURUSD,GBPUSD,300,1.5,1.0,3.5,240,90,0.865,-20.48,30.0,102,0.214,-119.99,8.8
EURUSD,GBPUSD,300,1.5,1.0,3.5,480,89,0.875,-18.89,30.3,102,0.214,-119.99,8.8
EURUSD,GBPUSD,300,1.5,1.0,5.0,240,54,0.907,-12.34,46.3,31,0.279,-81.25,29.0
EURUSD,GBPUSD,300,1.5,1.0,5.0,480,53,0.941,-7.71,47.2,31,0.279,-81.25,29.0
EURUSD,GBPUSD,300,2.0,0.0,3.5,240,70,0.762,-33.71,18.6,91,0.314,-83.91,6.6
EURUSD,GBPUSD,300,2.0,0.0,3.5,480,58,1.719,56.8,22.4,83,0.475,-47.18,6.0
EURUSD,GBPUSD,300,2.0,0.0,5.0,240,34,0.751,-31.75,29.4,20,0.42,-49.53,30.0
EURUSD,GBPUSD,300,2.0,0.5,3.5,240,76,1.056,5.73,25.0,93,0.254,-86.05,8.6
EURUSD,GBPUSD,300,2.0,0.5,3.5,480,76,1.122,12.26,26.3,93,0.339,-76.32,8.6
EURUSD,GBPUSD,300,2.0,0.5,5.0,240,40,1.229,18.92,42.5,22,0.358,-47.31,31.8
EURUSD,GBPUSD,300,2.0,0.5,5.0,480,40,1.29,23.44,45.0,22,0.49,-37.59,31.8
EURUSD,GBPUSD,300,2.0,1.0,3.5,240,76,1.04,4.2,27.6,93,0.262,-77.88,7.5
EURUSD,GBPUSD,300,2.0,1.0,3.5,480,76,1.034,3.6,27.6,93,0.262,-77.88,7.5
EURUSD,GBPUSD,300,2.0,1.0,5.0,240,40,1.135,11.49,45.0,22,0.403,-39.15,31.8
EURUSD,GBPUSD,300,2.0,1.0,5.0,480,40,1.175,14.79,47.5,22,0.403,-39.15,31.8
EURUSD,GBPUSD,300,2.5,0.0,3.5,240,61,0.532,-58.26,16.4,85,0.153,-88.31,4.7
EURUSD,GBPUSD,300,2.5,0.0,3.5,480,52,1.139,11.04,17.3,81,0.343,-54.4,6.2
EURUSD,GBPUSD,300,2.5,0.0,5.0,240,25,0.508,-54.9,24.0,14,0.174,-55.5,28.6
EURUSD,GBPUSD,300,2.5,0.5,3.5,240,62,0.883,-8.17,25.8,86,0.125,-89.04,4.7
EURUSD,GBPUSD,300,2.5,0.5,3.5,480,62,0.976,-1.68,27.4,86,0.229,-78.49,4.7
EURUSD,GBPUSD,300,2.5,0.5,5.0,240,26,1.151,7.33,50.0,15,0.155,-50.31,26.7
EURUSD,GBPUSD,300,2.5,0.5,5.0,480,26,1.196,9.5,50.0,15,0.332,-39.75,26.7
EURUSD,GBPUSD,300,2.5,1.0,3.5,240,62,0.985,-1.07,24.2,86,0.147,-74.53,5.8
EURUSD,GBPUSD,300,2.5,1.0,3.5,480,62,0.985,-1.07,24.2,86,0.147,-74.53,5.8
EURUSD,GBPUSD,300,2.5,1.0,5.0,240,26,1.177,8.96,42.3,15,0.227,-35.79,33.3
EURUSD,GBPUSD,300,2.5,1.0,5.0,480,26,1.199,10.11,42.3,15,0.227,-35.79,33.3
EURUSD,GBPUSD,300,3.0,0.0,3.5,240,52,1.021,1.26,15.4,81,0.132,-74.1,2.5
EURUSD,GBPUSD,300,3.0,0.0,3.5,480,48,0.631,-32.96,12.5,79,0.137,-63.38,2.5
EURUSD,GBPUSD,300,3.0,0.5,3.5,240,52,0.811,-10.53,19.2,82,0.093,-77.5,2.4
EURUSD,GBPUSD,300,3.0,0.5,3.5,480,52,0.846,-8.36,21.2,82,0.093,-77.5,2.4
EURUSD,GBPUSD,300,3.0,1.0,3.5,240,52,0.931,-3.74,19.2,82,0.096,-69.39,3.7
EURUSD,GBPUSD,300,3.0,1.0,3.5,480,52,0.931,-3.74,19.2,82,0.096,-69.39,3.7
EURUSD,GBPUSD,500,1.5,0.0,3.5,240,96,0.392,-128.83,12.5,55,0.462,-38.4,14.5
EURUSD,GBPUSD,500,1.5,0.0,3.5,480,87,0.811,-29.41,14.9,49,0.528,-33.02,18.4
EURUSD,GBPUSD,500,1.5,0.0,5.0,240,30,0.53,-82.76,40.0,19,0.862,-5.7,47.4
EURUSD,GBPUSD,500,1.5,0.5,3.5,240,100,0.471,-108.36,17.0,57,0.333,-54.43,19.3
EURUSD,GBPUSD,500,1.5,0.5,3.5,480,96,0.473,-97.17,18.8,54,0.364,-52.0,14.8
EURUSD,GBPUSD,500,1.5,0.5,5.0,240,33,0.653,-50.54,51.5,20,0.61,-20.3,50.0
EURUSD,GBPUSD,500,1.5,0.5,5.0,480,27,0.636,-43.35,63.0,17,0.547,-23.9,35.3
EURUSD,GBPUSD,500,1.5,1.0,3.5,240,100,0.499,-98.59,16.0,58,0.393,-50.7,15.5
EURUSD,GBPUSD,500,1.5,1.0,3.5,480,96,0.453,-98.08,16.7,55,0.364,-49.88,14.5
EURUSD,GBPUSD,500,1.5,1.0,5.0,240,33,0.703,-40.76,48.5,21,0.686,-17.09,38.1
EURUSD,GBPUSD,500,1.5,1.0,5.0,480,27,0.612,-44.26,55.6,18,0.56,-21.78,33.3
EURUSD,GBPUSD,500,2.0,0.0,3.5,240,85,0.27,-106.91,10.6,53,0.663,-19.76,17.0
EURUSD,GBPUSD,500,2.0,0.0,3.5,480,82,1.007,0.78,12.2,49,0.54,-32.06,14.3
EURUSD,GBPUSD,500,2.0,0.5,3.5,240,87,0.473,-73.74,13.8,54,0.54,-28.9,16.7
EURUSD,GBPUSD,500,2.0,0.5,3.5,480,86,0.49,-71.3,14.0,53,0.533,-29.93,15.1
EURUSD,GBPUSD,500,2.0,1.0,3.5,240,87,0.398,-88.19,11.5,54,0.471,-34.76,14.8
EURUSD,GBPUSD,500,2.0,1.0,3.5,480,86,0.455,-75.33,12.8,53,0.494,-33.62,17.0
EURUSD,GBPUSD,500,2.5,0.0,3.5,240,80,0.331,-81.88,10.0,48,0.386,-34.05,12.5
EURUSD,GBPUSD,500,2.5,0.0,3.5,480,79,0.777,-25.22,8.9,45,1.036,1.9,13.3
EURUSD,GBPUSD,500,2.5,0.5,3.5,240,80,0.474,-63.91,8.8,49,0.443,-30.21,14.3
EURUSD,GBPUSD,500,2.5,0.5,3.5,480,80,0.468,-66.8,8.8,49,0.433,-29.44,12.2
EURUSD,GBPUSD,500,2.5,1.0,3.5,240,80,0.444,-68.28,8.8,49,0.499,-26.11,16.3
EURUSD,GBPUSD,500,2.5,1.0,3.5,480,80,0.444,-68.08,8.8,49,0.491,-26.99,16.3
EURUSD,GBPUSD,500,3.0,0.0,3.5,240,76,0.345,-51.64,7.9,40,0.003,-35.12,2.5
EURUSD,GBPUSD,500,3.0,0.0,3.5,480,76,0.826,-12.88,5.3,40,0.002,-51.16,2.5
EURUSD,GBPUSD,500,3.0,0.5,3.5,240,76,0.381,-50.77,6.6,40,0.118,-34.8,5.0
EURUSD,GBPUSD,500,3.0,0.5,3.5,480,76,0.374,-54.0,6.6,40,0.119,-34.39,5.0
EURUSD,GBPUSD,500,3.0,1.0,3.5,240,76,0.343,-53.17,6.6,40,0.191,-32.04,5.0
EURUSD,GBPUSD,500,3.0,1.0,3.5,480,76,0.344,-52.97,6.6,40,0.191,-32.04,5.0
GBPUSD,USDCHF,200,1.5,0.0,3.5,240,106,0.585,-234.76,21.7,94,0.986,-3.95,18.1
GBPUSD,USDCHF,200,1.5,0.0,3.5,480,85,0.657,-185.21,16.5,83,0.515,-113.55,12.0
GBPUSD,USDCHF,200,1.5,0.0,5.0,240,44,0.413,-366.3,38.6,32,1.327,72.48,43.8
GBPUSD,USDCHF,200,1.5,0.0,5.0,480,25,1.751,190.27,60.0,21,0.899,-15.99,42.9
GBPUSD,USDCHF,200,1.5,0.5,3.5,240,132,0.685,-197.33,25.0,115,1.085,25.75,22.6
GBPUSD,USDCHF,200,1.5,0.5,3.5,480,132,0.666,-212.51,25.0,114,1.14,41.19,21.9
GBPUSD,USDCHF,200,1.5,0.5,5.0,240,67,0.77,-126.59,47.8,49,1.318,75.64,49.0
GBPUSD,USDCHF,200,1.5,0.5,5.0,480,67,0.747,-141.77,47.8,48,1.397,91.08,47.9
GBPUSD,USDCHF,200,1.5,1.0,3.5,240,139,0.743,-155.13,28.1,116,1.126,32.27,25.9
GBPUSD,USDCHF,200,1.5,1.0,3.5,480,139,0.74,-158.18,28.1,115,1.194,49.73,25.2
GBPUSD,USDCHF,200,1.5,1.0,5.0,240,74,0.842,-84.41,48.6,50,1.427,82.15,54.0
GBPUSD,USDCHF,200,1.5,1.0,5.0,480,74,0.837,-87.46,48.6,49,1.518,99.61,53.1
GBPUSD,USDCHF,200,2.0,0.0,3.5,240,101,0.646,-164.33,19.8,91,0.795,-59.27,18.7
GBPUSD,USDCHF,200,2.0,0.0,3.5,480,84,0.473,-276.06,14.3,82,0.467,-133.63,12.2
GBPUSD,USDCHF,200,2.0,0.0,5.0,240,38,0.523,-223.43,39.5,28,0.929,-15.76,39.3
GBPUSD,USDCHF,200,2.0,0.5,3.5,240,119,0.824,-82.42,22.7,105,1.255,56.11,22.9
GBPUSD,USDCHF,200,2.0,0.5,3.5,480,119,0.824,-82.42,22.7,105,1.158,36.64,21.9
GBPUSD,USDCHF,200,2.0,0.5,5.0,240,54,0.97,-11.7,48.1,39,1.665,106.05,53.8
GBPUSD,USDCHF,200,2.0,0.5,5.0,480,54,0.97,-11.7,48.1,39,1.505,86.58,51.3
GBPUSD,USDCHF,200,2.0,1.0,3.5,240,122,0.915,-36.12,26.2,106,1.19,39.92,23.6
GBPUSD,USDCHF,200,2.0,1.0,3.5,480,122,0.915,-36.12,26.2,106,1.225,47.29,23.6
GBPUSD,USDCHF,200,2.0,1.0,5.0,240,57,1.097,34.6,52.6,40,1.604,89.85,52.5
GBPUSD,USDCHF,200,2.0,1.0,5.0,480,57,1.097,34.6,52.6,40,1.654,97.22,52.5
GBPUSD,USDCHF,200,2.5,0.0,3.5,240,94,0.929,-25.73,18.1,86,0.404,-176.15,12.8
GBPUSD,USDCHF,200,2.5,0.0,3.5,480,82,0.444,-284.92,12.2,80,0.686,-64.77,12.5
GBPUSD,USDCHF,200,2.5,0.0,5.0,240,30,1.003,1.03,43.3,21,0.593,-74.07,33.3
GBPUSD,USDCHF,200,2.5,0.5,3.5,240,105,0.848,-51.73,22.9,95,0.706,-61.76,15.8
GBPUSD,USDCHF,200,2.5,0.5,3.5,480,105,0.848,-51.73,22.9,95,0.706,-61.76,15.8
GBPUSD,USDCHF,200,2.5,0.5,5.0,240,40,1.069,18.99,57.5,29,0.92,-11.78,48.3
GBPUSD,USDCHF,200,2.5,0.5,5.0,480,40,1.069,18.99,57.5,29,0.92,-11.78,48.3
GBPUSD,USDCHF,200,2.5,1.0,3.5,240,105,0.856,-43.96,21.9,95,0.762,-43.86,14.7
GBPUSD,USDCHF,200,2.5,1.0,3.5,480,105,0.856,-43.96,21.9,95,0.762,-43.86,14.7
GBPUSD,USDCHF,200,2.5,1.0,5.0,240,40,1.109,26.74,50.0,29,1.05,6.13,41.4
GBPUSD,USDCHF,200,2.5,1.0,5.0,480,40,1.109,26.74,50.0,29,1.05,6.13,41.4
GBPUSD,USDCHF,200,3.0,0.0,3.5,240,88,0.794,-64.72,15.9,82,0.435,-117.59,9.8
GBPUSD,USDCHF,200,3.0,0.0,3.5,480,80,0.724,-83.28,13.8,79,0.656,-61.59,8.9
GBPUSD,USDCHF,200,3.0,0.5,3.5,240,92,0.651,-84.33,17.4,87,0.719,-41.79,10.3
GBPUSD,USDCHF,200,3.0,0.5,3.5,480,92,0.651,-84.33,17.4,87,0.719,-41.79,10.3
GBPUSD,USDCHF,200,3.0,0.5,5.0,240,27,0.925,-13.59,55.6,21,1.083,8.15,42.9
GBPUSD,USDCHF,200,3.0,0.5,5.0,480,27,0.925,-13.59,55.6,21,1.083,8.15,42.9
GBPUSD,USDCHF,200,3.0,1.0,3.5,240,92,0.685,-70.58,17.4,87,0.58,-67.17,10.3
GBPUSD,USDCHF,200,3.0,1.0,3.5,480,92,0.685,-70.58,17.4,87,0.58,-67.17,10.3
GBPUSD,USDCHF,200,3.0,1.0,5.0,240,27,1.001,0.13,51.9,21,0.844,-17.22,38.1
GBPUSD,USDCHF,200,3.0,1.0,5.0,480,27,1.001,0.13,51.9,21,0.844,-17.22,38.1
GBPUSD,USDCHF,300,1.5,0.0,3.5,240,78,0.74,-110.49,21.8,124,1.479,113.43,15.3
GBPUSD,USDCHF,300,1.5,0.0,3.5,480,61,0.944,-20.94,23.0,113,0.756,-45.25,7.1
GBPUSD,USDCHF,300,1.5,0.0,5.0,240,38,0.754,-94.01,44.7,40,1.64,115.73,32.5
GBPUSD,USDCHF,300,1.5,0.5,3.5,240,94,0.691,-151.99,24.5,131,1.018,4.59,14.5
GBPUSD,USDCHF,300,1.5,0.5,3.5,480,94,0.686,-155.63,24.5,130,1.054,13.48,14.6
GBPUSD,USDCHF,300,1.5,0.5,5.0,240,52,0.724,-129.27,36.5,47,1.27,54.05,36.2
GBPUSD,USDCHF,300,1.5,0.5,5.0,480,52,0.718,-132.91,36.5,46,1.332,62.94,37.0
GBPUSD,USDCHF,300,1.5,1.0,3.5,240,95,0.799,-92.6,26.3,131,0.989,-2.53,14.5
GBPUSD,USDCHF,300,1.5,1.0,3.5,480,95,0.799,-92.6,26.3,130,1.037,8.3,13.8
GBPUSD,USDCHF,300,1.5,1.0,5.0,240,53,0.839,-69.92,39.6,47,1.256,46.93,36.2
GBPUSD,USDCHF,300,1.5,1.0,5.0,480,53,0.839,-69.92,39.6,46,1.33,57.76,34.8
GBPUSD,USDCHF,300,2.0,0.0,3.5,240,70,0.79,-67.71,22.9,121,2.738,184.07,14.9
GBPUSD,USDCHF,300,2.0,0.0,3.5,480,60,0.86,-52.57,20.0,113,0.757,-45.51,8.8
GBPUSD,USDCHF,300,2.0,0.0,5.0,240,29,0.791,-62.63,55.2,38,2.581,150.25,31.6
GBPUSD,USDCHF,300,2.0,0.5,3.5,240,83,0.608,-139.29,22.9,126,1.14,27.81,12.7
GBPUSD,USDCHF,300,2.0,0.5,3.5,480,83,0.608,-139.29,22.9,126,1.142,28.26,13.5
GBPUSD,USDCHF,300,2.0,0.5,5.0,240,41,0.654,-116.55,41.5,42,1.523,77.37,33.3
GBPUSD,USDCHF,300,2.0,0.5,5.0,480,41,0.654,-116.55,41.5,42,1.526,77.82,35.7
GBPUSD,USDCHF,300,2.0,1.0,3.5,240,83,0.807,-58.71,20.5,126,1.152,26.26,13.5
GBPUSD,USDCHF,300,2.0,1.0,3.5,480,83,0.807,-58.71,20.5,126,1.229,39.41,13.5
GBPUSD,USDCHF,300,2.0,1.0,5.0,240,41,0.872,-36.02,36.6,42,1.627,75.82,35.7
GBPUSD,USDCHF,300,2.0,1.0,5.0,480,41,0.872,-36.02,36.6,42,1.736,88.98,35.7
GBPUSD,USDCHF,300,2.5,0.0,3.5,240,63,1.287,66.98,25.4,116,0.793,-26.42,9.5
GBPUSD,USDCHF,300,2.5,0.0,3.5,480,57,0.808,-64.77,17.5,112,0.619,-75.38,7.1
GBPUSD,USDCHF,300,2.5,0.5,3.5,240,72,0.709,-75.23,25.0,117,0.576,-71.5,8.5
GBPUSD,USDCHF,300,2.5,0.5,3.5,480,72,0.709,-75.23,25.0,117,0.592,-67.58,9.4
GBPUSD,USDCHF,300,2.5,0.5,5.0,240,30,0.779,-52.49,50.0,33,0.816,-21.96,24.2
GBPUSD,USDCHF,300,2.5,0.5,5.0,480,30,0.779,-52.49,50.0,33,0.845,-18.04,27.3
GBPUSD,USDCHF,300,2.5,1.0,3.5,240,72,0.963,-8.41,26.4,117,0.409,-89.77,8.5
GBPUSD,USDCHF,300,2.5,1.0,3.5,480,72,0.963,-8.41,26.4,117,0.409,-89.77,8.5
GBPUSD,USDCHF,300,2.5,1.0,5.0,240,30,1.07,14.28,53.3,33,0.603,-40.2,27.3
GBPUSD,USDCHF,300,2.5,1.0,5.0,480,30,1.07,14.28,53.3,33,0.603,-40.2,27.3
GBPUSD,USDCHF,300,3.0,0.0,3.5,240,51,1.237,21.05,13.7,113,0.731,-29.23,8.0
GBPUSD,USDCHF,300,3.0,0.0,3.5,480,48,0.349,-133.64,8.3,110,1.221,21.69,6.4
GBPUSD,USDCHF,300,3.0,0.5,3.5,240,53,0.382,-54.88,11.3,113,0.376,-92.74,6.2
GBPUSD,USDCHF,300,3.0,0.5,3.5,480,53,0.382,-54.88,11.3,113,0.386,-88.83,6.2
GBPUSD,USDCHF,300,3.0,1.0,3.5,240,53,0.627,-29.67,11.3,113,0.266,-100.63,5.3
GBPUSD,USDCHF,300,3.0,1.0,3.5,480,53,0.627,-29.67,11.3,113,0.266,-100.63,5.3
GBPUSD,USDCHF,500,1.5,0.0,3.5,240,171,0.243,-439.91,6.4,56,1.635,87.11,25.0
GBPUSD,USDCHF,500,1.5,0.0,3.5,480,163,0.49,-210.89,6.7,51,0.333,-149.34,11.8
GBPUSD,USDCHF,500,1.5,0.0,5.0,240,35,0.324,-296.54,28.6,18,1.506,73.11,66.7
GBPUSD,USDCHF,500,1.5,0.0,5.0,480,28,0.911,-21.79,39.3,14,0.367,-116.04,42.9
GBPUSD,USDCHF,500,1.5,0.5,3.5,240,175,0.252,-431.44,6.9,58,1.742,98.1,24.1
GBPUSD,USDCHF,500,1.5,0.5,3.5,480,170,0.245,-434.65,6.5,58,1.584,91.21,24.1
GBPUSD,USDCHF,500,1.5,0.5,5.0,240,39,0.325,-280.08,28.2,19,2.249,133.67,68.4
GBPUSD,USDCHF,500,1.5,0.5,5.0,480,33,0.341,-270.97,30.3,19,1.967,126.78,68.4
GBPUSD,USDCHF,500,1.5,1.0,3.5,240,175,0.257,-390.17,6.9,58,1.996,123.1,25.9
GBPUSD,USDCHF,500,1.5,1.0,3.5,480,172,0.251,-375.46,7.0,58,2.134,130.31,25.9
GBPUSD,USDCHF,500,1.5,1.0,5.0,240,39,0.362,-236.07,33.3,19,2.587,158.68,68.4
GBPUSD,USDCHF,500,1.5,1.0,5.0,480,35,0.384,-211.83,37.1,19,2.817,165.88,68.4
GBPUSD,USDCHF,500,2.0,0.0,3.5,240,168,0.202,-413.55,6.5,51,1.095,13.23,17.6
GBPUSD,USDCHF,500,2.0,0.0,3.5,480,161,0.572,-176.69,8.1,48,1.36,33.48,16.7
GBPUSD,USDCHF,500,2.0,0.0,5.0,240,32,0.231,-319.06,28.1,13,1.025,3.78,53.8
GBPUSD,USDCHF,500,2.0,0.5,3.5,240,170,0.267,-344.68,8.2,52,1.336,39.4,17.3
GBPUSD,USDCHF,500,2.0,0.5,3.5,480,168,0.315,-353.17,7.1,52,1.288,36.03,17.3
GBPUSD,USDCHF,500,2.0,0.5,5.0,240,34,0.327,-230.52,35.3,13,1.805,74.99,53.8
GBPUSD,USDCHF,500,2.0,0.5,5.0,480,31,0.462,-189.42,32.3,13,1.708,71.61,53.8
GBPUSD,USDCHF,500,2.0,1.0,3.5,240,171,0.267,-343.46,8.8,52,1.933,73.5,21.2
GBPUSD,USDCHF,500,2.0,1.0,3.5,480,169,0.274,-337.02,8.3,52,1.933,73.5,21.2
GBPUSD,USDCHF,500,2.0,1.0,5.0,240,34,0.409,-184.99,44.1,13,2.976,109.09,69.2
GBPUSD,USDCHF,500,2.0,1.0,5.0,480,32,0.437,-173.38,43.8,13,2.976,109.09,69.2
GBPUSD,USDCHF,500,2.5,0.0,3.5,240,161,0.184,-375.02,3.1,47,0.81,-18.04,12.8
GBPUSD,USDCHF,500,2.5,0.0,3.5,480,159,0.563,-176.16,5.0,45,1.172,12.0,11.1
GBPUSD,USDCHF,500,2.5,0.5,3.5,240,162,0.216,-331.67,3.7,48,1.381,21.94,12.5
GBPUSD,USDCHF,500,2.5,0.5,3.5,480,162,0.278,-328.14,3.7,48,1.546,31.4,12.5
GBPUSD,USDCHF,500,2.5,1.0,3.5,240,162,0.289,-237.25,4.3,48,1.584,28.9,14.6
GBPUSD,USDCHF,500,2.5,1.0,3.5,480,162,0.326,-224.93,4.3,48,1.584,28.9,14.6
GBPUSD,USDCHF,500,3.0,0.0,3.5,240,156,0.131,-326.22,1.9,43,0.615,-21.82,7.0
GBPUSD,USDCHF,500,3.0,0.0,3.5,480,155,0.176,-327.11,3.2,42,1.074,3.52,7.1
GBPUSD,USDCHF,500,3.0,0.5,3.5,240,156,0.158,-293.96,2.6,44,1.197,7.7,6.8
GBPUSD,USDCHF,500,3.0,0.5,3.5,480,156,0.161,-319.12,2.6,44,1.197,7.7,6.8
GBPUSD,USDCHF,500,3.0,1.0,3.5,240,156,0.23,-217.76,2.6,44,1.508,19.91,9.1
GBPUSD,USDCHF,500,3.0,1.0,3.5,480,156,0.257,-210.25,2.6,44,1.508,19.91,9.1
GBPUSD,USDJPY,200,1.5,0.0,3.5,240,98,1.065,34.06,26.5,70,1.142,30.14,27.1
GBPUSD,USDJPY,200,1.5,0.0,3.5,480,77,1.079,28.32,22.1,56,0.45,-155.95,10.7
GBPUSD,USDJPY,200,1.5,0.0,5.0,240,42,1.439,158.38,50.0,31,1.645,118.83,58.1
GBPUSD,USDJPY,200,1.5,0.5,3.5,240,124,1.483,209.16,33.1,87,0.741,-75.49,25.3
GBPUSD,USDJPY,200,1.5,0.5,3.5,480,123,1.526,227.59,32.5,86,0.732,-79.1,24.4
GBPUSD,USDJPY,200,1.5,0.5,5.0,240,67,1.667,253.65,55.2,49,0.861,-36.01,38.8
GBPUSD,USDJPY,200,1.5,0.5,5.0,480,66,1.716,272.09,54.5,47,0.857,-37.24,36.2
GBPUSD,USDJPY,200,1.5,1.0,3.5,240,125,1.3,135.26,31.2,88,0.588,-134.52,26.1
GBPUSD,USDJPY,200,1.5,1.0,3.5,480,125,1.343,154.65,31.2,88,0.569,-145.62,26.1
GBPUSD,USDJPY,200,1.5,1.0,5.0,240,68,1.444,179.82,52.9,49,0.679,-92.65,44.9
GBPUSD,USDJPY,200,1.5,1.0,5.0,480,68,1.492,199.2,52.9,49,0.654,-103.74,44.9
GBPUSD,USDJPY,200,2.0,0.0,3.5,240,92,1.384,139.45,23.9,66,1.039,7.87,24.2
GBPUSD,USDJPY,200,2.0,0.0,3.5,480,75,0.922,-29.37,20.0,55,0.881,-23.92,16.4
GBPUSD,USDJPY,200,2.0,0.0,5.0,240,36,1.242,86.56,50.0,28,1.386,64.21,53.6
GBPUSD,USDJPY,200,2.0,0.5,3.5,240,113,1.472,173.19,30.1,79,0.665,-89.35,24.1
GBPUSD,USDJPY,200,2.0,0.5,3.5,480,112,1.51,187.31,29.5,78,0.68,-83.65,23.1
GBPUSD,USDJPY,200,2.0,0.5,5.0,240,56,1.7,217.7,53.6,41,0.788,-49.1,41.5
GBPUSD,USDJPY,200,2.0,0.5,5.0,480,55,1.745,231.82,52.7,39,0.814,-41.78,41.0
GBPUSD,USDJPY,200,2.0,1.0,3.5,240,113,1.303,109.25,27.4,80,0.494,-148.19,21.2
GBPUSD,USDJPY,200,2.0,1.0,3.5,480,113,1.341,123.15,27.4,80,0.491,-150.13,21.2
GBPUSD,USDJPY,200,2.0,1.0,5.0,240,56,1.489,153.8,50.0,41,0.587,-106.31,43.9
GBPUSD,USDJPY,200,2.0,1.0,5.0,480,56,1.533,167.71,50.0,41,0.583,-108.25,43.9
GBPUSD,USDJPY,200,2.5,0.0,3.5,240,85,1.16,55.27,17.6,60,2.021,98.53,21.7
GBPUSD,USDJPY,200,2.5,0.0,3.5,480,74,1.498,102.11,20.3,53,1.617,85.69,17.0
GBPUSD,USDJPY,200,2.5,0.0,5.0,240,28,1.287,84.43,42.9,22,4.168,165.59,63.6
GBPUSD,USDJPY,200,2.5,0.5,3.5,240,92,1.924,177.54,23.9,65,0.838,-24.6,20.0
GBPUSD,USDJPY,200,2.5,0.5,3.5,480,92,1.924,177.54,23.9,65,0.88,-18.28,20.0
GBPUSD,USDJPY,200,2.5,0.5,5.0,240,35,2.585,222.06,51.4,26,1.092,11.34,46.2
GBPUSD,USDJPY,200,2.5,0.5,5.0,480,35,2.585,222.06,51.4,26,1.201,23.6,46.2
GBPUSD,USDJPY,200,2.5,1.0,3.5,240,92,1.783,139.75,23.9,67,0.692,-55.82,17.9
GBPUSD,USDJPY,200,2.5,1.0,3.5,480,92,1.783,139.75,23.9,67,0.692,-55.82,17.9
GBPUSD,USDJPY,200,2.5,1.0,5.0,240,35,2.405,184.28,57.1,28,0.904,-13.95,50.0
GBPUSD,USDJPY,200,2.5,1.0,5.0,480,35,2.405,184.28,57.1,28,0.904,-13.95,50.0
GBPUSD,USDJPY,200,3.0,0.0,3.5,240,73,0.937,-15.76,13.7,54,1.688,42.05,16.7
GBPUSD,USDJPY,200,3.0,0.0,3.5,480,69,1.972,124.47,15.9,51,1.436,49.51,15.7
GBPUSD,USDJPY,200,3.0,0.5,3.5,240,76,1.008,1.22,17.1,56,0.585,-34.58,14.3
GBPUSD,USDJPY,200,3.0,0.5,3.5,480,76,1.008,1.22,17.1,56,0.585,-34.58,14.3
GBPUSD,USDJPY,200,3.0,1.0,3.5,240,76,0.89,-14.73,15.8,56,0.443,-62.62,12.5
GBPUSD,USDJPY,200,3.0,1.0,3.5,480,76,0.89,-14.73,15.8,56,0.443,-62.62,12.5
GBPUSD,USDJPY,300,1.5,0.0,3.5,240,147,0.965,-18.5,15.0,112,1.177,47.44,16.1
GBPUSD,USDJPY,300,1.5,0.0,3.5,480,129,0.566,-185.71,10.9,102,0.404,-226.16,8.8
GBPUSD,USDJPY,300,1.5,0.0,5.0,240,48,0.903,-49.56,35.4,32,1.703,135.09,50.0
GBPUSD,USDJPY,300,1.5,0.0,5.0,480,31,0.897,-37.07,38.7,21,1.428,71.32,47.6
GBPUSD,USDJPY,300,1.5,0.5,3.5,240,164,1.678,213.84,22.6,116,1.286,65.2,18.1
GBPUSD,USDJPY,300,1.5,0.5,3.5,480,161,1.676,212.15,20.5,114,1.281,63.9,16.7
GBPUSD,USDJPY,300,1.5,0.5,5.0,240,62,1.692,206.46,48.4,34,1.889,138.75,50.0
GBPUSD,USDJPY,300,1.5,0.5,5.0,480,59,1.716,209.42,44.1,32,1.867,136.03,46.9
GBPUSD,USDJPY,300,1.5,1.0,3.5,240,165,1.313,116.53,23.0,118,0.893,-23.93,16.9
GBPUSD,USDJPY,300,1.5,1.0,3.5,480,164,1.324,117.41,22.6,118,0.879,-27.53,16.1
GBPUSD,USDJPY,300,1.5,1.0,5.0,240,63,1.325,113.76,46.0,36,1.319,48.16,47.2
GBPUSD,USDJPY,300,1.5,1.0,5.0,480,62,1.337,114.65,45.2,36,1.289,44.56,44.4
GBPUSD,USDJPY,300,2.0,0.0,3.5,240,140,1.044,18.69,14.3,109,1.278,56.63,15.6
GBPUSD,USDJPY,300,2.0,0.0,3.5,480,128,0.468,-231.56,10.9,99,0.321,-197.89,6.1
GBPUSD,USDJPY,300,2.0,0.0,5.0,240,41,1.126,52.79,36.6,28,1.747,105.32,50.0
GBPUSD,USDJPY,300,2.0,0.0,5.0,480,29,0.676,-106.53,34.5,20,2.284,113.79,40.0
GBPUSD,USDJPY,300,2.0,0.5,3.5,240,150,1.571,137.23,18.0,110,1.139,26.3,14.5
GBPUSD,USDJPY,300,2.0,0.5,3.5,480,148,1.724,167.3,16.9,109,1.11,20.89,13.8
GBPUSD,USDJPY,300,2.0,0.5,5.0,240,48,1.594,130.17,41.7,28,1.764,96.3,46.4
GBPUSD,USDJPY,300,2.0,0.5,5.0,480,46,1.801,164.56,39.1,27,1.745,92.82,44.4
GBPUSD,USDJPY,300,2.0,1.0,3.5,240,150,1.343,91.51,20.0,111,0.939,-10.14,13.5
GBPUSD,USDJPY,300,2.0,1.0,3.5,480,149,1.349,89.91,19.5,111,0.899,-17.24,12.6
GBPUSD,USDJPY,300,2.0,1.0,5.0,240,48,1.365,88.78,47.9,29,1.604,61.76,44.8
GBPUSD,USDJPY,300,2.0,1.0,5.0,480,47,1.372,87.18,46.8,29,1.519,54.66,41.4
GBPUSD,USDJPY,300,2.5,0.0,3.5,240,134,1.105,30.0,14.2,106,0.832,-40.2,11.3
GBPUSD,USDJPY,300,2.5,0.0,3.5,480,125,0.347,-266.04,9.6,98,0.213,-251.61,5.1
GBPUSD,USDJPY,300,2.5,0.0,5.0,240,33,1.267,68.83,39.4,24,1.08,13.74,37.5
GBPUSD,USDJPY,300,2.5,0.0,5.0,480,27,0.325,-227.42,33.3,18,1.511,56.7,38.9
GBPUSD,USDJPY,300,2.5,0.5,3.5,240,140,1.168,36.68,13.6,107,0.766,-49.66,11.2
GBPUSD,USDJPY,300,2.5,0.5,3.5,480,139,1.302,65.94,12.9,106,0.76,-50.37,11.3
GBPUSD,USDJPY,300,2.5,0.5,5.0,240,38,1.141,29.55,34.2,25,1.132,19.24,36.0
GBPUSD,USDJPY,300,2.5,0.5,5.0,480,37,1.309,63.2,32.4,24,1.155,21.59,37.5
GBPUSD,USDJPY,300,2.5,1.0,3.5,240,140,0.967,-8.22,15.0,107,0.557,-83.0,10.3
GBPUSD,USDJPY,300,2.5,1.0,3.5,480,140,0.967,-8.22,15.0,107,0.557,-83.0,10.3
GBPUSD,USDJPY,300,2.5,1.0,5.0,240,38,0.952,-10.95,36.8,25,0.908,-11.06,36.0
GBPUSD,USDJPY,300,2.5,1.0,5.0,480,38,0.952,-10.95,36.8,25,0.908,-11.06,36.0
GBPUSD,USDJPY,300,3.0,0.0,3.5,240,127,0.81,-42.01,9.4,100,0.651,-55.03,8.0
GBPUSD,USDJPY,300,3.0,0.0,3.5,480,122,0.381,-198.9,7.4,96,0.234,-180.46,5.2
GBPUSD,USDJPY,300,3.0,0.0,5.0,240,25,0.898,-20.34,32.0,18,1.043,3.82,27.8
GBPUSD,USDJPY,300,3.0,0.5,3.5,240,129,1.181,24.73,9.3,101,0.49,-81.68,8.9
GBPUSD,USDJPY,300,3.0,0.5,3.5,480,128,1.177,24.16,8.6,101,0.49,-81.68,8.9
GBPUSD,USDJPY,300,3.0,0.5,5.0,240,27,1.176,22.02,33.3,19,0.852,-14.68,36.8
GBPUSD,USDJPY,300,3.0,0.5,5.0,480,26,1.172,21.46,30.8,19,0.896,-9.79,36.8
GBPUSD,USDJPY,300,3.0,1.0,3.5,240,129,1.037,5.59,10.9,101,0.409,-79.03,7.9
GBPUSD,USDJPY,300,3.0,1.0,3.5,480,129,1.037,5.59,10.9,101,0.409,-79.03,7.9
GBPUSD,USDJPY,300,3.0,1.0,5.0,240,27,1.022,2.93,29.6,19,0.898,-7.16,36.8
GBPUSD,USDJPY,300,3.0,1.0,5.0,480,27,1.022,2.93,29.6,19,0.898,-7.16,36.8
GBPUSD,USDJPY,500,1.5,0.0,3.5,240,122,0.859,-56.39,13.1,58,1.823,89.19,24.1
GBPUSD,USDJPY,500,1.5,0.0,3.5,480,111,0.963,-13.31,9.9,52,0.823,-32.12,15.4
GBPUSD,USDJPY,500,1.5,0.0,5.0,240,32,1.208,61.67,56.2,20,1.296,43.41,55.0
GBPUSD,USDJPY,500,1.5,0.5,3.5,240,124,1.049,16.98,12.9,59,2.215,115.55,23.7
GBPUSD,USDJPY,500,1.5,0.5,3.5,480,121,1.648,183.19,15.7,57,0.884,-18.21,15.8
GBPUSD,USDJPY,500,1.5,0.5,5.0,240,35,1.426,111.86,51.4,20,1.894,95.84,55.0
GBPUSD,USDJPY,500,1.5,0.5,5.0,480,29,2.687,287.86,65.5,18,0.842,-25.46,38.9
GBPUSD,USDJPY,500,1.5,1.0,3.5,240,124,1.271,74.6,13.7,59,1.965,100.58,22.0
GBPUSD,USDJPY,500,1.5,1.0,3.5,480,122,1.361,89.78,13.9,57,1.097,14.1,15.8
GBPUSD,USDJPY,500,1.5,1.0,5.0,240,35,1.912,172.44,54.3,21,1.694,79.25,52.4
GBPUSD,USDJPY,500,1.5,1.0,5.0,480,30,2.383,194.37,56.7,19,1.101,14.9,42.1
GBPUSD,USDJPY,500,2.0,0.0,3.5,240,114,1.211,48.08,14.0,54,1.332,29.19,18.5
GBPUSD,USDJPY,500,2.0,0.0,3.5,480,110,0.728,-89.22,9.1,51,0.485,-108.59,11.8
GBPUSD,USDJPY,500,2.0,0.5,3.5,240,115,1.372,78.79,14.8,54,1.308,29.77,18.5
GBPUSD,USDJPY,500,2.0,0.5,3.5,480,115,1.902,190.91,14.8,53,0.7,-46.68,13.2
GBPUSD,USDJPY,500,2.0,1.0,3.5,240,115,1.452,86.54,13.9,54,1.29,30.97,16.7
GBPUSD,USDJPY,500,2.0,1.0,3.5,480,115,1.474,91.36,13.0,53,0.859,-20.21,13.2
GBPUSD,USDJPY,500,2.5,0.0,3.5,240,108,0.828,-33.94,10.2,50,0.393,-60.42,8.0
GBPUSD,USDJPY,500,2.5,0.0,3.5,480,106,0.247,-212.09,5.7,49,0.338,-136.87,10.2
GBPUSD,USDJPY,500,2.5,0.5,3.5,240,109,0.815,-33.79,11.0,50,0.525,-42.06,12.0
GBPUSD,USDJPY,500,2.5,0.5,3.5,480,109,1.294,53.58,11.0,50,0.296,-110.88,12.0
GBPUSD,USDJPY,500,2.5,1.0,3.5,240,109,1.171,26.71,11.0,50,0.537,-43.97,12.0
GBPUSD,USDJPY,500,2.5,1.0,3.5,480,109,1.174,27.18,11.0,50,0.461,-61.9,14.0
GBPUSD,USDJPY,500,3.0,0.0,3.5,240,105,0.573,-77.76,4.8,45,0.356,-31.95,11.1
GBPUSD,USDJPY,500,3.0,0.0,3.5,480,105,0.197,-214.2,2.9,45,0.773,-19.72,11.1
GBPUSD,USDJPY,500,3.0,0.5,3.5,240,105,0.496,-84.44,4.8,45,0.349,-32.21,11.1
GBPUSD,USDJPY,500,3.0,0.5,3.5,480,105,0.525,-79.58,4.8,45,0.103,-67.32,8.9
GBPUSD,USDJPY,500,3.0,1.0,3.5,240,105,0.538,-65.26,4.8,45,0.297,-38.25,8.9
GBPUSD,USDJPY,500,3.0,1.0,3.5,480,105,0.538,-65.26,4.8,45,0.138,-58.5,6.7
EURUSD,USDJPY,200,1.5,0.0,3.5,240,96,1.486,222.1,31.2,92,0.94,-16.28,18.5
EURUSD,USDJPY,200,1.5,0.0,3.5,480,77,1.218,91.41,26.0,81,0.256,-245.6,7.4
EURUSD,USDJPY,200,1.5,0.0,5.0,240,50,1.295,125.28,46.0,31,0.91,-24.79,41.9
EURUSD,USDJPY,200,1.5,0.0,5.0,480,29,4.651,424.0,58.6,21,0.522,-113.32,33.3
EURUSD,USDJPY,200,1.5,0.5,3.5,240,123,0.919,-47.44,31.7,111,0.883,-30.48,22.5
EURUSD,USDJPY,200,1.5,0.5,3.5,480,122,0.926,-43.24,32.0,110,0.907,-24.01,22.7
EURUSD,USDJPY,200,1.5,0.5,5.0,240,74,0.986,-7.12,44.6,48,0.988,-2.88,43.8
EURUSD,USDJPY,200,1.5,0.5,5.0,480,73,0.994,-2.91,45.2,46,1.015,3.6,45.7
EURUSD,USDJPY,200,1.5,1.0,3.5,240,127,1.108,48.78,33.9,116,0.796,-57.02,22.4
EURUSD,USDJPY,200,1.5,1.0,3.5,480,127,1.108,48.78,33.9,115,0.799,-55.47,22.6
EURUSD,USDJPY,200,1.5,1.0,5.0,240,78,1.241,89.38,47.4,52,0.884,-29.47,44.2
EURUSD,USDJPY,200,1.5,1.0,5.0,480,78,1.241,89.38,47.4,51,0.889,-27.93,45.1
EURUSD,USDJPY,200,2.0,0.0,3.5,240,89,0.982,-8.87,24.7,91,1.18,37.67,20.9
EURUSD,USDJPY,200,2.0,0.0,3.5,480,73,1.257,94.91,21.9,79,0.348,-167.4,10.1
EURUSD,USDJPY,200,2.0,0.0,5.0,240,42,0.941,-23.97,40.5,29,1.161,30.94,37.9
EURUSD,USDJPY,200,2.0,0.0,5.0,480,28,0.431,-324.86,32.1,20,1.696,82.27,45.0
EURUSD,USDJPY,200,2.0,0.5,3.5,240,107,0.848,-69.78,28.0,105,0.819,-42.57,23.8
EURUSD,USDJPY,200,2.0,0.5,3.5,480,107,0.835,-76.79,28.0,105,0.806,-45.95,22.9
EURUSD,USDJPY,200,2.0,0.5,5.0,240,58,0.923,-29.29,44.8,42,0.951,-10.41,45.2
EURUSD,USDJPY,200,2.0,0.5,5.0,480,58,0.906,-36.31,44.8,41,0.918,-17.56,43.9
EURUSD,USDJPY,200,2.0,1.0,3.5,240,109,1.029,10.09,33.0,109,0.74,-64.42,22.9
EURUSD,USDJPY,200,2.0,1.0,3.5,480,109,1.029,10.09,33.0,109,0.724,-68.44,22.0
EURUSD,USDJPY,200,2.0,1.0,5.0,240,60,1.188,50.73,53.3,45,0.839,-36.11,44.4
EURUSD,USDJPY,200,2.0,1.0,5.0,480,60,1.188,50.73,53.3,45,0.821,-40.12,42.2
EURUSD,USDJPY,200,2.5,0.0,3.5,240,84,1.262,103.48,25.0,85,1.1,18.64,15.3
EURUSD,USDJPY,200,2.5,0.0,3.5,480,71,2.126,289.45,25.4,78,0.285,-169.04,9.0
EURUSD,USDJPY,200,2.5,0.0,5.0,240,36,1.405,118.9,44.4,24,1.085,14.49,33.3
EURUSD,USDJPY,200,2.5,0.0,5.0,480,26,1.22,71.75,42.3,18,0.132,-228.4,22.2
EURUSD,USDJPY,200,2.5,0.5,3.5,240,94,1.178,59.56,27.7,95,0.981,-3.05,18.9
EURUSD,USDJPY,200,2.5,0.5,3.5,480,94,1.159,54.1,27.7,95,0.991,-1.36,18.9
EURUSD,USDJPY,200,2.5,0.5,5.0,240,45,1.379,100.04,48.9,31,1.21,28.55,45.2
EURUSD,USDJPY,200,2.5,0.5,5.0,480,45,1.351,94.58,48.9,31,1.198,26.94,45.2
EURUSD,USDJPY,200,2.5,1.0,3.5,240,95,1.316,79.66,31.6,97,0.794,-40.5,17.5
EURUSD,USDJPY,200,2.5,1.0,3.5,480,95,1.316,79.66,31.6,97,0.798,-39.44,17.5
EURUSD,USDJPY,200,2.5,1.0,5.0,240,46,1.678,120.3,56.5,33,0.929,-12.22,42.4
EURUSD,USDJPY,200,2.5,1.0,5.0,480,46,1.678,120.3,56.5,33,0.935,-11.16,42.4
EURUSD,USDJPY,200,3.0,0.0,3.5,240,68,0.77,-63.47,14.7,80,0.841,-17.25,11.2
EURUSD,USDJPY,200,3.0,0.0,3.5,480,65,1.121,28.15,15.4,77,0.381,-102.37,7.8
EURUSD,USDJPY,200,3.0,0.5,3.5,240,75,0.615,-92.85,14.7,85,0.686,-38.86,12.9
EURUSD,USDJPY,200,3.0,0.5,3.5,480,75,0.615,-92.85,14.7,85,0.699,-37.25,12.9
EURUSD,USDJPY,200,3.0,0.5,5.0,240,26,0.691,-52.1,34.6,21,0.93,-7.44,33.3
EURUSD,USDJPY,200,3.0,0.5,5.0,480,26,0.691,-52.1,34.6,21,0.915,-9.0,33.3
EURUSD,USDJPY,200,3.0,1.0,3.5,240,75,0.451,-132.34,13.3,85,0.459,-74.37,11.8
EURUSD,USDJPY,200,3.0,1.0,3.5,480,75,0.451,-132.34,13.3,85,0.459,-74.37,11.8
EURUSD,USDJPY,200,3.0,1.0,5.0,240,26,0.443,-91.61,30.8,21,0.627,-46.13,33.3
EURUSD,USDJPY,200,3.0,1.0,5.0,480,26,0.443,-91.61,30.8,21,0.627,-46.13,33.3
EURUSD,USDJPY,300,1.5,0.0,3.5,240,133,1.294,108.9,20.3,57,1.193,41.97,28.1
EURUSD,USDJPY,300,1.5,0.0,3.5,480,115,0.932,-20.58,11.3,47,1.985,116.3,23.4
EURUSD,USDJPY,300,1.5,0.0,5.0,240,50,1.243,88.33,46.0,25,1.353,68.48,60.0
EURUSD,USDJPY,300,1.5,0.0,5.0,480,34,1.045,11.36,38.2,14,1.028,4.74,50.0
EURUSD,USDJPY,300,1.5,0.5,3.5,240,143,1.276,99.03,19.6,60,1.072,15.81,26.7
EURUSD,USDJPY,300,1.5,0.5,3.5,480,138,1.278,95.49,18.8,60,1.004,0.78,26.7
EURUSD,USDJPY,300,1.5,0.5,5.0,240,59,1.482,141.21,44.1,27,1.269,51.88,51.9
EURUSD,USDJPY,300,1.5,0.5,5.0,480,54,1.497,137.67,44.4,27,1.183,35.34,51.9
EURUSD,USDJPY,300,1.5,1.0,3.5,240,145,0.92,-35.44,18.6,61,1.082,16.41,29.5
EURUSD,USDJPY,300,1.5,1.0,3.5,480,140,0.903,-42.19,17.1,61,1.065,12.98,29.5
EURUSD,USDJPY,300,1.5,1.0,5.0,240,61,1.017,6.73,41.0,28,1.3,52.27,57.1
EURUSD,USDJPY,300,1.5,1.0,5.0,480,56,1.0,-0.02,39.3,28,1.273,47.53,57.1
EURUSD,USDJPY,300,2.0,0.0,3.5,240,125,1.553,147.55,14.4,53,1.5,78.26,28.3
EURUSD,USDJPY,300,2.0,0.0,3.5,480,113,1.936,182.06,14.2,46,0.898,-19.46,21.7
EURUSD,USDJPY,300,2.0,0.0,5.0,240,41,1.658,147.72,41.5,21,1.77,101.75,61.9
EURUSD,USDJPY,300,2.0,0.0,5.0,480,30,2.415,159.75,43.3,13,1.117,19.4,61.5
EURUSD,USDJPY,300,2.0,0.5,3.5,240,131,1.75,166.03,17.6,57,0.534,-109.76,22.8
EURUSD,USDJPY,300,2.0,0.5,3.5,480,131,1.432,110.71,16.8,57,0.492,-120.34,21.1
EURUSD,USDJPY,300,2.0,0.5,5.0,240,47,2.271,208.2,48.9,24,0.653,-73.88,45.8
EURUSD,USDJPY,300,2.0,0.5,5.0,480,47,1.769,152.88,46.8,24,0.599,-85.8,41.7
EURUSD,USDJPY,300,2.0,1.0,3.5,240,131,0.971,-8.97,16.0,58,0.567,-93.96,27.6
EURUSD,USDJPY,300,2.0,1.0,3.5,480,131,0.842,-54.58,15.3,58,0.567,-93.96,27.6
EURUSD,USDJPY,300,2.0,1.0,5.0,240,47,1.132,33.2,42.6,25,0.699,-58.29,56.0
EURUSD,USDJPY,300,2.0,1.0,5.0,480,47,0.957,-12.4,40.4,25,0.693,-59.43,56.0
EURUSD,USDJPY,300,2.5,0.0,3.5,240,119,1.25,58.85,13.4,46,2.576,120.11,28.3
EURUSD,USDJPY,300,2.5,0.0,3.5,480,112,0.915,-23.85,11.6,43,1.114,15.04,16.3
EURUSD,USDJPY,300,2.5,0.0,5.0,240,35,1.604,109.13,37.1,14,3.526,141.22,78.6
EURUSD,USDJPY,300,2.5,0.5,3.5,240,119,1.112,25.71,11.8,49,0.989,-1.29,24.5
EURUSD,USDJPY,300,2.5,0.5,3.5,480,119,0.995,-1.25,10.9,49,0.954,-5.22,24.5
EURUSD,USDJPY,300,2.5,0.5,5.0,240,35,1.382,67.94,34.3,16,1.374,34.01,62.5
EURUSD,USDJPY,300,2.5,0.5,5.0,480,35,1.202,40.98,31.4,16,1.322,29.32,62.5
EURUSD,USDJPY,300,2.5,1.0,3.5,240,119,0.552,-135.86,10.9,49,1.138,13.04,24.5
EURUSD,USDJPY,300,2.5,1.0,3.5,480,119,0.504,-162.72,10.1,49,1.138,13.04,24.5
EURUSD,USDJPY,300,2.5,1.0,5.0,240,35,0.626,-93.61,28.6,16,1.673,48.12,62.5
EURUSD,USDJPY,300,2.5,1.0,5.0,480,35,0.562,-120.47,25.7,16,1.665,47.57,62.5
EURUSD,USDJPY,300,3.0,0.0,3.5,240,109,1.246,37.52,9.2,42,2.516,87.27,23.8
EURUSD,USDJPY,300,3.0,0.0,3.5,480,108,1.547,69.45,10.2,40,2.685,101.17,20.0
EURUSD,USDJPY,300,3.0,0.5,3.5,240,109,0.936,-9.19,7.3,43,1.351,21.82,23.3
EURUSD,USDJPY,300,3.0,0.5,3.5,480,109,0.936,-9.19,7.3,43,1.351,21.82,23.3
EURUSD,USDJPY,300,3.0,1.0,3.5,240,109,0.546,-72.26,7.3,43,1.751,31.92,23.3
EURUSD,USDJPY,300,3.0,1.0,3.5,480,109,0.546,-72.26,7.3,43,1.751,31.92,23.3
EURUSD,USDJPY,500,1.5,0.0,3.5,240,126,1.182,55.68,18.3,82,0.591,-93.9,11.0
EURUSD,USDJPY,500,1.5,0.0,3.5,480,119,1.261,93.26,12.6,75,0.629,-77.11,8.0
EURUSD,USDJPY,500,1.5,0.0,5.0,240,49,1.501,115.89,42.9,36,0.383,-136.88,16.7
EURUSD,USDJPY,500,1.5,0.0,5.0,480,39,1.033,11.65,23.1,28,1.043,7.39,21.4
EURUSD,USDJPY,500,1.5,0.5,3.5,240,129,1.113,30.76,17.8,84,0.599,-88.78,13.1
EURUSD,USDJPY,500,1.5,0.5,3.5,480,125,1.241,67.97,16.0,80,0.585,-84.52,12.5
EURUSD,USDJPY,500,1.5,0.5,5.0,240,50,1.562,110.91,44.0,37,0.677,-58.35,27.0
EURUSD,USDJPY,500,1.5,0.5,5.0,480,45,1.713,155.26,37.8,32,0.63,-64.28,25.0
EURUSD,USDJPY,500,1.5,1.0,3.5,240,129,0.964,-10.35,17.1,84,0.564,-88.16,13.1
EURUSD,USDJPY,500,1.5,1.0,3.5,480,126,0.994,-1.87,15.1,80,0.554,-82.02,11.2
EURUSD,USDJPY,500,1.5,1.0,5.0,240,50,1.347,71.31,44.0,37,0.632,-61.91,27.0
EURUSD,USDJPY,500,1.5,1.0,5.0,480,46,1.377,85.36,39.1,32,0.599,-61.79,21.9
EURUSD,USDJPY,500,2.0,0.0,3.5,240,119,0.909,-21.2,12.6,77,0.637,-54.94,7.8
EURUSD,USDJPY,500,2.0,0.0,3.5,480,115,0.756,-72.85,11.3,74,0.571,-70.53,10.8
EURUSD,USDJPY,500,2.0,0.0,5.0,240,41,1.108,16.01,29.3,29,0.672,-38.6,13.8
EURUSD,USDJPY,500,2.0,0.0,5.0,480,35,0.885,-26.14,25.7,26,0.619,-54.55,23.1
EURUSD,USDJPY,500,2.0,0.5,3.5,240,121,0.955,-9.26,12.4,77,0.642,-50.04,7.8
EURUSD,USDJPY,500,2.0,0.5,3.5,480,120,0.969,-7.83,13.3,77,0.543,-78.2,10.4
EURUSD,USDJPY,500,2.0,0.5,5.0,240,42,1.473,64.85,31.0,29,0.727,-28.87,13.8
EURUSD,USDJPY,500,2.0,0.5,5.0,480,40,1.422,79.47,32.5,29,0.594,-57.97,20.7
EURUSD,USDJPY,500,2.0,1.0,3.5,240,121,0.821,-38.97,13.2,77,0.629,-51.98,9.1
EURUSD,USDJPY,500,2.0,1.0,3.5,480,120,0.844,-35.28,12.5,77,0.55,-64.39,9.1
EURUSD,USDJPY,500,2.0,1.0,5.0,240,42,1.261,38.35,35.7,29,0.708,-32.81,17.2
EURUSD,USDJPY,500,2.0,1.0,5.0,480,40,1.334,51.95,35.0,29,0.615,-44.16,17.2
EURUSD,USDJPY,500,2.5,0.0,3.5,240,112,0.378,-148.16,7.1,72,0.72,-24.33,6.9
EURUSD,USDJPY,500,2.5,0.0,3.5,480,111,0.221,-215.7,7.2,69,0.569,-47.0,5.8
EURUSD,USDJPY,500,2.5,0.0,5.0,240,34,0.355,-101.61,20.6,24,0.93,-3.7,16.7
EURUSD,USDJPY,500,2.5,0.0,5.0,480,31,0.186,-180.25,16.1,22,0.655,-27.83,13.6
EURUSD,USDJPY,500,2.5,0.5,3.5,240,114,0.38,-125.66,7.0,73,0.737,-20.81,8.2
EURUSD,USDJPY,500,2.5,0.5,3.5,480,114,0.376,-142.47,7.9,73,0.847,-11.57,9.6
EURUSD,USDJPY,500,2.5,0.5,5.0,240,34,0.409,-77.17,20.6,25,1.103,4.65,20.0
EURUSD,USDJPY,500,2.5,0.5,5.0,480,34,0.665,-55.16,23.5,25,1.178,8.63,24.0
EURUSD,USDJPY,500,2.5,1.0,3.5,240,114,0.309,-160.1,7.0,73,0.643,-30.59,6.8
EURUSD,USDJPY,500,2.5,1.0,3.5,480,114,0.306,-165.48,7.0,73,0.645,-30.39,6.8
EURUSD,USDJPY,500,2.5,1.0,5.0,240,34,0.307,-107.07,20.6,25,0.828,-9.97,16.0
EURUSD,USDJPY,500,2.5,1.0,5.0,480,34,0.536,-78.23,23.5,25,0.825,-10.19,16.0
EURUSD,USDJPY,500,3.0,0.0,3.5,240,109,0.721,-40.57,7.3,67,0.414,-37.96,4.5
EURUSD,USDJPY,500,3.0,0.0,3.5,480,109,0.169,-176.09,6.4,67,0.516,-37.68,3.0
EURUSD,USDJPY,500,3.0,0.0,5.0,240,29,1.004,0.29,20.7,19,0.227,-23.89,10.5
EURUSD,USDJPY,500,3.0,0.0,5.0,480,29,0.069,-162.98,10.3,19,0.658,-18.98,5.3
EURUSD,USDJPY,500,3.0,0.5,3.5,240,111,0.657,-44.7,7.2,68,0.248,-57.72,2.9
EURUSD,USDJPY,500,3.0,0.5,3.5,480,111,0.611,-55.78,8.1,68,0.259,-54.41,2.9
EURUSD,USDJPY,500,3.0,0.5,5.0,240,31,1.194,13.13,22.6,20,0.095,-38.82,5.0
EURUSD,USDJPY,500,3.0,0.5,5.0,480,31,1.351,31.49,25.8,20,0.259,-34.22,5.0
EURUSD,USDJPY,500,3.0,1.0,3.5,240,111,0.469,-87.69,7.2,68,0.284,-52.38,2.9
EURUSD,USDJPY,500,3.0,1.0,3.5,480,111,0.474,-82.84,7.2,68,0.284,-52.38,2.9
EURUSD,USDJPY,500,3.0,1.0,5.0,240,31,0.693,-29.9,22.6,20,0.299,-32.19,5.0
EURUSD,USDJPY,500,3.0,1.0,5.0,480,31,1.045,4.38,25.8,20,0.299,-32.19,5.0
AUDUSD,USDCAD,200,1.5,0.0,3.5,240,101,0.526,-177.93,19.8,77,0.767,-45.98,20.8
AUDUSD,USDCAD,200,1.5,0.0,3.5,480,81,0.896,-31.26,13.6,63,0.661,-60.49,11.1
AUDUSD,USDCAD,200,1.5,0.0,5.0,240,43,0.806,-51.12,41.9,35,0.911,-13.91,42.9
AUDUSD,USDCAD,200,1.5,0.5,3.5,240,129,0.882,-46.64,24.0,89,0.664,-70.05,27.0
AUDUSD,USDCAD,200,1.5,0.5,3.5,480,129,0.899,-39.4,24.8,87,0.589,-91.82,25.3
AUDUSD,USDCAD,200,1.5,0.5,5.0,240,67,0.986,-4.97,41.8,45,0.812,-30.87,51.1
AUDUSD,USDCAD,200,1.5,0.5,5.0,480,67,1.007,2.27,43.3,43,0.706,-52.63,48.8
AUDUSD,USDCAD,200,1.5,1.0,3.5,240,132,0.843,-60.52,27.3,94,0.539,-93.91,26.6
AUDUSD,USDCAD,200,1.5,1.0,3.5,480,132,0.84,-61.64,27.3,92,0.506,-100.02,25.0
AUDUSD,USDCAD,200,1.5,1.0,5.0,240,70,0.944,-18.82,47.1,50,0.65,-54.73,50.0
AUDUSD,USDCAD,200,1.5,1.0,5.0,480,70,0.941,-19.94,47.1,48,0.609,-60.84,47.9
AUDUSD,USDCAD,200,2.0,0.0,3.5,240,94,0.705,-92.5,22.3,74,0.811,-32.38,18.9
AUDUSD,USDCAD,200,2.0,0.0,3.5,480,79,0.696,-91.18,10.1,63,0.563,-76.72,11.1
AUDUSD,USDCAD,200,2.0,0.0,5.0,240,34,0.931,-16.19,52.9,31,1.008,1.09,45.2
AUDUSD,USDCAD,200,2.0,0.5,3.5,240,110,0.793,-58.39,20.9,81,0.597,-75.76,21.0
AUDUSD,USDCAD,200,2.0,0.5,3.5,480,110,0.796,-57.16,21.8,80,0.514,-101.15,18.8
AUDUSD,USDCAD,200,2.0,0.5,5.0,240,48,0.927,-16.72,41.7,37,0.757,-36.56,43.2
AUDUSD,USDCAD,200,2.0,0.5,5.0,480,48,0.931,-15.49,43.8,36,0.636,-61.95,38.9
AUDUSD,USDCAD,200,2.0,1.0,3.5,240,110,0.752,-65.72,22.7,83,0.538,-72.57,20.5
AUDUSD,USDCAD,200,2.0,1.0,3.5,480,110,0.742,-67.73,23.6,82,0.499,-79.15,18.3
AUDUSD,USDCAD,200,2.0,1.0,5.0,240,48,0.888,-24.01,45.8,39,0.718,-33.38,43.6
AUDUSD,USDCAD,200,2.0,1.0,5.0,480,48,0.877,-26.02,47.9,38,0.664,-39.96,39.5
AUDUSD,USDCAD,200,2.5,0.0,3.5,240,85,0.8,-38.78,22.4,68,0.429,-109.02,10.3
AUDUSD,USDCAD,200,2.5,0.0,3.5,480,76,0.623,-88.12,7.9,63,0.3,-129.51,7.9
AUDUSD,USDCAD,200,2.5,0.0,5.0,240,25,1.14,19.69,68.0,24,0.563,-68.81,29.2
AUDUSD,USDCAD,200,2.5,0.5,3.5,240,93,0.793,-36.66,19.4,71,0.356,-99.12,14.1
AUDUSD,USDCAD,200,2.5,0.5,3.5,480,93,0.832,-29.76,19.4,71,0.356,-99.12,14.1
AUDUSD,USDCAD,200,2.5,0.5,5.0,240,31,1.041,5.01,48.4,27,0.515,-59.9,37.0
AUDUSD,USDCAD,200,2.5,0.5,5.0,480,31,1.098,11.91,48.4,27,0.515,-59.9,37.0
AUDUSD,USDCAD,200,2.5,1.0,3.5,240,93,0.8,-31.81,21.5,71,0.288,-94.78,9.9
AUDUSD,USDCAD,200,2.5,1.0,3.5,480,93,0.845,-24.66,21.5,71,0.288,-94.78,9.9
AUDUSD,USDCAD,200,2.5,1.0,5.0,240,31,1.093,9.9,54.8,27,0.46,-55.57,25.9
AUDUSD,USDCAD,200,2.5,1.0,5.0,480,31,1.161,17.05,54.8,27,0.46,-55.57,25.9
AUDUSD,USDCAD,200,3.0,0.0,3.5,240,78,1.174,24.08,15.4,65,0.243,-133.21,7.7
AUDUSD,USDCAD,200,3.0,0.0,3.5,480,72,0.849,-25.74,8.3,62,0.263,-107.85,6.5
AUDUSD,USDCAD,200,3.0,0.5,3.5,240,82,0.733,-31.4,12.2,65,0.205,-99.01,7.7
AUDUSD,USDCAD,200,3.0,0.5,3.5,480,82,0.733,-31.4,12.2,65,0.205,-99.01,7.7
AUDUSD,USDCAD,200,3.0,1.0,3.5,240,82,0.671,-38.8,14.6,65,0.22,-85.12,7.7
AUDUSD,USDCAD,200,3.0,1.0,3.5,480,82,0.671,-38.8,14.6,65,0.22,-85.12,7.7
AUDUSD,USDCAD,300,1.5,0.0,3.5,240,56,1.091,23.87,30.4,45,0.782,-50.16,26.7
AUDUSD,USDCAD,300,1.5,0.0,3.5,480,41,1.662,99.69,36.6,36,0.898,-17.61,19.4
AUDUSD,USDCAD,300,1.5,0.0,5.0,240,39,0.92,-22.72,43.6,24,1.055,9.59,54.2
AUDUSD,USDCAD,300,1.5,0.5,3.5,240,70,0.727,-80.86,38.6,53,0.716,-62.97,32.1
AUDUSD,USDCAD,300,1.5,0.5,3.5,480,69,0.776,-60.37,37.7,52,0.705,-65.3,30.8
AUDUSD,USDCAD,300,1.5,0.5,5.0,240,51,0.762,-68.27,49.0,32,0.762,-48.98,53.1
AUDUSD,USDCAD,300,1.5,0.5,5.0,480,50,0.816,-47.78,48.0,31,0.751,-51.32,51.6
AUDUSD,USDCAD,300,1.5,1.0,3.5,240,70,0.722,-77.33,40.0,53,0.798,-39.74,32.1
AUDUSD,USDCAD,300,1.5,1.0,3.5,480,70,0.722,-77.33,40.0,52,0.79,-41.42,30.8
AUDUSD,USDCAD,300,1.5,1.0,5.0,240,51,0.759,-64.74,51.0,32,0.858,-25.75,53.1
AUDUSD,USDCAD,300,1.5,1.0,5.0,480,51,0.759,-64.74,51.0,31,0.849,-27.43,51.6
AUDUSD,USDCAD,300,2.0,0.0,3.5,240,46,0.869,-28.74,23.9,39,0.729,-46.4,25.6
AUDUSD,USDCAD,300,2.0,0.0,3.5,480,37,0.891,-20.33,24.3,32,0.429,-120.27,12.5
AUDUSD,USDCAD,300,2.0,0.0,5.0,240,27,0.842,-34.16,37.0,18,1.118,13.95,61.1
AUDUSD,USDCAD,300,2.0,0.5,3.5,240,50,0.917,-14.31,36.0,42,0.731,-44.4,31.0
AUDUSD,USDCAD,300,2.0,0.5,3.5,480,50,0.857,-26.51,36.0,42,0.81,-31.36,31.0
AUDUSD,USDCAD,300,2.0,0.5,5.0,240,31,0.989,-1.72,54.8,21,0.797,-30.41,61.9
AUDUSD,USDCAD,300,2.0,0.5,5.0,480,31,0.921,-13.93,54.8,21,0.884,-17.37,61.9
AUDUSD,USDCAD,300,2.0,1.0,3.5,240,51,0.903,-15.27,35.3,42,0.844,-23.48,28.6
AUDUSD,USDCAD,300,2.0,1.0,3.5,480,51,0.903,-15.27,35.3,42,0.919,-12.22,28.6
AUDUSD,USDCAD,300,2.0,1.0,5.0,240,32,0.982,-2.69,53.1,21,0.93,-9.49,57.1
AUDUSD,USDCAD,300,2.0,1.0,5.0,480,32,0.982,-2.69,53.1,21,1.013,1.76,57.1
AUDUSD,USDCAD,300,2.5,0.0,3.5,240,33,1.156,21.43,21.2,29,0.258,-105.18,6.9
AUDUSD,USDCAD,300,2.5,0.0,3.5,480,30,0.951,-4.76,23.3,28,0.754,-30.5,10.7
AUDUSD,USDCAD,300,2.5,0.5,3.5,240,36,0.858,-19.43,25.0,30,0.252,-94.1,10.0
AUDUSD,USDCAD,300,2.5,0.5,3.5,480,36,0.859,-19.19,25.0,30,0.252,-94.1,10.0
AUDUSD,USDCAD,300,2.5,1.0,3.5,240,36,0.785,-22.58,25.0,30,0.271,-83.0,6.7
AUDUSD,USDCAD,300,2.5,1.0,3.5,480,36,0.785,-22.58,25.0,30,0.271,-83.0,6.7
AUDUSD,USDCAD,300,3.0,0.0,3.5,240,27,1.375,17.38,18.5,28,0.244,-103.65,7.1
AUDUSD,USDCAD,300,3.0,0.0,3.5,480,27,1.867,38.3,22.2,27,0.763,-29.34,7.4
AUDUSD,USDCAD,300,3.0,0.5,3.5,240,27,0.383,-41.39,14.8,29,0.233,-93.56,6.9
AUDUSD,USDCAD,300,3.0,0.5,3.5,480,27,0.383,-41.39,14.8,29,0.233,-93.56,6.9
AUDUSD,USDCAD,300,3.0,1.0,3.5,240,27,0.334,-34.53,14.8,29,0.272,-78.02,6.9
AUDUSD,USDCAD,300,3.0,1.0,3.5,480,27,0.334,-34.53,14.8,29,0.272,-78.02,6.9
AUDUSD,USDCAD,500,1.5,0.0,3.5,240,65,1.427,68.04,29.2,67,0.545,-98.5,10.4
AUDUSD,USDCAD,500,1.5,0.0,3.5,480,55,0.713,-63.72,20.0,60,0.109,-222.5,3.3
AUDUSD,USDCAD,500,1.5,0.0,5.0,240,30,1.653,95.23,56.7,20,0.633,-70.52,40.0
AUDUSD,USDCAD,500,1.5,0.5,3.5,240,67,1.302,55.5,28.4,68,0.322,-121.82,13.2
AUDUSD,USDCAD,500,1.5,0.5,3.5,480,62,1.89,106.06,27.4,66,0.363,-128.72,13.6
AUDUSD,USDCAD,500,1.5,0.5,5.0,240,31,1.562,87.22,58.1,20,0.492,-58.73,50.0
AUDUSD,USDCAD,500,1.5,0.5,5.0,480,26,2.629,141.48,61.5,18,0.514,-66.49,50.0
AUDUSD,USDCAD,500,1.5,1.0,3.5,240,68,0.984,-3.11,30.9,68,0.369,-95.39,14.7
AUDUSD,USDCAD,500,1.5,1.0,3.5,480,64,1.079,12.95,28.1,67,0.325,-114.64,14.9
AUDUSD,USDCAD,500,1.5,1.0,5.0,240,32,1.205,32.29,59.4,21,0.552,-44.66,52.4
AUDUSD,USDCAD,500,1.5,1.0,5.0,480,28,1.374,48.34,57.1,19,0.419,-70.01,47.4
AUDUSD,USDCAD,500,2.0,0.0,3.5,240,56,2.26,128.88,28.6,63,0.448,-104.43,7.9
AUDUSD,USDCAD,500,2.0,0.0,3.5,480,50,1.067,10.27,20.0,57,0.122,-221.29,1.8
AUDUSD,USDCAD,500,2.0,0.5,3.5,240,58,1.296,39.14,25.9,65,0.41,-102.27,10.8
AUDUSD,USDCAD,500,2.0,0.5,3.5,480,56,1.838,76.71,26.8,63,0.395,-118.49,9.5
AUDUSD,USDCAD,500,2.0,1.0,3.5,240,58,0.97,-4.28,25.9,65,0.421,-93.94,10.8
AUDUSD,USDCAD,500,2.0,1.0,3.5,480,57,1.232,25.88,28.1,65,0.415,-96.52,12.3
AUDUSD,USDCAD,500,2.5,0.0,3.5,240,49,2.173,86.69,26.5,55,0.0,-116.07,0.0
AUDUSD,USDCAD,500,2.5,0.0,3.5,480,46,0.869,-17.58,17.4,53,0.0,-100.82,0.0
AUDUSD,USDCAD,500,2.5,0.5,3.5,240,50,1.219,23.53,24.0,55,0.033,-108.7,1.8
AUDUSD,USDCAD,500,2.5,0.5,3.5,480,49,1.615,46.63,24.5,54,0.04,-89.38,1.9
AUDUSD,USDCAD,500,2.5,1.0,3.5,240,50,0.83,-22.21,22.0,55,0.09,-79.87,1.8
AUDUSD,USDCAD,500,2.5,1.0,3.5,480,49,0.969,-3.06,22.4,55,0.092,-79.32,3.6
AUDUSD,USDCAD,500,3.0,0.0,3.5,240,44,1.025,1.32,15.9,52,0.0,-80.38,0.0
AUDUSD,USDCAD,500,3.0,0.0,3.5,480,43,0.421,-54.71,9.3,51,0.0,-91.81,0.0
AUDUSD,USDCAD,500,3.0,0.5,3.5,240,45,0.473,-46.02,11.1,52,0.046,-67.52,1.9
AUDUSD,USDCAD,500,3.0,0.5,3.5,480,45,1.268,17.99,13.3,52,0.042,-74.03,1.9
AUDUSD,USDCAD,500,3.0,1.0,3.5,240,45,0.376,-65.98,13.3,52,0.0,-62.26,0.0
AUDUSD,USDCAD,500,3.0,1.0,3.5,480,45,0.862,-11.8,15.6,52,0.002,-58.72,1.9
USDCAD,USDCHF,200,1.5,0.0,3.5,240,141,0.908,-22.13,16.3,70,0.482,-77.01,18.6
USDCAD,USDCHF,200,1.5,0.0,3.5,480,123,0.879,-23.46,10.6,56,0.854,-9.41,17.9
USDCAD,USDCHF,200,1.5,0.0,5.0,240,45,1.1,19.36,42.2,26,0.507,-54.12,34.6
USDCAD,USDCHF,200,1.5,0.0,5.0,480,28,0.761,-38.89,39.3,15,0.284,-73.13,40.0
USDCAD,USDCHF,200,1.5,0.5,3.5,240,176,0.559,-156.16,21.6,88,0.46,-81.45,22.7
USDCAD,USDCHF,200,1.5,0.5,3.5,480,175,0.562,-154.48,21.7,87,0.467,-79.13,23.0
USDCAD,USDCHF,200,1.5,0.5,5.0,240,78,0.645,-107.64,43.6,42,0.574,-49.91,40.5
USDCAD,USDCHF,200,1.5,0.5,5.0,480,77,0.649,-105.96,44.2,41,0.592,-46.83,41.5
USDCAD,USDCHF,200,1.5,1.0,3.5,240,180,0.465,-210.88,19.4,90,0.466,-72.41,27.8
USDCAD,USDCHF,200,1.5,1.0,3.5,480,180,0.465,-210.88,19.4,90,0.466,-72.41,27.8
USDCAD,USDCHF,200,1.5,1.0,5.0,240,82,0.522,-162.36,37.8,44,0.617,-40.15,50.0
USDCAD,USDCHF,200,1.5,1.0,5.0,480,82,0.522,-162.36,37.8,44,0.617,-40.15,50.0
USDCAD,USDCHF,200,2.0,0.0,3.5,240,138,1.052,10.09,15.9,67,0.866,-14.85,19.4
USDCAD,USDCHF,200,2.0,0.0,3.5,480,121,1.264,45.02,8.3,55,0.602,-24.68,14.5
USDCAD,USDCHF,200,2.0,0.0,5.0,240,41,1.358,50.45,51.2,22,1.175,11.8,40.9
USDCAD,USDCHF,200,2.0,0.0,5.0,480,25,0.661,-52.68,40.0,13,1.371,13.62,46.2
USDCAD,USDCHF,200,2.0,0.5,3.5,240,155,0.568,-115.19,16.8,80,0.49,-71.06,23.8
USDCAD,USDCHF,200,2.0,0.5,3.5,480,155,0.568,-115.19,16.8,79,0.478,-70.76,22.8
USDCAD,USDCHF,200,2.0,0.5,5.0,240,57,0.693,-66.64,40.4,34,0.629,-38.95,50.0
USDCAD,USDCHF,200,2.0,0.5,5.0,480,57,0.693,-66.64,40.4,33,0.62,-38.48,48.5
USDCAD,USDCHF,200,2.0,1.0,3.5,240,158,0.535,-132.39,16.5,81,0.442,-68.52,22.2
USDCAD,USDCHF,200,2.0,1.0,3.5,480,158,0.535,-132.39,16.5,81,0.442,-68.52,22.2
USDCAD,USDCHF,200,2.0,1.0,5.0,240,60,0.639,-83.86,38.3,35,0.605,-36.27,42.9
USDCAD,USDCHF,200,2.0,1.0,5.0,480,60,0.639,-83.86,38.3,35,0.605,-36.27,42.9
USDCAD,USDCHF,200,2.5,0.0,3.5,240,131,0.437,-131.76,13.0,63,0.802,-20.58,19.0
USDCAD,USDCHF,200,2.5,0.0,3.5,480,120,1.81,100.02,10.0,55,0.669,-25.58,14.5
USDCAD,USDCHF,200,2.5,0.0,5.0,240,33,0.46,-98.35,42.4,19,1.464,27.16,57.9
USDCAD,USDCHF,200,2.5,0.5,3.5,240,138,0.445,-123.45,12.3,72,0.363,-74.41,16.7
USDCAD,USDCHF,200,2.5,0.5,3.5,480,138,0.445,-123.45,12.3,72,0.377,-70.17,16.7
USDCAD,USDCHF,200,2.5,0.5,5.0,240,40,0.572,-74.91,30.0,26,0.493,-42.22,38.5
USDCAD,USDCHF,200,2.5,0.5,5.0,480,40,0.572,-74.91,30.0,26,0.52,-37.98,38.5
USDCAD,USDCHF,200,2.5,1.0,3.5,240,139,0.442,-130.02,12.9,73,0.373,-60.61,16.4
USDCAD,USDCHF,200,2.5,1.0,3.5,480,139,0.442,-130.02,12.9,73,0.373,-60.61,16.4
USDCAD,USDCHF,200,2.5,1.0,5.0,240,41,0.555,-81.49,31.7,27,0.542,-28.42,40.7
USDCAD,USDCHF,200,2.5,1.0,5.0,480,41,0.555,-81.49,31.7,27,0.542,-28.42,40.7
USDCAD,USDCHF,200,3.0,0.0,3.5,240,121,0.661,-42.2,9.9,59,0.955,-3.46,13.6
USDCAD,USDCHF,200,3.0,0.0,3.5,480,117,1.359,39.6,8.5,54,0.889,-7.16,13.0
USDCAD,USDCHF,200,3.0,0.5,3.5,240,123,0.339,-104.79,8.1,61,0.521,-31.74,13.1
USDCAD,USDCHF,200,3.0,0.5,3.5,480,123,0.339,-104.79,8.1,61,0.566,-26.57,13.1
USDCAD,USDCHF,200,3.0,0.5,5.0,240,26,0.475,-59.29,26.9,15,1.014,0.46,53.3
USDCAD,USDCHF,200,3.0,0.5,5.0,480,26,0.475,-59.29,26.9,15,1.208,5.63,53.3
USDCAD,USDCHF,200,3.0,1.0,3.5,240,123,0.382,-94.15,7.3,62,0.493,-31.37,14.5
USDCAD,USDCHF,200,3.0,1.0,3.5,480,123,0.382,-94.15,7.3,62,0.493,-31.37,14.5
USDCAD,USDCHF,200,3.0,1.0,5.0,240,26,0.532,-48.66,26.9,16,1.029,0.82,56.2
USDCAD,USDCHF,200,3.0,1.0,5.0,480,26,0.532,-48.66,26.9,16,1.029,0.82,56.2
USDCAD,USDCHF,300,1.5,0.0,3.5,240,108,1.563,97.53,27.8,88,0.544,-57.7,11.4
USDCAD,USDCHF,300,1.5,0.0,3.5,480,88,0.595,-99.24,19.3,79,0.562,-44.14,11.4
USDCAD,USDCHF,300,1.5,0.0,5.0,240,40,2.76,177.19,65.0,36,0.571,-40.58,25.0
USDCAD,USDCHF,300,1.5,0.5,3.5,240,117,1.006,1.07,29.1,95,0.482,-83.47,12.6
USDCAD,USDCHF,300,1.5,0.5,3.5,480,113,0.977,-3.83,26.5,91,0.478,-75.48,13.2
USDCAD,USDCHF,300,1.5,0.5,5.0,240,48,1.536,64.55,60.4,43,0.523,-64.7,25.6
USDCAD,USDCHF,300,1.5,0.5,5.0,480,43,1.514,56.84,55.8,39,0.526,-56.36,28.2
USDCAD,USDCHF,300,1.5,1.0,3.5,240,118,0.884,-22.43,27.1,96,0.512,-71.08,14.6
USDCAD,USDCHF,300,1.5,1.0,3.5,480,118,0.879,-23.5,27.1,93,0.522,-68.32,15.1
USDCAD,USDCHF,300,1.5,1.0,5.0,240,49,1.322,40.43,51.0,44,0.562,-52.27,29.5
USDCAD,USDCHF,300,1.5,1.0,5.0,480,48,1.288,37.08,50.0,41,0.577,-49.17,31.7
USDCAD,USDCHF,300,2.0,0.0,3.5,240,100,1.643,94.57,25.0,84,0.539,-46.6,14.3
USDCAD,USDCHF,300,2.0,0.0,3.5,480,87,0.526,-121.4,16.1,78,0.545,-48.25,12.8
USDCAD,USDCHF,300,2.0,0.0,5.0,240,31,3.629,183.45,64.5,33,0.301,-70.5,27.3
USDCAD,USDCHF,300,2.0,0.5,3.5,240,111,1.015,2.67,26.1,89,0.703,-33.0,13.5
USDCAD,USDCHF,300,2.0,0.5,3.5,480,108,0.971,-4.94,25.9,88,0.612,-43.94,13.6
USDCAD,USDCHF,300,2.0,0.5,5.0,240,42,1.463,55.74,57.1,38,0.803,-17.84,28.9
USDCAD,USDCHF,300,2.0,0.5,5.0,480,38,1.504,55.73,60.5,36,0.72,-24.82,30.6
USDCAD,USDCHF,300,2.0,1.0,3.5,240,113,0.837,-30.22,22.1,90,0.583,-40.35,15.6
USDCAD,USDCHF,300,2.0,1.0,3.5,480,113,0.833,-31.21,22.1,89,0.558,-44.79,15.7
USDCAD,USDCHF,300,2.0,1.0,5.0,240,44,1.188,22.77,40.9,39,0.649,-27.41,33.3
USDCAD,USDCHF,300,2.0,1.0,5.0,480,43,1.24,29.31,41.9,37,0.664,-25.64,35.1
USDCAD,USDCHF,300,2.5,0.0,3.5,240,94,1.147,19.46,21.3,81,0.731,-25.03,9.9
USDCAD,USDCHF,300,2.5,0.0,3.5,480,83,0.722,-50.03,15.7,75,0.292,-69.31,8.0
USDCAD,USDCHF,300,2.5,0.5,3.5,240,95,0.733,-35.27,21.1,84,0.796,-16.98,10.7
USDCAD,USDCHF,300,2.5,0.5,3.5,480,94,0.798,-25.82,20.2,84,0.649,-31.18,10.7
USDCAD,USDCHF,300,2.5,0.5,5.0,240,26,1.277,20.04,57.7,32,0.977,-1.42,31.2
USDCAD,USDCHF,300,2.5,1.0,3.5,240,95,0.731,-37.16,18.9,84,0.731,-19.64,11.9
USDCAD,USDCHF,300,2.5,1.0,3.5,480,95,0.726,-38.17,18.9,84,0.649,-28.81,11.9
USDCAD,USDCHF,300,2.5,1.0,5.0,240,26,1.255,18.03,42.3,32,0.919,-4.05,34.4
USDCAD,USDCHF,300,2.5,1.0,5.0,480,25,1.303,22.35,44.0,32,0.826,-9.68,34.4
USDCAD,USDCHF,300,3.0,0.0,3.5,240,87,1.003,0.3,19.5,73,0.791,-12.17,8.2
USDCAD,USDCHF,300,3.0,0.0,3.5,480,80,0.608,-64.77,13.8,72,0.358,-45.62,5.6
USDCAD,USDCHF,300,3.0,0.5,3.5,240,87,0.674,-29.9,18.4,75,0.623,-21.14,6.7
USDCAD,USDCHF,300,3.0,0.5,3.5,480,87,0.7,-26.45,18.4,75,0.59,-24.23,6.7
USDCAD,USDCHF,300,3.0,1.0,3.5,240,87,0.597,-42.79,17.2,75,0.82,-10.1,9.3
USDCAD,USDCHF,300,3.0,1.0,3.5,480,87,0.594,-43.44,17.2,75,0.748,-15.46,9.3
USDCAD,USDCHF,500,1.5,0.0,3.5,240,126,0.715,-73.06,14.3,114,0.37,-99.4,8.8
USDCAD,USDCHF,500,1.5,0.0,3.5,480,117,0.471,-125.93,11.1,109,0.64,-45.11,7.3
USDCAD,USDCHF,500,1.5,0.0,5.0,240,35,1.024,3.79,42.9,31,0.958,-2.97,38.7
USDCAD,USDCHF,500,1.5,0.0,5.0,480,26,0.447,-70.63,34.6,24,2.286,49.53,37.5
USDCAD,USDCHF,500,1.5,0.5,3.5,240,130,0.763,-54.03,16.2,118,0.316,-119.3,9.3
USDCAD,USDCHF,500,1.5,0.5,3.5,480,126,0.853,-32.32,16.7,117,0.255,-142.56,7.7
USDCAD,USDCHF,500,1.5,0.5,5.0,240,39,1.366,46.11,46.2,32,0.549,-41.0,31.2
USDCAD,USDCHF,500,1.5,0.5,5.0,480,33,1.622,69.59,51.5,30,0.433,-59.03,26.7
USDCAD,USDCHF,500,1.5,1.0,3.5,240,131,0.716,-62.05,16.0,119,0.275,-135.59,9.2
USDCAD,USDCHF,500,1.5,1.0,3.5,480,127,0.713,-58.66,17.3,118,0.259,-135.11,8.5
USDCAD,USDCHF,500,1.5,1.0,5.0,240,40,1.343,37.65,47.5,33,0.469,-52.93,33.3
USDCAD,USDCHF,500,1.5,1.0,5.0,480,34,1.457,43.37,55.9,31,0.453,-51.57,32.3
USDCAD,USDCHF,500,2.0,0.0,3.5,240,122,0.607,-93.05,13.9,108,0.206,-123.97,3.7
USDCAD,USDCHF,500,2.0,0.0,3.5,480,116,0.779,-42.59,13.8,105,0.312,-81.18,5.7
USDCAD,USDCHF,500,2.0,0.0,5.0,240,29,0.884,-15.66,41.4,22,0.541,-23.99,18.2
USDCAD,USDCHF,500,2.0,0.5,3.5,240,123,0.686,-69.31,13.8,111,0.218,-125.08,4.5
USDCAD,USDCHF,500,2.0,0.5,3.5,480,122,0.811,-37.12,14.8,111,0.181,-151.15,3.6
USDCAD,USDCHF,500,2.0,0.5,5.0,240,30,1.198,22.45,40.0,24,0.459,-35.52,16.7
USDCAD,USDCHF,500,2.0,0.5,5.0,480,29,1.739,64.81,48.3,24,0.307,-67.65,12.5
USDCAD,USDCHF,500,2.0,1.0,3.5,240,123,0.644,-72.95,13.8,111,0.148,-130.04,5.4
USDCAD,USDCHF,500,2.0,1.0,3.5,480,122,0.632,-71.05,13.9,111,0.133,-137.86,4.5
USDCAD,USDCHF,500,2.0,1.0,5.0,240,30,1.256,24.45,43.3,24,0.312,-40.6,25.0
USDCAD,USDCHF,500,2.0,1.0,5.0,480,29,1.375,30.94,48.3,24,0.236,-54.35,20.8
USDCAD,USDCHF,500,2.5,0.0,3.5,240,115,0.863,-22.39,13.0,103,0.207,-106.33,2.9
USDCAD,USDCHF,500,2.5,0.0,3.5,480,113,0.695,-54.67,12.4,103,0.273,-85.57,3.9
USDCAD,USDCHF,500,2.5,0.5,3.5,240,115,0.781,-34.19,13.0,105,0.181,-105.71,3.8
USDCAD,USDCHF,500,2.5,0.5,3.5,480,115,0.909,-13.79,13.0,105,0.168,-115.19,3.8
USDCAD,USDCHF,500,2.5,1.0,3.5,240,115,0.719,-42.75,11.3,105,0.199,-96.95,4.8
USDCAD,USDCHF,500,2.5,1.0,3.5,480,115,0.68,-50.2,10.4,105,0.201,-95.61,4.8
USDCAD,USDCHF,500,3.0,0.0,3.5,240,105,0.217,-86.87,6.7,102,0.1,-113.52,2.0
USDCAD,USDCHF,500,3.0,0.0,3.5,480,104,0.32,-90.79,4.8,102,0.16,-89.0,2.9
USDCAD,USDCHF,500,3.0,0.5,3.5,240,105,0.146,-102.37,5.7,103,0.063,-113.34,1.9
USDCAD,USDCHF,500,3.0,0.5,3.5,480,105,0.323,-81.16,5.7,103,0.061,-116.44,1.9
USDCAD,USDCHF,500,3.0,1.0,3.5,240,105,0.117,-104.76,5.7,103,0.066,-109.82,1.9
USDCAD,USDCHF,500,3.0,1.0,3.5,480,105,0.114,-105.21,5.7,103,0.067,-108.47,1.9
AUDUSD,GBPUSD,200,1.5,0.0,3.5,240,157,0.593,-125.75,14.0,64,0.467,-78.27,18.8
AUDUSD,GBPUSD,200,1.5,0.0,3.5,480,134,0.653,-94.6,9.7,55,0.361,-69.79,14.5
AUDUSD,GBPUSD,200,1.5,0.0,5.0,240,42,1.225,37.9,61.9,28,0.808,-18.9,35.7
AUDUSD,GBPUSD,200,1.5,0.0,5.0,480,25,0.981,-3.32,52.0,18,0.588,-29.14,50.0
AUDUSD,GBPUSD,200,1.5,0.5,3.5,240,183,0.528,-154.76,18.0,79,0.443,-99.32,20.3
AUDUSD,GBPUSD,200,1.5,0.5,3.5,480,182,0.55,-141.53,18.1,79,0.442,-99.84,20.3
AUDUSD,GBPUSD,200,1.5,0.5,5.0,240,67,0.667,-79.87,43.3,40,0.481,-72.52,32.5
AUDUSD,GBPUSD,200,1.5,0.5,5.0,480,66,0.706,-66.64,43.9,40,0.479,-73.04,32.5
AUDUSD,GBPUSD,200,1.5,1.0,3.5,240,185,0.55,-131.93,20.0,81,0.431,-98.9,18.5
AUDUSD,GBPUSD,200,1.5,1.0,3.5,480,185,0.55,-131.93,20.0,81,0.431,-98.9,18.5
AUDUSD,GBPUSD,200,1.5,1.0,5.0,240,69,0.736,-57.04,50.7,42,0.472,-72.09,31.0
AUDUSD,GBPUSD,200,1.5,1.0,5.0,480,69,0.736,-57.04,50.7,42,0.472,-72.09,31.0
AUDUSD,GBPUSD,200,2.0,0.0,3.5,240,150,0.591,-100.8,13.3,63,0.517,-67.03,20.6
AUDUSD,GBPUSD,200,2.0,0.0,3.5,480,133,0.743,-55.58,9.8,55,0.395,-63.69,14.5
AUDUSD,GBPUSD,200,2.0,0.0,5.0,240,35,1.239,29.74,57.1,25,0.613,-39.13,40.0
AUDUSD,GBPUSD,200,2.0,0.5,3.5,240,170,0.537,-124.22,15.9,75,0.391,-105.82,20.0
AUDUSD,GBPUSD,200,2.0,0.5,3.5,480,169,0.567,-110.09,16.0,75,0.391,-105.82,20.0
AUDUSD,GBPUSD,200,2.0,0.5,5.0,240,54,0.737,-49.33,44.4,36,0.418,-79.02,33.3
AUDUSD,GBPUSD,200,2.0,0.5,5.0,480,53,0.797,-35.2,45.3,36,0.418,-79.02,33.3
AUDUSD,GBPUSD,200,2.0,1.0,3.5,240,170,0.507,-124.31,17.1,75,0.362,-97.12,17.3
AUDUSD,GBPUSD,200,2.0,1.0,3.5,480,170,0.507,-124.31,17.1,75,0.362,-97.12,17.3
AUDUSD,GBPUSD,200,2.0,1.0,5.0,240,54,0.72,-49.42,50.0,36,0.39,-70.32,30.6
AUDUSD,GBPUSD,200,2.0,1.0,5.0,480,54,0.72,-49.42,50.0,36,0.39,-70.32,30.6
AUDUSD,GBPUSD,200,2.5,0.0,3.5,240,142,0.705,-57.71,12.0,60,0.375,-88.56,15.0
AUDUSD,GBPUSD,200,2.5,0.0,3.5,480,131,0.66,-67.14,7.6,53,0.363,-57.48,11.3
AUDUSD,GBPUSD,200,2.5,0.0,5.0,240,27,0.785,-28.32,51.9,23,0.754,-21.85,43.5
AUDUSD,GBPUSD,200,2.5,0.5,3.5,240,151,0.478,-105.56,13.2,67,0.286,-100.53,14.9
AUDUSD,GBPUSD,200,2.5,0.5,3.5,480,150,0.462,-107.69,12.7,67,0.286,-100.53,14.9
AUDUSD,GBPUSD,200,2.5,0.5,5.0,240,35,0.75,-30.66,45.7,28,0.285,-73.72,21.4
AUDUSD,GBPUSD,200,2.5,0.5,5.0,480,34,0.728,-32.79,44.1,28,0.285,-73.72,21.4
AUDUSD,GBPUSD,200,2.5,1.0,3.5,240,151,0.445,-96.13,13.9,67,0.249,-95.96,14.9
AUDUSD,GBPUSD,200,2.5,1.0,3.5,480,151,0.445,-96.13,13.9,67,0.249,-95.96,14.9
AUDUSD,GBPUSD,200,2.5,1.0,5.0,240,35,0.785,-21.24,51.4,28,0.236,-69.16,28.6
AUDUSD,GBPUSD,200,2.5,1.0,5.0,480,35,0.785,-21.24,51.4,28,0.236,-69.16,28.6
AUDUSD,GBPUSD,200,3.0,0.0,3.5,240,139,0.252,-165.37,7.9,58,0.15,-127.86,10.3
AUDUSD,GBPUSD,200,3.0,0.0,3.5,480,129,0.334,-151.35,7.0,53,0.322,-59.98,9.4
AUDUSD,GBPUSD,200,3.0,0.5,3.5,240,140,0.415,-88.36,10.0,62,0.197,-93.32,9.7
AUDUSD,GBPUSD,200,3.0,0.5,3.5,480,139,0.392,-96.11,9.4,62,0.197,-93.32,9.7
AUDUSD,GBPUSD,200,3.0,1.0,3.5,240,140,0.266,-96.48,9.3,62,0.241,-77.74,11.3
AUDUSD,GBPUSD,200,3.0,1.0,3.5,480,140,0.266,-96.48,9.3,62,0.241,-77.74,11.3
AUDUSD,GBPUSD,300,1.5,0.0,3.5,240,105,0.66,-84.7,21.0,86,0.831,-23.41,15.1
AUDUSD,GBPUSD,300,1.5,0.0,3.5,480,88,0.434,-137.81,10.2,73,0.752,-24.34,6.8
AUDUSD,GBPUSD,300,1.5,0.0,5.0,240,40,0.928,-14.43,50.0,37,1.273,23.13,37.8
AUDUSD,GBPUSD,300,1.5,0.0,5.0,480,25,0.727,-54.43,40.0,26,1.892,36.56,23.1
AUDUSD,GBPUSD,300,1.5,0.5,3.5,240,112,0.753,-50.87,21.4,92,0.635,-50.71,15.2
AUDUSD,GBPUSD,300,1.5,0.5,3.5,480,109,0.771,-44.4,22.0,92,0.623,-53.43,15.2
AUDUSD,GBPUSD,300,1.5,0.5,5.0,240,46,0.841,-28.92,45.7,43,0.742,-28.55,30.2
AUDUSD,GBPUSD,300,1.5,0.5,5.0,480,43,0.867,-22.44,48.8,43,0.724,-31.27,30.2
AUDUSD,GBPUSD,300,1.5,1.0,3.5,240,112,0.698,-54.22,23.2,92,0.636,-47.28,17.4
AUDUSD,GBPUSD,300,1.5,1.0,3.5,480,110,0.698,-51.63,22.7,92,0.626,-49.37,17.4
AUDUSD,GBPUSD,300,1.5,1.0,5.0,240,46,0.792,-32.27,54.3,43,0.754,-25.12,37.2
AUDUSD,GBPUSD,300,1.5,1.0,5.0,480,44,0.798,-29.68,54.5,43,0.739,-27.2,37.2
AUDUSD,GBPUSD,300,2.0,0.0,3.5,240,102,0.722,-62.07,19.6,80,0.467,-68.58,11.2
AUDUSD,GBPUSD,300,2.0,0.0,3.5,480,85,0.733,-46.49,12.9,73,1.01,0.84,8.2
AUDUSD,GBPUSD,300,2.0,0.0,5.0,240,36,0.985,-2.58,52.8,31,0.661,-27.39,29.0
AUDUSD,GBPUSD,300,2.0,0.5,3.5,240,108,0.691,-62.44,18.5,84,0.403,-80.3,14.3
AUDUSD,GBPUSD,300,2.0,0.5,3.5,480,105,0.701,-55.78,19.0,84,0.404,-79.6,14.3
AUDUSD,GBPUSD,300,2.0,0.5,5.0,240,42,0.774,-40.48,42.9,35,0.456,-58.13,25.7
AUDUSD,GBPUSD,300,2.0,0.5,5.0,480,39,0.793,-33.82,46.2,35,0.456,-57.44,25.7
AUDUSD,GBPUSD,300,2.0,1.0,3.5,240,108,0.615,-71.36,19.4,84,0.436,-69.23,14.3
AUDUSD,GBPUSD,300,2.0,1.0,3.5,480,106,0.607,-68.49,18.9,84,0.426,-71.97,14.3
AUDUSD,GBPUSD,300,2.0,1.0,5.0,240,42,0.696,-49.41,47.6,35,0.507,-47.06,28.6
AUDUSD,GBPUSD,300,2.0,1.0,5.0,480,40,0.693,-46.54,47.5,35,0.493,-49.81,28.6
AUDUSD,GBPUSD,300,2.5,0.0,3.5,240,97,0.436,-128.95,16.5,76,0.429,-66.84,9.2
AUDUSD,GBPUSD,300,2.5,0.0,3.5,480,85,0.414,-107.1,11.8,73,1.051,4.19,8.2
AUDUSD,GBPUSD,300,2.5,0.0,5.0,240,31,0.579,-77.86,45.2,27,0.503,-41.58,22.2
AUDUSD,GBPUSD,300,2.5,0.5,3.5,240,99,0.524,-79.76,14.1,78,0.447,-54.15,10.3
AUDUSD,GBPUSD,300,2.5,0.5,3.5,480,98,0.508,-79.35,14.3,78,0.443,-54.98,10.3
AUDUSD,GBPUSD,300,2.5,0.5,5.0,240,33,0.601,-57.8,36.4,29,0.542,-31.99,20.7
AUDUSD,GBPUSD,300,2.5,0.5,5.0,480,32,0.586,-57.39,37.5,29,0.536,-32.82,20.7
AUDUSD,GBPUSD,300,2.5,1.0,3.5,240,99,0.375,-98.45,14.1,78,0.394,-59.61,9.0
AUDUSD,GBPUSD,300,2.5,1.0,3.5,480,99,0.391,-91.99,14.1,78,0.376,-64.32,9.0
AUDUSD,GBPUSD,300,2.5,1.0,5.0,240,33,0.437,-76.49,42.4,29,0.472,-37.44,20.7
AUDUSD,GBPUSD,300,2.5,1.0,5.0,480,33,0.459,-70.03,42.4,29,0.442,-42.15,20.7
AUDUSD,GBPUSD,300,3.0,0.0,3.5,240,83,0.363,-89.19,10.8,72,0.209,-80.43,6.9
AUDUSD,GBPUSD,300,3.0,0.0,3.5,480,81,0.399,-98.36,9.9,69,0.866,-8.01,5.8
AUDUSD,GBPUSD,300,3.0,0.5,3.5,240,84,0.377,-68.54,8.3,72,0.304,-54.41,8.3
AUDUSD,GBPUSD,300,3.0,0.5,3.5,480,84,0.377,-68.54,8.3,72,0.298,-55.9,8.3
AUDUSD,GBPUSD,300,3.0,1.0,3.5,240,84,0.257,-76.15,8.3,72,0.24,-64.78,6.9
AUDUSD,GBPUSD,300,3.0,1.0,3.5,480,84,0.257,-76.15,8.3,72,0.24,-64.78,6.9
AUDUSD,GBPUSD,500,1.5,0.0,3.5,240,61,0.53,-89.55,23.0,115,0.294,-119.46,7.0
AUDUSD,GBPUSD,500,1.5,0.0,3.5,480,50,0.738,-47.98,14.0,110,0.232,-118.83,3.6
AUDUSD,GBPUSD,500,1.5,0.0,5.0,240,28,0.686,-46.09,50.0,17,0.429,-64.55,47.1
AUDUSD,GBPUSD,500,1.5,0.5,3.5,240,61,0.617,-63.0,24.6,117,0.476,-88.21,6.8
AUDUSD,GBPUSD,500,1.5,0.5,3.5,480,58,0.93,-9.31,25.9,116,0.471,-89.61,6.9
AUDUSD,GBPUSD,500,1.5,0.5,5.0,240,28,0.767,-30.62,50.0,19,0.641,-40.32,42.1
AUDUSD,GBPUSD,500,1.5,0.5,5.0,480,26,1.266,27.06,57.7,17,0.515,-52.21,35.3
AUDUSD,GBPUSD,500,1.5,1.0,3.5,240,61,0.703,-45.08,26.2,118,0.714,-42.04,10.2
AUDUSD,GBPUSD,500,1.5,1.0,3.5,480,59,0.756,-34.47,23.7,117,0.734,-38.75,10.3
AUDUSD,GBPUSD,500,1.5,1.0,5.0,240,28,0.922,-9.0,57.1,19,0.942,-4.99,52.6
AUDUSD,GBPUSD,500,1.5,1.0,5.0,480,26,1.022,2.32,53.8,18,0.984,-1.35,55.6
AUDUSD,GBPUSD,500,2.0,0.0,3.5,240,54,0.374,-102.81,16.7,110,0.258,-101.13,5.5
AUDUSD,GBPUSD,500,2.0,0.0,3.5,480,47,0.553,-71.55,14.9,109,0.216,-120.6,3.7
AUDUSD,GBPUSD,500,2.0,0.5,3.5,240,54,0.5,-69.2,20.4,110,0.337,-88.89,4.5
AUDUSD,GBPUSD,500,2.0,0.5,3.5,480,53,0.89,-12.16,26.4,109,0.336,-89.34,4.6
AUDUSD,GBPUSD,500,2.0,1.0,3.5,240,54,0.648,-44.43,22.2,111,0.505,-61.88,7.2
AUDUSD,GBPUSD,500,2.0,1.0,3.5,480,54,0.735,-30.91,22.2,111,0.505,-61.88,7.2
AUDUSD,GBPUSD,500,2.5,0.0,3.5,240,47,0.33,-61.82,14.9,107,0.199,-91.49,2.8
AUDUSD,GBPUSD,500,2.5,0.0,3.5,480,44,0.267,-109.92,11.4,106,0.255,-77.85,2.8
AUDUSD,GBPUSD,500,2.5,0.5,3.5,240,48,0.424,-51.67,16.7,107,0.32,-71.84,3.7
AUDUSD,GBPUSD,500,2.5,0.5,3.5,480,48,0.663,-31.47,18.8,107,0.304,-81.86,4.7
AUDUSD,GBPUSD,500,2.5,1.0,3.5,240,48,0.49,-43.29,16.7,108,0.674,-25.01,6.5
AUDUSD,GBPUSD,500,2.5,1.0,3.5,480,48,0.545,-38.59,16.7,108,0.674,-25.01,6.5
AUDUSD,GBPUSD,500,3.0,0.0,3.5,240,41,0.144,-70.17,7.3,105,0.19,-84.83,2.9
AUDUSD,GBPUSD,500,3.0,0.0,3.5,480,41,0.296,-82.39,9.8,104,0.248,-76.63,2.9
AUDUSD,GBPUSD,500,3.0,0.5,3.5,240,41,0.382,-43.12,12.2,105,0.289,-74.49,2.9
AUDUSD,GBPUSD,500,3.0,0.5,3.5,480,41,0.38,-43.58,12.2,105,0.321,-72.67,2.9
AUDUSD,GBPUSD,500,3.0,1.0,3.5,240,41,0.406,-36.39,9.8,106,0.531,-35.81,4.7
AUDUSD,GBPUSD,500,3.0,1.0,3.5,480,41,0.406,-36.39,9.8,106,0.531,-35.81,4.7
NZDUSD,GBPUSD,200,1.5,0.0,3.5,240,160,0.585,-118.42,16.2,71,0.371,-111.84,18.3
NZDUSD,GBPUSD,200,1.5,0.0,3.5,480,140,0.435,-164.98,8.6,57,0.428,-63.13,14.0
NZDUSD,GBPUSD,200,1.5,0.0,5.0,240,44,1.201,29.03,52.3,33,0.638,-40.58,39.4
NZDUSD,GBPUSD,200,1.5,0.0,5.0,480,26,1.339,39.64,50.0,20,0.399,-52.11,30.0
NZDUSD,GBPUSD,200,1.5,0.5,3.5,240,189,0.669,-92.88,19.0,91,0.18,-184.89,16.5
NZDUSD,GBPUSD,200,1.5,0.5,3.5,480,189,0.668,-93.6,19.0,91,0.171,-194.21,15.4
NZDUSD,GBPUSD,200,1.5,0.5,5.0,240,68,0.976,-4.75,51.5,51,0.241,-124.25,27.5
NZDUSD,GBPUSD,200,1.5,0.5,5.0,480,67,0.986,-2.73,52.2,51,0.208,-148.61,25.5
NZDUSD,GBPUSD,200,1.5,1.0,3.5,240,195,0.658,-96.44,18.5,94,0.181,-191.83,14.9
NZDUSD,GBPUSD,200,1.5,1.0,3.5,480,195,0.658,-96.44,18.5,94,0.181,-191.83,14.9
NZDUSD,GBPUSD,200,1.5,1.0,5.0,240,73,0.971,-5.57,43.8,54,0.216,-146.23,24.1
NZDUSD,GBPUSD,200,1.5,1.0,5.0,480,73,0.971,-5.57,43.8,54,0.216,-146.23,24.1
NZDUSD,GBPUSD,200,2.0,0.0,3.5,240,157,0.458,-168.52,13.4,68,0.428,-79.16,17.6
NZDUSD,GBPUSD,200,2.0,0.0,3.5,480,140,0.581,-100.42,9.3,56,0.187,-104.78,8.9
NZDUSD,GBPUSD,200,2.0,0.0,5.0,240,39,0.742,-50.08,46.2,30,0.798,-16.05,36.7
NZDUSD,GBPUSD,200,2.0,0.0,5.0,480,25,0.598,-63.77,48.0,18,0.544,-27.19,33.3
NZDUSD,GBPUSD,200,2.0,0.5,3.5,240,176,0.454,-148.77,13.6,78,0.132,-167.71,12.8
NZDUSD,GBPUSD,200,2.0,0.5,3.5,480,176,0.453,-149.49,13.6,78,0.127,-173.89,12.8
NZDUSD,GBPUSD,200,2.0,0.5,5.0,240,54,0.687,-58.36,44.4,38,0.181,-111.16,21.1
NZDUSD,GBPUSD,200,2.0,0.5,5.0,480,54,0.686,-58.62,44.4,38,0.16,-128.29,21.1
NZDUSD,GBPUSD,200,2.0,1.0,3.5,240,177,0.394,-154.55,11.3,79,0.133,-157.66,12.7
NZDUSD,GBPUSD,200,2.0,1.0,3.5,480,177,0.394,-154.55,11.3,79,0.133,-157.66,12.7
NZDUSD,GBPUSD,200,2.0,1.0,5.0,240,55,0.615,-63.68,30.9,39,0.167,-112.06,20.5
NZDUSD,GBPUSD,200,2.0,1.0,5.0,480,55,0.615,-63.68,30.9,39,0.167,-112.06,20.5
NZDUSD,GBPUSD,200,2.5,0.0,3.5,240,152,0.334,-187.93,11.2,62,0.314,-91.3,12.9
NZDUSD,GBPUSD,200,2.5,0.0,3.5,480,137,0.264,-194.19,5.8,55,0.298,-79.09,10.9
NZDUSD,GBPUSD,200,2.5,0.0,5.0,240,33,0.532,-77.33,42.4,23,0.572,-32.28,34.8
NZDUSD,GBPUSD,200,2.5,0.5,3.5,240,164,0.335,-156.94,12.2,66,0.054,-156.61,7.6
NZDUSD,GBPUSD,200,2.5,0.5,3.5,480,164,0.334,-157.66,12.2,66,0.054,-158.04,7.6
NZDUSD,GBPUSD,200,2.5,0.5,5.0,240,42,0.557,-66.53,47.6,26,0.086,-99.56,19.2
NZDUSD,GBPUSD,200,2.5,0.5,5.0,480,42,0.556,-66.79,47.6,26,0.077,-112.44,19.2
NZDUSD,GBPUSD,200,2.5,1.0,3.5,240,164,0.31,-153.51,10.4,66,0.081,-125.35,6.1
NZDUSD,GBPUSD,200,2.5,1.0,3.5,480,164,0.31,-153.51,10.4,66,0.081,-125.35,6.1
NZDUSD,GBPUSD,200,2.5,1.0,5.0,240,42,0.529,-62.64,33.3,26,0.124,-79.75,15.4
NZDUSD,GBPUSD,200,2.5,1.0,5.0,480,42,0.529,-62.64,33.3,26,0.124,-79.75,15.4
NZDUSD,GBPUSD,200,3.0,0.0,3.5,240,146,0.357,-147.74,10.3,57,0.476,-51.03,15.8
NZDUSD,GBPUSD,200,3.0,0.0,3.5,480,135,0.294,-159.04,6.7,53,0.336,-60.85,11.3
NZDUSD,GBPUSD,200,3.0,0.0,5.0,240,26,0.415,-79.69,38.5,17,0.976,-1.1,41.2
NZDUSD,GBPUSD,200,3.0,0.5,3.5,240,151,0.259,-144.2,8.6,58,0.124,-95.35,10.3
NZDUSD,GBPUSD,200,3.0,0.5,3.5,480,151,0.258,-144.92,8.6,58,0.122,-96.78,10.3
NZDUSD,GBPUSD,200,3.0,0.5,5.0,240,29,0.502,-53.79,44.8,18,0.205,-46.39,22.2
NZDUSD,GBPUSD,200,3.0,0.5,5.0,480,29,0.501,-54.05,44.8,18,0.183,-53.4,22.2
NZDUSD,GBPUSD,200,3.0,1.0,3.5,240,151,0.257,-135.36,7.9,58,0.149,-69.39,12.1
NZDUSD,GBPUSD,200,3.0,1.0,3.5,480,151,0.257,-135.36,7.9,58,0.149,-69.39,12.1
NZDUSD,GBPUSD,200,3.0,1.0,5.0,240,29,0.516,-44.48,31.0,18,0.308,-26.01,27.8
NZDUSD,GBPUSD,200,3.0,1.0,5.0,480,29,0.516,-44.48,31.0,18,0.308,-26.01,27.8
NZDUSD,GBPUSD,300,1.5,0.0,3.5,240,125,0.981,-4.02,22.4,47,0.649,-43.0,27.7
NZDUSD,GBPUSD,300,1.5,0.0,3.5,480,105,0.673,-62.76,12.4,36,0.204,-69.63,11.1
NZDUSD,GBPUSD,300,1.5,0.0,5.0,240,46,1.29,46.67,56.5,24,0.798,-22.77,54.2
NZDUSD,GBPUSD,300,1.5,0.0,5.0,480,29,1.121,19.1,44.8,13,1.539,20.85,61.5
NZDUSD,GBPUSD,300,1.5,0.5,3.5,240,135,0.875,-24.84,23.0,55,0.3,-96.71,21.8
NZDUSD,GBPUSD,300,1.5,0.5,3.5,480,133,0.901,-19.34,21.8,54,0.298,-100.95,20.4
NZDUSD,GBPUSD,300,1.5,0.5,5.0,240,53,1.078,11.21,52.8,31,0.315,-88.06,35.5
NZDUSD,GBPUSD,300,1.5,0.5,5.0,480,51,1.066,9.64,51.0,30,0.315,-91.17,33.3
NZDUSD,GBPUSD,300,1.5,1.0,3.5,240,135,0.973,-4.12,25.2,55,0.342,-77.95,27.3
NZDUSD,GBPUSD,300,1.5,1.0,3.5,480,134,0.969,-4.66,24.6,54,0.337,-82.36,25.9
NZDUSD,GBPUSD,300,1.5,1.0,5.0,240,53,1.214,24.86,58.5,31,0.366,-68.34,45.2
NZDUSD,GBPUSD,300,1.5,1.0,5.0,480,52,1.21,24.32,57.7,30,0.36,-72.57,43.3
NZDUSD,GBPUSD,300,2.0,0.0,3.5,240,121,0.746,-57.98,19.0,41,0.57,-39.78,24.4
NZDUSD,GBPUSD,300,2.0,0.0,3.5,480,104,0.744,-46.3,13.5,34,0.195,-78.82,2.9
NZDUSD,GBPUSD,300,2.0,0.0,5.0,240,40,0.728,-56.09,50.0,17,0.644,-29.28,58.8
NZDUSD,GBPUSD,300,2.0,0.5,3.5,240,129,0.818,-36.05,20.2,43,0.264,-81.0,16.3
NZDUSD,GBPUSD,300,2.0,0.5,3.5,480,128,0.861,-26.84,20.3,43,0.317,-75.1,16.3
NZDUSD,GBPUSD,300,2.0,0.5,5.0,240,47,0.967,-4.91,48.9,19,0.271,-72.75,36.8
NZDUSD,GBPUSD,300,2.0,0.5,5.0,480,46,1.015,2.14,50.0,19,0.335,-65.32,36.8
NZDUSD,GBPUSD,300,2.0,1.0,3.5,240,129,0.872,-18.63,20.9,43,0.343,-68.39,18.6
NZDUSD,GBPUSD,300,2.0,1.0,3.5,480,129,0.9,-14.46,21.7,43,0.37,-65.65,18.6
NZDUSD,GBPUSD,300,2.0,1.0,5.0,240,47,1.093,10.35,51.1,19,0.37,-59.19,36.8
NZDUSD,GBPUSD,300,2.0,1.0,5.0,480,47,1.131,14.52,53.2,19,0.402,-55.87,36.8
NZDUSD,GBPUSD,300,2.5,0.0,3.5,240,112,0.725,-55.2,14.3,36,0.843,-9.14,22.2
NZDUSD,GBPUSD,300,2.5,0.0,3.5,480,102,0.592,-70.94,11.8,33,0.413,-38.88,9.1
NZDUSD,GBPUSD,300,2.5,0.0,5.0,240,31,0.651,-58.62,38.7,12,1.036,1.78,58.3
NZDUSD,GBPUSD,300,2.5,0.5,3.5,240,117,0.555,-84.93,12.8,37,0.318,-58.77,16.2
NZDUSD,GBPUSD,300,2.5,0.5,3.5,480,116,0.604,-73.93,12.9,37,0.387,-52.87,16.2
NZDUSD,GBPUSD,300,2.5,0.5,5.0,240,35,0.63,-56.06,31.4,13,0.349,-50.11,38.5
NZDUSD,GBPUSD,300,2.5,0.5,5.0,480,34,0.694,-44.95,32.4,13,0.432,-43.09,38.5
NZDUSD,GBPUSD,300,2.5,1.0,3.5,240,117,0.591,-57.03,14.5,37,0.319,-54.97,13.5
NZDUSD,GBPUSD,300,2.5,1.0,3.5,480,117,0.613,-54.01,15.4,37,0.353,-52.23,13.5
NZDUSD,GBPUSD,300,2.5,1.0,5.0,240,35,0.739,-28.05,40.0,13,0.358,-45.36,30.8
NZDUSD,GBPUSD,300,2.5,1.0,5.0,480,35,0.766,-25.03,42.9,13,0.397,-42.45,30.8
NZDUSD,GBPUSD,300,3.0,0.0,3.5,240,103,0.357,-106.0,6.8,31,0.532,-21.45,16.1
NZDUSD,GBPUSD,300,3.0,0.0,3.5,480,98,0.255,-111.06,7.1,30,0.525,-22.39,10.0
NZDUSD,GBPUSD,300,3.0,0.5,3.5,240,104,0.213,-125.06,4.8,32,0.361,-34.29,18.8
NZDUSD,GBPUSD,300,3.0,0.5,3.5,480,104,0.218,-120.94,4.8,32,0.437,-30.25,18.8
NZDUSD,GBPUSD,300,3.0,1.0,3.5,240,104,0.266,-90.9,6.7,32,0.295,-39.03,18.8
NZDUSD,GBPUSD,300,3.0,1.0,3.5,480,104,0.266,-90.9,6.7,32,0.311,-38.15,18.8
NZDUSD,GBPUSD,500,1.5,0.0,3.5,240,123,0.405,-124.85,11.4,21,0.53,-38.39,38.1
NZDUSD,GBPUSD,500,1.5,0.0,3.5,480,115,0.469,-141.85,9.6,16,0.171,-67.12,18.8
NZDUSD,GBPUSD,500,1.5,0.0,5.0,240,39,0.856,-16.03,33.3,18,0.474,-44.93,44.4
NZDUSD,GBPUSD,500,1.5,0.0,5.0,480,30,0.459,-75.77,26.7,12,0.184,-61.51,25.0
NZDUSD,GBPUSD,500,1.5,0.5,3.5,240,125,0.453,-114.62,12.8,21,0.659,-26.67,33.3
NZDUSD,GBPUSD,500,1.5,0.5,3.5,480,122,0.574,-87.32,12.3,19,0.606,-27.27,26.3
NZDUSD,GBPUSD,500,1.5,0.5,5.0,240,40,0.98,-2.01,32.5,18,0.638,-26.71,44.4
NZDUSD,GBPUSD,500,1.5,0.5,5.0,480,36,1.292,26.0,33.3,15,0.572,-27.7,33.3
NZDUSD,GBPUSD,500,1.5,1.0,3.5,240,126,0.408,-131.84,11.1,21,0.366,-58.72,23.8
NZDUSD,GBPUSD,500,1.5,1.0,3.5,480,123,0.409,-132.81,9.8,19,0.313,-65.31,21.1
NZDUSD,GBPUSD,500,1.5,1.0,5.0,240,41,0.848,-18.11,31.7,18,0.333,-58.75,33.3
NZDUSD,GBPUSD,500,1.5,1.0,5.0,480,37,0.841,-19.49,29.7,15,0.275,-65.74,26.7
NZDUSD,GBPUSD,500,2.0,0.0,3.5,240,115,0.341,-131.84,11.3,17,0.327,-53.93,29.4
NZDUSD,GBPUSD,500,2.0,0.0,3.5,480,112,0.556,-103.58,8.9,15,0.139,-75.06,20.0
NZDUSD,GBPUSD,500,2.0,0.0,5.0,240,31,0.73,-28.93,35.5,13,0.319,-51.47,38.5
NZDUSD,GBPUSD,500,2.0,0.5,3.5,240,117,0.356,-130.08,11.1,17,0.6,-24.38,29.4
NZDUSD,GBPUSD,500,2.0,0.5,3.5,480,117,0.499,-98.05,11.1,17,0.594,-26.28,35.3
NZDUSD,GBPUSD,500,2.0,0.5,5.0,240,31,0.763,-23.98,32.3,13,0.505,-27.97,38.5
NZDUSD,GBPUSD,500,2.0,0.5,5.0,480,31,1.184,15.27,38.7,13,0.557,-26.71,46.2
NZDUSD,GBPUSD,500,2.0,1.0,3.5,240,117,0.336,-130.5,11.1,17,0.393,-50.74,29.4
NZDUSD,GBPUSD,500,2.0,1.0,3.5,480,117,0.361,-130.94,11.1,17,0.322,-61.2,29.4
NZDUSD,GBPUSD,500,2.0,1.0,5.0,240,31,0.865,-12.0,38.7,13,0.271,-57.72,38.5
NZDUSD,GBPUSD,500,2.0,1.0,5.0,480,31,0.828,-17.61,38.7,13,0.281,-61.63,38.5
NZDUSD,GBPUSD,500,2.5,0.0,3.5,240,108,0.2,-134.24,6.5,14,0.45,-30.67,35.7
NZDUSD,GBPUSD,500,2.5,0.0,3.5,480,106,0.344,-133.26,4.7,13,0.054,-67.5,7.7
NZDUSD,GBPUSD,500,2.5,0.5,3.5,240,109,0.349,-104.54,8.3,14,0.753,-9.4,35.7
NZDUSD,GBPUSD,500,2.5,0.5,3.5,480,109,0.43,-89.77,7.3,14,0.728,-10.27,35.7
NZDUSD,GBPUSD,500,2.5,1.0,3.5,240,109,0.292,-113.01,7.3,14,0.425,-34.14,21.4
NZDUSD,GBPUSD,500,2.5,1.0,3.5,480,109,0.293,-117.66,6.4,14,0.356,-38.25,21.4
EURGBP,EURUSD,200,1.5,0.0,3.5,240,145,0.655,-111.9,16.6,90,0.931,-8.79,18.9
EURGBP,EURUSD,200,1.5,0.0,3.5,480,122,0.857,-31.07,13.9,77,0.647,-41.63,11.7
EURGBP,EURUSD,200,1.5,0.0,5.0,240,51,0.677,-97.21,39.2,38,0.825,-20.78,42.1
EURGBP,EURUSD,200,1.5,0.0,5.0,480,34,0.753,-41.24,38.2,26,0.166,-132.16,15.4
EURGBP,EURUSD,200,1.5,0.5,3.5,240,172,1.074,21.15,23.8,106,0.809,-28.37,24.5
EURGBP,EURUSD,200,1.5,0.5,3.5,480,172,1.106,30.41,23.8,106,0.833,-24.82,24.5
EURGBP,EURUSD,200,1.5,0.5,5.0,240,74,1.329,76.9,48.6,53,0.98,-2.56,49.1
EURGBP,EURUSD,200,1.5,0.5,5.0,480,73,1.376,87.01,49.3,53,1.008,1.0,49.1
EURGBP,EURUSD,200,1.5,1.0,3.5,240,179,0.8,-59.13,22.9,107,0.826,-25.88,20.6
EURGBP,EURUSD,200,1.5,1.0,3.5,480,179,0.8,-59.13,22.9,107,0.826,-25.88,20.6
EURGBP,EURUSD,200,1.5,1.0,5.0,240,80,0.99,-2.54,45.0,54,1.0,-0.06,44.4
EURGBP,EURUSD,200,1.5,1.0,5.0,480,80,0.99,-2.54,45.0,54,1.0,-0.06,44.4
EURGBP,EURUSD,200,2.0,0.0,3.5,240,143,0.858,-36.6,15.4,89,1.303,30.41,18.0
EURGBP,EURUSD,200,2.0,0.0,3.5,480,121,0.988,-2.73,14.9,77,0.847,-14.86,10.4
EURGBP,EURUSD,200,2.0,0.0,5.0,240,47,0.748,-56.26,38.3,36,1.334,29.1,41.7
EURGBP,EURUSD,200,2.0,0.0,5.0,480,31,0.627,-75.95,41.9,27,0.702,-28.54,25.9
EURGBP,EURUSD,200,2.0,0.5,3.5,240,165,1.109,25.94,21.8,100,1.004,0.38,22.0
EURGBP,EURUSD,200,2.0,0.5,3.5,480,165,1.109,25.94,21.8,100,1.04,4.06,22.0
EURGBP,EURUSD,200,2.0,0.5,5.0,240,67,1.447,82.24,49.3,47,1.314,26.2,44.7
EURGBP,EURUSD,200,2.0,0.5,5.0,480,66,1.455,82.55,50.0,47,1.358,29.87,44.7
EURGBP,EURUSD,200,2.0,1.0,3.5,240,167,0.843,-36.94,19.8,101,0.987,-1.31,20.8
EURGBP,EURUSD,200,2.0,1.0,3.5,480,167,0.843,-36.94,19.8,101,0.987,-1.31,20.8
EURGBP,EURUSD,200,2.0,1.0,5.0,240,68,1.109,19.66,44.1,48,1.291,24.51,45.8
EURGBP,EURUSD,200,2.0,1.0,5.0,480,68,1.109,19.66,44.1,48,1.291,24.51,45.8
EURGBP,EURUSD,200,2.5,0.0,3.5,240,137,0.769,-50.68,13.9,83,0.345,-87.75,12.0
EURGBP,EURUSD,200,2.5,0.0,3.5,480,121,1.011,2.26,14.9,76,0.894,-10.16,11.8
EURGBP,EURUSD,200,2.5,0.0,5.0,240,42,0.898,-16.42,38.1,30,0.283,-87.5,23.3
EURGBP,EURUSD,200,2.5,0.0,5.0,480,30,0.35,-174.34,30.0,26,1.08,6.96,34.6
EURGBP,EURUSD,200,2.5,0.5,3.5,240,155,0.928,-13.19,18.7,89,0.738,-21.26,18.0
EURGBP,EURUSD,200,2.5,0.5,3.5,480,155,0.928,-13.19,18.7,89,0.76,-19.41,18.0
EURGBP,EURUSD,200,2.5,0.5,5.0,240,56,1.344,43.44,46.4,36,1.072,4.56,36.1
EURGBP,EURUSD,200,2.5,0.5,5.0,480,56,1.344,43.44,46.4,36,1.102,6.41,36.1
EURGBP,EURUSD,200,2.5,1.0,3.5,240,155,0.833,-28.66,18.1,89,0.684,-26.49,16.9
EURGBP,EURUSD,200,2.5,1.0,3.5,480,155,0.833,-28.66,18.1,89,0.684,-26.49,16.9
EURGBP,EURUSD,200,2.5,1.0,5.0,240,56,1.239,27.97,44.6,36,0.99,-0.67,38.9
EURGBP,EURUSD,200,2.5,1.0,5.0,480,56,1.239,27.97,44.6,36,0.99,-0.67,38.9
EURGBP,EURUSD,200,3.0,0.0,3.5,240,128,0.841,-30.23,11.7,76,0.374,-48.41,9.2
EURGBP,EURUSD,200,3.0,0.0,3.5,480,118,0.884,-21.08,11.9,71,1.307,16.48,9.9
EURGBP,EURUSD,200,3.0,0.0,5.0,240,31,1.165,20.15,38.7,25,0.305,-42.63,24.0
EURGBP,EURUSD,200,3.0,0.0,5.0,480,25,0.81,-29.24,36.0,22,1.151,8.72,27.3
EURGBP,EURUSD,200,3.0,0.5,3.5,240,135,0.851,-21.72,11.9,78,0.655,-18.11,14.1
EURGBP,EURUSD,200,3.0,0.5,3.5,480,135,0.851,-21.72,11.9,78,0.655,-18.11,14.1
EURGBP,EURUSD,200,3.0,0.5,5.0,240,36,1.391,34.91,47.2,27,1.202,6.9,37.0
EURGBP,EURUSD,200,3.0,0.5,5.0,480,36,1.391,34.91,47.2,27,1.202,6.9,37.0
EURGBP,EURUSD,200,3.0,1.0,3.5,240,135,0.747,-35.2,12.6,78,0.592,-22.47,11.5
EURGBP,EURUSD,200,3.0,1.0,3.5,480,135,0.747,-35.2,12.6,78,0.592,-22.47,11.5
EURGBP,EURUSD,200,3.0,1.0,5.0,240,36,1.256,21.43,50.0,27,1.071,2.55,37.0
EURGBP,EURUSD,200,3.0,1.0,5.0,480,36,1.256,21.43,50.0,27,1.071,2.55,37.0
EURGBP,EURUSD,300,1.5,0.0,3.5,240,96,0.719,-71.32,21.9,83,0.818,-30.73,18.1
EURGBP,EURUSD,300,1.5,0.0,3.5,480,79,0.425,-155.12,12.7,73,1.824,83.05,16.4
EURGBP,EURUSD,300,1.5,0.0,5.0,240,39,0.753,-53.77,51.3,24,1.136,15.59,54.2
EURGBP,EURUSD,300,1.5,0.5,3.5,240,109,0.822,-41.1,26.6,88,0.729,-39.94,19.3
EURGBP,EURUSD,300,1.5,0.5,3.5,480,107,0.875,-26.52,28.0,87,0.658,-51.3,17.2
EURGBP,EURUSD,300,1.5,0.5,5.0,240,50,1.0,-0.07,52.0,28,1.154,13.51,57.1
EURGBP,EURUSD,300,1.5,0.5,5.0,480,48,1.087,14.5,56.2,27,1.111,10.05,51.9
EURGBP,EURUSD,300,1.5,1.0,3.5,240,109,0.874,-24.6,27.5,90,0.722,-34.97,21.1
EURGBP,EURUSD,300,1.5,1.0,3.5,480,107,0.931,-12.06,28.0,90,0.722,-34.97,21.1
EURGBP,EURUSD,300,1.5,1.0,5.0,240,50,1.107,16.41,52.0,30,1.396,26.36,60.0
EURGBP,EURUSD,300,1.5,1.0,5.0,480,48,1.218,28.96,54.2,30,1.396,26.36,60.0
EURGBP,EURUSD,300,2.0,0.0,3.5,240,88,1.018,3.05,23.9,79,0.566,-70.38,12.7
EURGBP,EURUSD,300,2.0,0.0,3.5,480,77,0.525,-121.04,15.6,70,1.308,30.95,12.9
EURGBP,EURUSD,300,2.0,0.0,5.0,240,30,1.386,47.31,63.3,20,0.795,-21.77,40.0
EURGBP,EURUSD,300,2.0,0.5,3.5,240,96,0.796,-35.9,24.0,82,0.369,-99.38,13.4
EURGBP,EURUSD,300,2.0,0.5,3.5,480,96,0.879,-20.79,26.0,81,0.345,-108.17,12.3
EURGBP,EURUSD,300,2.0,0.5,5.0,240,37,1.038,5.06,54.1,22,0.533,-45.81,45.5
EURGBP,EURUSD,300,2.0,0.5,5.0,480,37,1.155,20.16,59.5,21,0.557,-46.82,42.9
EURGBP,EURUSD,300,2.0,1.0,3.5,240,96,0.767,-36.86,22.9,83,0.451,-65.02,14.5
EURGBP,EURUSD,300,2.0,1.0,3.5,480,96,0.87,-19.17,25.0,83,0.451,-65.02,14.5
EURGBP,EURUSD,300,2.0,1.0,5.0,240,37,1.035,4.12,48.6,23,0.937,-3.7,47.8
EURGBP,EURUSD,300,2.0,1.0,5.0,480,37,1.2,21.81,54.1,23,0.937,-3.7,47.8
EURGBP,EURUSD,300,2.5,0.0,3.5,240,82,1.116,17.22,19.5,75,0.705,-35.17,9.3
EURGBP,EURUSD,300,2.5,0.0,3.5,480,75,0.774,-49.9,14.7,70,1.111,11.82,10.0
EURGBP,EURUSD,300,2.5,0.5,3.5,240,84,0.548,-67.29,17.9,76,0.338,-72.16,7.9
EURGBP,EURUSD,300,2.5,0.5,3.5,480,84,0.542,-68.48,16.7,76,0.322,-77.91,7.9
EURGBP,EURUSD,300,2.5,0.5,5.0,240,25,0.755,-26.31,56.0,16,0.659,-17.15,31.2
EURGBP,EURUSD,300,2.5,0.5,5.0,480,25,0.746,-27.5,52.0,16,0.704,-16.59,31.2
EURGBP,EURUSD,300,2.5,1.0,3.5,240,84,0.572,-54.37,17.9,76,0.395,-61.82,11.8
EURGBP,EURUSD,300,2.5,1.0,3.5,480,84,0.572,-54.37,17.9,76,0.395,-61.82,11.8
EURGBP,EURUSD,300,2.5,1.0,5.0,240,25,0.85,-13.36,52.0,16,0.988,-0.51,50.0
EURGBP,EURUSD,300,2.5,1.0,5.0,480,25,0.85,-13.36,52.0,16,0.988,-0.51,50.0
EURGBP,EURUSD,300,3.0,0.0,3.5,240,72,0.694,-33.7,13.9,69,0.5,-42.66,8.7
EURGBP,EURUSD,300,3.0,0.0,3.5,480,71,0.755,-37.19,14.1,68,1.157,13.55,10.3
EURGBP,EURUSD,300,3.0,0.5,3.5,240,74,0.286,-83.66,12.2,69,0.391,-48.12,8.7
EURGBP,EURUSD,300,3.0,0.5,3.5,480,74,0.286,-83.66,12.2,69,0.391,-48.12,8.7
EURGBP,EURUSD,300,3.0,1.0,3.5,240,74,0.436,-49.11,13.5,69,0.34,-50.34,8.7
EURGBP,EURUSD,300,3.0,1.0,3.5,480,74,0.436,-49.11,13.5,69,0.34,-50.34,8.7
EURGBP,EURUSD,500,1.5,0.0,3.5,240,82,0.526,-114.47,14.6,42,0.593,-36.93,21.4
EURGBP,EURUSD,500,1.5,0.0,3.5,480,70,0.704,-55.41,14.3,36,0.474,-58.87,11.1
EURGBP,EURUSD,500,1.5,0.0,5.0,240,31,0.675,-63.56,38.7,18,0.629,-31.78,50.0
EURGBP,EURUSD,500,1.5,0.5,3.5,240,86,0.514,-104.08,20.9,43,0.835,-11.94,20.9
EURGBP,EURUSD,500,1.5,0.5,3.5,480,80,0.442,-126.38,16.2,43,0.661,-31.75,20.9
EURGBP,EURUSD,500,1.5,0.5,5.0,240,34,0.61,-69.73,47.1,18,1.038,2.18,44.4
EURGBP,EURUSD,500,1.5,0.5,5.0,480,28,0.5,-99.1,39.3,18,0.775,-17.63,44.4
EURGBP,EURUSD,500,1.5,1.0,3.5,240,87,0.582,-82.29,21.8,44,0.525,-37.33,20.5
EURGBP,EURUSD,500,1.5,1.0,3.5,480,84,0.542,-95.68,21.4,44,0.464,-41.79,20.5
EURGBP,EURUSD,500,1.5,1.0,5.0,240,35,0.697,-48.87,51.4,19,0.634,-23.22,42.1
EURGBP,EURUSD,500,1.5,1.0,5.0,480,32,0.619,-68.4,53.1,19,0.558,-27.68,42.1
EURGBP,EURUSD,500,2.0,0.0,3.5,240,73,0.426,-106.63,13.7,39,0.928,-5.38,20.5
EURGBP,EURUSD,500,2.0,0.0,3.5,480,66,0.411,-115.9,10.6,35,0.455,-52.7,8.6
EURGBP,EURUSD,500,2.0,0.5,3.5,240,75,0.454,-87.63,12.0,40,1.049,3.25,22.5
EURGBP,EURUSD,500,2.0,0.5,3.5,480,72,0.587,-63.45,15.3,40,0.761,-19.29,22.5
EURGBP,EURUSD,500,2.0,1.0,3.5,240,75,0.553,-70.77,16.0,41,0.555,-31.54,19.5
EURGBP,EURUSD,500,2.0,1.0,3.5,480,73,0.513,-76.06,16.4,41,0.568,-29.94,19.5
EURGBP,EURUSD,500,2.5,0.0,3.5,240,64,0.374,-82.04,10.9,33,1.045,2.32,12.1
EURGBP,EURUSD,500,2.5,0.0,3.5,480,63,0.723,-37.27,14.3,32,0.396,-46.88,6.2
EURGBP,EURUSD,500,2.5,0.5,3.5,240,65,0.392,-73.46,13.8,33,0.665,-13.31,9.1
EURGBP,EURUSD,500,2.5,0.5,3.5,480,65,0.311,-84.44,13.8,33,0.562,-23.32,9.1
EURGBP,EURUSD,500,2.5,1.0,3.5,240,65,0.443,-66.37,12.3,34,0.418,-21.72,11.8
EURGBP,EURUSD,500,2.5,1.0,3.5,480,65,0.372,-76.59,12.3,34,0.485,-18.46,14.7
EURGBP,EURUSD,500,3.0,0.0,3.5,240,60,0.136,-101.06,10.0,28,0.2,-19.72,3.6
EURGBP,EURUSD,500,3.0,0.0,3.5,480,60,0.626,-38.79,10.0,28,0.864,-2.08,7.1
EURGBP,EURUSD,500,3.0,0.5,3.5,240,61,0.239,-60.29,13.1,28,0.0,-27.89,0.0
EURGBP,EURUSD,500,3.0,0.5,3.5,480,61,0.286,-56.5,13.1,28,0.054,-24.63,3.6
EURGBP,EURUSD,500,3.0,1.0,3.5,240,61,0.356,-49.74,11.5,28,0.0,-22.0,0.0
EURGBP,EURUSD,500,3.0,1.0,3.5,480,61,0.406,-45.82,11.5,28,0.009,-19.98,3.6
